metric	value
accuracy	0.9973839925256929
balanced_accuracy	0.9963657593862755
f1_micro	0.9973839925256929
f1_macro	0.9646156667937419
f1_weighted	0.9975057609291146
precision_micro	0.9973839925256929
precision_macro	0.9651257177419867
precision_weighted	0.9976582702497546
jaccard_micro	0.9947816363297509
jaccard_macro	0.9616156959466666
jaccard_weighted	0.9950593037248306
