method	accuracy	balanced_accuracy	f1_micro	f1_macro	f1_weighted	precision_micro	precision_macro	precision_weighted	recall_micro	recall_macro	recall_weighted	jaccard_micro	jaccard_macro	jaccard_weighted
q2vs	0.9973839925256929	0.9963657593862755	0.9973839925256929	0.9646156667937419	0.9975057609291146	0.9973839925256929	0.9651257177419867	0.9976582702497546	0.9973839925256929	0.9642249284383311	0.9973839925256929	0.9947816363297509	0.9616156959466666	0.9950593037248306
