metric	value
accuracy	0.9636873248209281
balanced_accuracy	0.8683922768646348
f1_micro	0.9636873248209281
f1_macro	0.8749246882378735
f1_weighted	0.9684397044886636
precision_micro	0.9636873248209281
precision_macro	0.8986987667675642
precision_weighted	0.976831850438953
recall_micro	0.9636873248209281
recall_macro	0.8653978207375155
recall_weighted	0.9636873248209281
jaccard_micro	0.9299194614737348
jaccard_macro	0.8467666652890172
jaccard_weighted	0.9467551940798148
