method	accuracy	balanced_accuracy	f1_micro	f1_macro	f1_weighted	precision_micro	precision_macro	precision_weighted	recall_micro	recall_macro	recall_weighted	jaccard_micro	jaccard_macro	jaccard_weighted
q2vs	0.9636873248209281	0.8683922768646348	0.9636873248209281	0.8749246882378735	0.9684397044886636	0.9636873248209281	0.8986987667675642	0.976831850438953	0.9636873248209281	0.8653978207375155	0.9636873248209281	0.9299194614737348	0.8467666652890172	0.9467551940798148
