metric	value
accuracy	0.8427281220803488
balanced_accuracy	0.5774367226727216
f1_micro	0.8427281220803488
f1_macro	0.5793242889763404
f1_weighted	0.8435589839461265
precision_micro	0.8427281220803488
precision_macro	0.602844062389349
precision_weighted	0.8611513879082627
recall_micro	0.8427281220803488
recall_macro	0.5769598963121331
recall_weighted	0.8427281220803488
jaccard_micro	0.7282023681377826
jaccard_macro	0.5490784573489761
jaccard_weighted	0.7962750002482754
