method	accuracy	balanced_accuracy	f1_micro	f1_macro	f1_weighted	precision_micro	precision_macro	precision_weighted	recall_micro	recall_macro	recall_weighted	jaccard_micro	jaccard_macro	jaccard_weighted
q2vs	0.8427281220803488	0.5774367226727216	0.8427281220803488	0.5793242889763404	0.8435589839461265	0.8427281220803488	0.602844062389349	0.8611513879082627	0.8427281220803488	0.5769598963121331	0.8427281220803488	0.7282023681377826	0.5490784573489761	0.7962750002482754
