metric	value
accuracy	0.9904702584864529
balanced_accuracy	0.9516836817091447
f1_micro	0.9904702584864529
f1_macro	0.9493612744370388
f1_weighted	0.9918176245482411
precision_micro	0.9904702584864529
precision_macro	0.9601353750595192
precision_weighted	0.9936431106904989
jaccard_micro	0.9811204343534057
jaccard_macro	0.9332053073806393
jaccard_weighted	0.9847764672294966
