method	accuracy	balanced_accuracy	f1_micro	f1_macro	f1_weighted	precision_micro	precision_macro	precision_weighted	recall_micro	recall_macro	recall_weighted	jaccard_micro	jaccard_macro	jaccard_weighted
q2vs	0.9904702584864529	0.9516836817091447	0.9904702584864529	0.9493612744370388	0.9918176245482411	0.9904702584864529	0.9601353750595192	0.9936431106904989	0.9904702584864529	0.9423534495355258	0.9904702584864529	0.9811204343534057	0.9332053073806393	0.9847764672294966
