metric	value
accuracy	0.10900031142946123
balanced_accuracy	0.0990213656759852
f1_micro	0.10900031142946123
f1_macro	0.0980694530152938
f1_weighted	0.10702764914128618
precision_micro	0.10900031142946123
precision_macro	0.09999019884810892
precision_weighted	0.11005981059262578
recall_micro	0.10900031142946123
recall_macro	0.0990083536699831
recall_weighted	0.10900031142946123
jaccard_micro	0.05764163372859025
jaccard_macro	0.0949550008004273
jaccard_weighted	0.10186951236184172
