method	accuracy	balanced_accuracy	f1_micro	f1_macro	f1_weighted	precision_micro	precision_macro	precision_weighted	recall_micro	recall_macro	recall_weighted	jaccard_micro	jaccard_macro	jaccard_weighted
q2vs	0.10900031142946123	0.0990213656759852	0.10900031142946123	0.0980694530152938	0.10702764914128618	0.10900031142946123	0.09999019884810892	0.11005981059262578	0.10900031142946123	0.0990083536699831	0.10900031142946123	0.05764163372859025	0.0949550008004273	0.10186951236184172
