method	accuracy	balanced_accuracy	f1_micro	f1_macro	f1_weighted	precision_micro	precision_macro	precision_weighted	recall_micro	recall_macro	recall_weighted	jaccard_micro	jaccard_macro	jaccard_weighted
ct2	0.9989664082687338	0.9994900738601094	0.9989664082687338	0.9995087584702426	0.9989663153730752	0.9989664082687338	0.9995298050343924	0.9989707821753906	0.9989664082687338	0.9994900738601094	0.9989664082687338	0.9979349509550852	0.9990198788945014	0.9979371904441244
