metric	value
accuracy	0.9989664082687338
balanced_accuracy	0.9994900738601094
f1_micro	0.9989664082687338
f1_macro	0.9995087584702426
f1_weighted	0.9989663153730752
precision_micro	0.9989664082687338
precision_macro	0.9995298050343924
precision_weighted	0.9989707821753906
jaccard_micro	0.9979349509550852
jaccard_macro	0.9990198788945014
jaccard_weighted	0.9979371904441244
