method	accuracy	balanced_accuracy	f1_micro	f1_macro	f1_weighted	precision_micro	precision_macro	precision_weighted	recall_micro	recall_macro	recall_weighted	jaccard_micro	jaccard_macro	jaccard_weighted
ct2	0.9126614987080104	0.7908217288121328	0.9126614987080104	0.74124526830905	0.9151438515179019	0.9126614987080104	0.7616206961191003	0.935445288590662	0.9126614987080104	0.75224505911398	0.9126614987080104	0.8393536121673004	0.7109904022972338	0.8862025589228607
