metric	value
accuracy	0.9126614987080104
balanced_accuracy	0.7908217288121328
f1_micro	0.9126614987080104
f1_macro	0.74124526830905
f1_weighted	0.9151438515179019
precision_micro	0.9126614987080104
precision_macro	0.7616206961191003
precision_weighted	0.935445288590662
recall_micro	0.9126614987080104
recall_macro	0.75224505911398
recall_weighted	0.9126614987080104
jaccard_micro	0.8393536121673004
jaccard_macro	0.7109904022972338
jaccard_weighted	0.8862025589228607
