method	accuracy	balanced_accuracy	f1_micro	f1_macro	f1_weighted	precision_micro	precision_macro	precision_weighted	recall_micro	recall_macro	recall_weighted	jaccard_micro	jaccard_macro	jaccard_weighted
ct2	0.5255813953488372	0.37548980434371254	0.5255813953488372	0.30999506296328705	0.5070317946429617	0.5255813953488372	0.3110392092646248	0.5281433364073103	0.5255813953488372	0.3425521022082992	0.5255813953488372	0.35646687697160884	0.28574177773241854	0.4646757564569742
