metric	value
accuracy	0.5255813953488372
balanced_accuracy	0.37548980434371254
f1_micro	0.5255813953488372
f1_macro	0.30999506296328705
f1_weighted	0.5070317946429617
precision_micro	0.5255813953488372
precision_macro	0.3110392092646248
precision_weighted	0.5281433364073103
jaccard_micro	0.35646687697160884
jaccard_macro	0.28574177773241854
jaccard_weighted	0.4646757564569742
