metric	value
accuracy	0.9788113695090439
balanced_accuracy	0.866411246747934
f1_micro	0.9788113695090439
f1_macro	0.8442158810002425
f1_weighted	0.9788240297016442
precision_micro	0.9788113695090439
precision_macro	0.8558494466076573
precision_weighted	0.9801360112495877
jaccard_micro	0.958502024291498
jaccard_macro	0.8278272137966499
jaccard_weighted	0.9683925150099675
