method	accuracy	balanced_accuracy	f1_micro	f1_macro	f1_weighted	precision_micro	precision_macro	precision_weighted	recall_micro	recall_macro	recall_weighted	jaccard_micro	jaccard_macro	jaccard_weighted
ct2	0.9788113695090439	0.866411246747934	0.9788113695090439	0.8442158810002425	0.9788240297016442	0.9788113695090439	0.8558494466076573	0.9801360112495877	0.9788113695090439	0.8384624968528395	0.9788113695090439	0.958502024291498	0.8278272137966499	0.9683925150099675
