metric	value
accuracy	0.9873517786561264
balanced_accuracy	0.949521560036444
f1_micro	0.9873517786561264
f1_macro	0.9100004698467747
f1_weighted	0.991715345831052
precision_micro	0.9873517786561264
precision_macro	0.92517854177047
precision_weighted	0.9968698488097981
jaccard_micro	0.9750195160031225
jaccard_macro	0.8867637188419263
jaccard_weighted	0.9846168843829206
