method	accuracy	balanced_accuracy	f1_micro	f1_macro	f1_weighted	precision_micro	precision_macro	precision_weighted	recall_micro	recall_macro	recall_weighted	jaccard_micro	jaccard_macro	jaccard_weighted
knn	0.9873517786561264	0.949521560036444	0.9873517786561264	0.9100004698467747	0.991715345831052	0.9873517786561264	0.92517854177047	0.9968698488097981	0.9873517786561264	0.8967703622566415	0.9873517786561264	0.9750195160031225	0.8867637188419263	0.9846168843829206
