method	accuracy	balanced_accuracy	f1_micro	f1_macro	f1_weighted	precision_micro	precision_macro	precision_weighted	recall_micro	recall_macro	recall_weighted	jaccard_micro	jaccard_macro	jaccard_weighted
knn	0.8513833992094861	0.5924887382549672	0.8513833992094861	0.6103976834073007	0.87491061432438	0.8513833992094861	0.6584325949661002	0.9192148319333439	0.8513833992094861	0.5884854359694605	0.8513833992094861	0.7412250516173434	0.5814620651960898	0.845643327686806
