metric	value
accuracy	0.8513833992094861
balanced_accuracy	0.5924887382549672
f1_micro	0.8513833992094861
f1_macro	0.6103976834073007
f1_weighted	0.87491061432438
precision_micro	0.8513833992094861
precision_macro	0.6584325949661002
precision_weighted	0.9192148319333439
recall_micro	0.8513833992094861
recall_macro	0.5884854359694605
recall_weighted	0.8513833992094861
jaccard_micro	0.7412250516173434
jaccard_macro	0.5814620651960898
jaccard_weighted	0.845643327686806
