metric	value
accuracy	0.4600790513833992
balanced_accuracy	0.2445731816643225
f1_micro	0.4600790513833993
f1_macro	0.251604643104542
f1_weighted	0.4957735320662859
precision_micro	0.4600790513833992
precision_macro	0.28203846153846157
precision_weighted	0.5894385324820107
jaccard_micro	0.29876796714579057
jaccard_macro	0.23559142887973872
jaccard_weighted	0.45305391128307165
