method	accuracy	balanced_accuracy	f1_micro	f1_macro	f1_weighted	precision_micro	precision_macro	precision_weighted	recall_micro	recall_macro	recall_weighted	jaccard_micro	jaccard_macro	jaccard_weighted
knn	0.4600790513833992	0.2445731816643225	0.4600790513833993	0.251604643104542	0.4957735320662859	0.4600790513833992	0.28203846153846157	0.5894385324820107	0.4600790513833992	0.24247684010719975	0.4600790513833992	0.29876796714579057	0.23559142887973872	0.45305391128307165
