method	accuracy	balanced_accuracy	f1_micro	f1_macro	f1_weighted	precision_micro	precision_macro	precision_weighted	recall_micro	recall_macro	recall_weighted	jaccard_micro	jaccard_macro	jaccard_weighted
knn	0.9478260869565217	0.7555464482732736	0.9478260869565217	0.7632406593591563	0.9607257011596989	0.9478260869565217	0.8204198159520567	0.9838087525055251	0.9478260869565217	0.7412908549096269	0.9478260869565217	0.9008264462809917	0.7315458311093028	0.9435888551908274
