metric	value
accuracy	0.9478260869565217
balanced_accuracy	0.7555464482732736
f1_micro	0.9478260869565217
f1_macro	0.7632406593591563
f1_weighted	0.9607257011596989
precision_micro	0.9478260869565217
precision_macro	0.8204198159520567
precision_weighted	0.9838087525055251
jaccard_micro	0.9008264462809917
jaccard_macro	0.7315458311093028
jaccard_weighted	0.9435888551908274
