metric	value
accuracy	0.9928853754940712
balanced_accuracy	0.9851491444035242
f1_micro	0.9928853754940712
f1_macro	0.9285281380691518
f1_weighted	0.9943844353392873
precision_micro	0.9928853754940712
precision_macro	0.9294141603677907
precision_weighted	0.9962825699153962
recall_micro	0.9928853754940712
recall_macro	0.9304186363811061
recall_weighted	0.9928853754940712
jaccard_micro	0.9858712715855573
jaccard_macro	0.9153883523044526
jaccard_weighted	0.9891679454094673
