method	accuracy	balanced_accuracy	f1_micro	f1_macro	f1_weighted	precision_micro	precision_macro	precision_weighted	recall_micro	recall_macro	recall_weighted	jaccard_micro	jaccard_macro	jaccard_weighted
nbc80	0.9936758893280633	0.9863496245956009	0.9936758893280633	0.929150929700866	0.9948186663425851	0.9936758893280633	0.9294141603677907	0.9962825699153962	0.9936758893280633	0.9315524232291786	0.9936758893280633	0.9874312647289867	0.9165221391525251	0.9899584592434595
