method	accuracy	balanced_accuracy	f1_micro	f1_macro	f1_weighted	precision_micro	precision_macro	precision_weighted	recall_micro	recall_macro	recall_weighted	jaccard_micro	jaccard_macro	jaccard_weighted
nbc80	0.9928853754940712	0.9851491444035242	0.9928853754940712	0.9285281380691518	0.9943844353392873	0.9928853754940712	0.9294141603677907	0.9962825699153962	0.9928853754940712	0.9304186363811061	0.9928853754940712	0.9858712715855573	0.9153883523044526	0.9891679454094673
