method	accuracy	balanced_accuracy	f1_micro	f1_macro	f1_weighted	precision_micro	precision_macro	precision_weighted	recall_micro	recall_macro	recall_weighted	jaccard_micro	jaccard_macro	jaccard_weighted
nbc80	0.9660079051383399	0.948013565455042	0.9660079051383399	0.930606456800299	0.9731512274885316	0.9660079051383399	0.9432280968744887	0.9868997557052241	0.9660079051383399	0.9290532941459412	0.9660079051383399	0.9342507645259939	0.9128139224065694	0.9573905659557833
