metric	value
accuracy	0.9660079051383399
balanced_accuracy	0.9475973037122496
f1_micro	0.9660079051383399
f1_macro	0.929651273421586
f1_weighted	0.9727706966034667
precision_micro	0.9660079051383399
precision_macro	0.9422939088403006
precision_weighted	0.9864624393983425
jaccard_micro	0.9342507645259939
jaccard_macro	0.9120147771074242
jaccard_weighted	0.957360161577553
