method	accuracy	balanced_accuracy	f1_micro	f1_macro	f1_weighted	precision_micro	precision_macro	precision_weighted	recall_micro	recall_macro	recall_weighted	jaccard_micro	jaccard_macro	jaccard_weighted
nbc80	0.9660079051383399	0.9475973037122496	0.9660079051383399	0.929651273421586	0.9727706966034667	0.9660079051383399	0.9422939088403006	0.9864624393983425	0.9660079051383399	0.9286453576380046	0.9660079051383399	0.9342507645259939	0.9120147771074242	0.957360161577553
