metric	value
accuracy	0.7644268774703558
balanced_accuracy	0.718890014125846
f1_micro	0.7644268774703558
f1_macro	0.662872040898821
f1_weighted	0.7822822103176231
precision_micro	0.7644268774703558
precision_macro	0.6871402267944822
precision_weighted	0.8301833818355557
jaccard_micro	0.618682021753039
jaccard_macro	0.6382368973508116
jaccard_weighted	0.7398625117645679
