method	accuracy	balanced_accuracy	f1_micro	f1_macro	f1_weighted	precision_micro	precision_macro	precision_weighted	recall_micro	recall_macro	recall_weighted	jaccard_micro	jaccard_macro	jaccard_weighted
nbc80	0.7604743083003953	0.7176881217620238	0.7604743083003953	0.6586331070080503	0.7778235409740719	0.7604743083003953	0.67976556945534	0.823157170491764	0.7604743083003953	0.6605776611443561	0.7604743083003953	0.6135204081632653	0.6347852241319163	0.7354421162258277
