method	accuracy	balanced_accuracy	f1_micro	f1_macro	f1_weighted	precision_micro	precision_macro	precision_weighted	recall_micro	recall_macro	recall_weighted	jaccard_micro	jaccard_macro	jaccard_weighted
nbc80	0.7644268774703558	0.718890014125846	0.7644268774703558	0.662872040898821	0.7822822103176231	0.7644268774703558	0.6871402267944822	0.8301833818355557	0.7644268774703558	0.6634437098448631	0.7644268774703558	0.618682021753039	0.6382368973508116	0.7398625117645679
