method	accuracy	balanced_accuracy	f1_micro	f1_macro	f1_weighted	precision_micro	precision_macro	precision_weighted	recall_micro	recall_macro	recall_weighted	jaccard_micro	jaccard_macro	jaccard_weighted
nbc80	0.9873517786561264	0.9677421163741919	0.9873517786561264	0.9378420656379367	0.9890814984147532	0.9873517786561264	0.9516940609814547	0.9926835665612235	0.9873517786561264	0.9318998157677404	0.9873517786561264	0.9750195160031225	0.9206422528353717	0.9800832650250186
