metric	value
accuracy	0.9873517786561264
balanced_accuracy	0.9677421163741919
f1_micro	0.9873517786561264
f1_macro	0.9378420656379367
f1_weighted	0.9890814984147532
precision_micro	0.9873517786561264
precision_macro	0.9516940609814547
precision_weighted	0.9926835665612235
recall_micro	0.9873517786561264
recall_macro	0.9318998157677404
recall_weighted	0.9873517786561264
jaccard_micro	0.9750195160031225
jaccard_macro	0.9206422528353717
jaccard_weighted	0.9800832650250186
