method	accuracy	balanced_accuracy	f1_micro	f1_macro	f1_weighted	precision_micro	precision_macro	precision_weighted	recall_micro	recall_macro	recall_weighted	jaccard_micro	jaccard_macro	jaccard_weighted
nbc80	0.9865612648221344	0.9674105513874545	0.9865612648221344	0.9378954755326337	0.9891144295551586	0.9865612648221344	0.9519788541609848	0.9933753233170534	0.9865612648221344	0.9315805309656968	0.9865612648221344	0.9734789391575663	0.9206647412698383	0.9800453167033175
