method	accuracy	balanced_accuracy	f1_micro	f1_macro	f1_weighted	precision_micro	precision_macro	precision_weighted	recall_micro	recall_macro	recall_weighted	jaccard_micro	jaccard_macro	jaccard_weighted
nbc80	0.0007905138339920949	0.0010799136069114472	0.0007905138339920947	0.0007993605115907274	0.0007905138339920949	0.0007905138339920949	0.0007993605115907274	0.0007905138339920949	0.0007905138339920949	0.0007993605115907274	0.0007905138339920949	0.00039541320680110717	0.0007993605115907274	0.0007905138339920949
