metric	value
accuracy	0.9778262223606353
balanced_accuracy	0.9779506098667619
f1_micro	0.9778262223606353
f1_macro	0.9811726918258907
f1_weighted	0.9824002255876225
precision_micro	0.9778262223606353
precision_macro	0.9875164257555847
precision_weighted	0.9910308315166615
jaccard_micro	0.9566144659070136
jaccard_macro	0.9778221012452287
jaccard_weighted	0.9778262223606353
