method	accuracy	balanced_accuracy	f1_micro	f1_macro	f1_weighted	precision_micro	precision_macro	precision_weighted	recall_micro	recall_macro	recall_weighted	jaccard_micro	jaccard_macro	jaccard_weighted
nbc50	0.9929024081115336	0.9937633233341019	0.9929024081115336	0.9885349760685926	0.9935522227815253	0.9929024081115336	0.9896823353787424	0.9953244440774452	0.9929024081115336	0.9889856150488417	0.9929024081115336	0.9859048577900831	0.9860590319408769	0.9891155413536304
