metric	value
accuracy	0.9929024081115336
balanced_accuracy	0.9937633233341019
f1_micro	0.9929024081115336
f1_macro	0.9885349760685926
f1_weighted	0.9935522227815253
precision_micro	0.9929024081115336
precision_macro	0.9896823353787424
precision_weighted	0.9953244440774452
jaccard_micro	0.9859048577900831
jaccard_macro	0.9860590319408769
jaccard_weighted	0.9891155413536304
