method	accuracy	balanced_accuracy	f1_micro	f1_macro	f1_weighted	precision_micro	precision_macro	precision_weighted	recall_micro	recall_macro	recall_weighted	jaccard_micro	jaccard_macro	jaccard_weighted
nbc50	0.9929024081115336	0.9937058890882617	0.9929024081115336	0.9885674211697141	0.9935222274163212	0.9929024081115336	0.9897725019985143	0.9952142721541853	0.9929024081115336	0.9889284569291836	0.9929024081115336	0.9859048577900831	0.9861089431464054	0.9890823443902754
