metric	value
accuracy	0.685171102661597
balanced_accuracy	0.7376399165243787
f1_micro	0.685171102661597
f1_macro	0.6368085301686912
f1_weighted	0.6688515709048027
precision_micro	0.685171102661597
precision_macro	0.6313592050136316
precision_weighted	0.6638119745344079
jaccard_micro	0.5211104684788895
jaccard_macro	0.6295078189192878
jaccard_weighted	0.659657630075881
