method	accuracy	balanced_accuracy	f1_micro	f1_macro	f1_weighted	precision_micro	precision_macro	precision_weighted	recall_micro	recall_macro	recall_weighted	jaccard_micro	jaccard_macro	jaccard_weighted
nbc50	0.685171102661597	0.7376399165243787	0.685171102661597	0.6368085301686912	0.6688515709048027	0.685171102661597	0.6313592050136316	0.6638119745344079	0.685171102661597	0.6519282360831656	0.685171102661597	0.5211104684788895	0.6295078189192878	0.659657630075881
