method	accuracy	balanced_accuracy	f1_micro	f1_macro	f1_weighted	precision_micro	precision_macro	precision_weighted	recall_micro	recall_macro	recall_weighted	jaccard_micro	jaccard_macro	jaccard_weighted
nbc50	0.6859315589353612	0.7381236956934167	0.6859315589353612	0.6359357300998867	0.6697870908137068	0.6859315589353612	0.6305986029254101	0.6650536507570729	0.6859315589353612	0.6510458500669344	0.6859315589353612	0.5219907407407407	0.6285248316498316	0.6604547009109747
