method	accuracy	balanced_accuracy	f1_micro	f1_macro	f1_weighted	precision_micro	precision_macro	precision_weighted	recall_micro	recall_macro	recall_weighted	jaccard_micro	jaccard_macro	jaccard_weighted
sintax80	0.9997465145754119	0.9998984771573604	0.9997465145754119	0.9614895904603655	0.9998730962423282	0.9997465145754119	0.9615384615384616	1.0	0.9997465145754119	0.9614408434205388	0.9997465145754119	0.9994931576279777	0.9614408434205388	0.9997465145754119
