metric	value
accuracy	0.9997465145754119
balanced_accuracy	0.9998984771573604
f1_micro	0.9997465145754119
f1_macro	0.9614895904603655
f1_weighted	0.9998730962423282
precision_micro	0.9997465145754119
precision_macro	0.9615384615384616
precision_weighted	1.0
recall_micro	0.9997465145754119
recall_macro	0.9614408434205388
recall_weighted	0.9997465145754119
jaccard_micro	0.9994931576279777
jaccard_macro	0.9614408434205388
jaccard_weighted	0.9997465145754119
