method	accuracy	balanced_accuracy	f1_micro	f1_macro	f1_weighted	precision_micro	precision_macro	precision_weighted	recall_micro	recall_macro	recall_weighted	jaccard_micro	jaccard_macro	jaccard_weighted
sintax80	0.9982256020278834	0.9981335968108744	0.9982256020278834	0.994873692435976	0.9989550974016784	0.9982256020278834	0.9958495649324643	0.9997476312512912	0.9982256020278834	0.9940090778157882	0.9982256020278834	0.9964574898785425	0.9939908741532113	0.9979732332791745
