method	accuracy	balanced_accuracy	f1_micro	f1_macro	f1_weighted	precision_micro	precision_macro	precision_weighted	recall_micro	recall_macro	recall_weighted	jaccard_micro	jaccard_macro	jaccard_weighted
sintax80	0.9979721166032953	0.9973037212922022	0.9979721166032953	0.9944145556132029	0.9988142721657962	0.9979721166032953	0.9958495649324643	0.9997476312512912	0.9979721166032953	0.9931826315347965	0.9979721166032953	0.9959524411839109	0.9931644278722196	0.9977197478545865
