metric	value
accuracy	0.9982256020278834
balanced_accuracy	0.9981335968108744
f1_micro	0.9982256020278834
f1_macro	0.994873692435976
f1_weighted	0.9989550974016784
precision_micro	0.9982256020278834
precision_macro	0.9958495649324643
precision_weighted	0.9997476312512912
jaccard_micro	0.9964574898785425
jaccard_macro	0.9939908741532113
jaccard_weighted	0.9979732332791745
