method	accuracy	balanced_accuracy	f1_micro	f1_macro	f1_weighted	precision_micro	precision_macro	precision_weighted	recall_micro	recall_macro	recall_weighted	jaccard_micro	jaccard_macro	jaccard_weighted
sintax80	0.9797211660329531	0.9808275441292006	0.9797211660329531	0.9830248771555482	0.9860280452183635	0.9797211660329531	0.990282778039111	0.9971657969756829	0.9797211660329531	0.9796443987201183	0.9797211660329531	0.9602484472049689	0.9795890359261137	0.9790231249637881
