method	accuracy	balanced_accuracy	f1_micro	f1_macro	f1_weighted	precision_micro	precision_macro	precision_weighted	recall_micro	recall_macro	recall_weighted	jaccard_micro	jaccard_macro	jaccard_weighted
sintax80	0.9809885931558935	0.980937851608784	0.9809885931558935	0.9819819977958191	0.9868845647333425	0.9809885931558935	0.9890587734563638	0.9969285606167735	0.9809885931558935	0.9785741459422569	0.9809885931558935	0.9626865671641791	0.9784869475154189	0.9800397955722137
