metric	value
accuracy	0.9809885931558935
balanced_accuracy	0.980937851608784
f1_micro	0.9809885931558935
f1_macro	0.9819819977958191
f1_weighted	0.9868845647333425
precision_micro	0.9809885931558935
precision_macro	0.9890587734563638
precision_weighted	0.9969285606167735
jaccard_micro	0.9626865671641791
jaccard_macro	0.9784869475154189
jaccard_weighted	0.9800397955722137
