method	accuracy	balanced_accuracy	f1_micro	f1_macro	f1_weighted	precision_micro	precision_macro	precision_weighted	recall_micro	recall_macro	recall_weighted	jaccard_micro	jaccard_macro	jaccard_weighted
sintax80	0.9992395437262357	0.9995815502007452	0.9992395437262357	0.9881378711436999	0.9994910357324963	0.9992395437262357	0.9883208687634464	0.9997476312512912	0.9992395437262357	0.9879585089193412	0.9992395437262357	0.9984802431610942	0.9879072846595318	0.9989871749775269
