metric	value
accuracy	0.9992395437262357
balanced_accuracy	0.9995815502007452
f1_micro	0.9992395437262357
f1_macro	0.9881378711436999
f1_weighted	0.9994910357324963
precision_micro	0.9992395437262357
precision_macro	0.9883208687634464
precision_weighted	0.9997476312512912
recall_micro	0.9992395437262357
recall_macro	0.9879585089193412
recall_weighted	0.9992395437262357
jaccard_micro	0.9984802431610942
jaccard_macro	0.9879072846595318
jaccard_weighted	0.9989871749775269
