method	accuracy	balanced_accuracy	f1_micro	f1_macro	f1_weighted	precision_micro	precision_macro	precision_weighted	recall_micro	recall_macro	recall_weighted	jaccard_micro	jaccard_macro	jaccard_weighted
sintax80	0.5789607097591889	0.6339167140959969	0.5789607097591889	0.5975734699379885	0.5772539079002956	0.5789607097591889	0.5978700458344567	0.5801013941698352	0.5789607097591889	0.6005886582187472	0.5789607097591889	0.4074206207634677	0.5944324615799407	0.5730882974228981
