method	accuracy	balanced_accuracy	f1_micro	f1_macro	f1_weighted	precision_micro	precision_macro	precision_weighted	recall_micro	recall_macro	recall_weighted	jaccard_micro	jaccard_macro	jaccard_weighted
sintax80	0.5774397972116603	0.6324464048567634	0.5774397972116603	0.5959299191374663	0.5756062526404732	0.5774397972116603	0.5960916442048517	0.5783269961977187	0.5774397972116603	0.5990341419586702	0.5774397972116603	0.4059158945117605	0.5928796046720576	0.5715673848753697
