metric	value
accuracy	0.5774397972116603
balanced_accuracy	0.6324464048567634
f1_micro	0.5774397972116603
f1_macro	0.5959299191374663
f1_weighted	0.5756062526404732
precision_micro	0.5774397972116603
precision_macro	0.5960916442048517
precision_weighted	0.5783269961977187
jaccard_micro	0.4059158945117605
jaccard_macro	0.5928796046720576
jaccard_weighted	0.5715673848753697
