metric	value
precision	0.8477867203219316
recall	0.8477867203219316
f1	0.8477867203219316
