metric	value
precision	0.8295878035008469
recall	0.8295878035008469
f1	0.8295878035008469
