method	precision	recall	f1
hitac_qiime	0.8295878035008469	0.8295878035008469	0.8295878035008469
