metric	value
precision	0.9606011225783089
recall	0.9606011225783089
f1	0.9606011225783089
