method	precision	recall	f1
hitac_qiime	0.9606011225783089	0.9606011225783089	0.9606011225783089
