method	precision	recall	f1
hitac_qiime	0.8477867203219316	0.8477867203219316	0.8477867203219316
