metric	value
precision	0.8038390550018457
recall	0.8038390550018457
f1	0.8038390550018457
