method	precision	recall	f1
hitac_qiime	0.8038390550018457	0.8038390550018457	0.8038390550018457
