metric	value
accuracy	0.9683794466403162
balanced_accuracy	0.9505259037236828
f1_micro	0.9683794466403162
f1_macro	0.9253500511938699
f1_weighted	0.9744490829584235
precision_micro	0.9683794466403162
precision_macro	0.9363082640033553
precision_weighted	0.9866296634786101
jaccard_micro	0.9386973180076629
jaccard_macro	0.9085625201855236
jaccard_weighted	0.9595553576857925
