method	accuracy	balanced_accuracy	f1_micro	f1_macro	f1_weighted	precision_micro	precision_macro	precision_weighted	recall_micro	recall_macro	recall_weighted	jaccard_micro	jaccard_macro	jaccard_weighted
spingo	0.9683794466403162	0.9505259037236828	0.9683794466403162	0.9253500511938699	0.9744490829584235	0.9683794466403162	0.9363082640033553	0.9866296634786101	0.9683794466403162	0.9253464095853071	0.9683794466403162	0.9386973180076629	0.9085625201855236	0.9595553576857925
