method	accuracy	balanced_accuracy	f1_micro	f1_macro	f1_weighted	precision_micro	precision_macro	precision_weighted	recall_micro	recall_macro	recall_weighted	jaccard_micro	jaccard_macro	jaccard_weighted
spingo	0.7699604743083004	0.7148188890309862	0.7699604743083005	0.64777794899217	0.7861345469118539	0.7699604743083004	0.6664813077349746	0.8322350321838813	0.7699604743083004	0.6510292768864887	0.7699604743083004	0.6259640102827764	0.6248543769762094	0.7438689329502766
