method	accuracy	balanced_accuracy	f1_micro	f1_macro	f1_weighted	precision_micro	precision_macro	precision_weighted	recall_micro	recall_macro	recall_weighted	jaccard_micro	jaccard_macro	jaccard_weighted
spingo	0.7699604743083004	0.7148188890309862	0.7699604743083005	0.6477503208667382	0.7860014077398132	0.7699604743083004	0.6660438624156395	0.8301269952932356	0.7699604743083004	0.6510292768864887	0.7699604743083004	0.6259640102827764	0.624837222257804	0.7437862648369178
