metric	value
accuracy	0.7699604743083004
balanced_accuracy	0.7148188890309862
f1_micro	0.7699604743083005
f1_macro	0.6477503208667382
f1_weighted	0.7860014077398132
precision_micro	0.7699604743083004
precision_macro	0.6660438624156395
precision_weighted	0.8301269952932356
recall_micro	0.7699604743083004
recall_macro	0.6510292768864887
recall_weighted	0.7699604743083004
jaccard_micro	0.6259640102827764
jaccard_macro	0.624837222257804
jaccard_weighted	0.7437862648369178
