method	accuracy	balanced_accuracy	f1_micro	f1_macro	f1_weighted	precision_micro	precision_macro	precision_weighted	recall_micro	recall_macro	recall_weighted	jaccard_micro	jaccard_macro	jaccard_weighted
q2blast	0.9968992248062015	0.9988132489056432	0.9968992248062015	0.9467220838265519	0.998180863518069	0.9968992248062015	0.9472049689440993	0.9994767843099491	0.9968992248062015	0.9462441305421883	0.9968992248062015	0.9938176197836167	0.9460856463032236	0.9963919114335158
