metric	value
accuracy	0.9968992248062015
balanced_accuracy	0.9988132489056432
f1_micro	0.9968992248062015
f1_macro	0.9467220838265519
f1_weighted	0.998180863518069
precision_micro	0.9968992248062015
precision_macro	0.9472049689440993
precision_weighted	0.9994767843099491
jaccard_micro	0.9938176197836167
jaccard_macro	0.9460856463032236
jaccard_weighted	0.9963919114335158
