method	accuracy	balanced_accuracy	f1_micro	f1_macro	f1_weighted	precision_micro	precision_macro	precision_weighted	recall_micro	recall_macro	recall_weighted	jaccard_micro	jaccard_macro	jaccard_weighted
q2blast	0.9136950904392764	0.8222194805140111	0.9136950904392764	0.7708815386581365	0.9190413959281697	0.9136950904392764	0.7893892130048226	0.9370667930428055	0.9136950904392764	0.7821112131718643	0.9136950904392764	0.8411037107516651	0.7417171105392006	0.8885340030862316
