metric	value
accuracy	0.9136950904392764
balanced_accuracy	0.8222194805140111
f1_micro	0.9136950904392764
f1_macro	0.7708815386581365
f1_weighted	0.9190413959281697
precision_micro	0.9136950904392764
precision_macro	0.7893892130048226
precision_weighted	0.9370667930428055
recall_micro	0.9136950904392764
recall_macro	0.7821112131718643
recall_weighted	0.9136950904392764
jaccard_micro	0.8411037107516651
jaccard_macro	0.7417171105392006
jaccard_weighted	0.8885340030862316
