method	accuracy	balanced_accuracy	f1_micro	f1_macro	f1_weighted	precision_micro	precision_macro	precision_weighted	recall_micro	recall_macro	recall_weighted	jaccard_micro	jaccard_macro	jaccard_weighted
q2blast	0.531266149870801	0.40527750462420126	0.531266149870801	0.3378522565276125	0.5168828388541958	0.531266149870801	0.3424985161745771	0.5426264690322417	0.531266149870801	0.36731033098838284	0.531266149870801	0.36171710063335677	0.31230911762019997	0.47160746547634913
