metric	value
accuracy	0.531266149870801
balanced_accuracy	0.40527750462420126
f1_micro	0.531266149870801
f1_macro	0.3378522565276125
f1_weighted	0.5168828388541958
precision_micro	0.531266149870801
precision_macro	0.3424985161745771
precision_weighted	0.5426264690322417
jaccard_micro	0.36171710063335677
jaccard_macro	0.31230911762019997
jaccard_weighted	0.47160746547634913
