method	accuracy	balanced_accuracy	f1_micro	f1_macro	f1_weighted	precision_micro	precision_macro	precision_weighted	recall_micro	recall_macro	recall_weighted	jaccard_micro	jaccard_macro	jaccard_weighted
q2blast	0.9798449612403101	0.9102063045095687	0.9798449612403101	0.8846921133082035	0.9811451268833643	0.9798449612403101	0.8906375021541196	0.9830416994657462	0.9798449612403101	0.8808448108157118	0.9798449612403101	0.9604863221884499	0.8727497199116351	0.971342982724005
