metric	value
accuracy	0.9798449612403101
balanced_accuracy	0.9102063045095687
f1_micro	0.9798449612403101
f1_macro	0.8846921133082035
f1_weighted	0.9811451268833643
precision_micro	0.9798449612403101
precision_macro	0.8906375021541196
precision_weighted	0.9830416994657462
recall_micro	0.9798449612403101
recall_macro	0.8808448108157118
recall_weighted	0.9798449612403101
jaccard_micro	0.9604863221884499
jaccard_macro	0.8727497199116351
jaccard_weighted	0.971342982724005
