method	accuracy	balanced_accuracy	f1_micro	f1_macro	f1_weighted	precision_micro	precision_macro	precision_weighted	recall_micro	recall_macro	recall_weighted	jaccard_micro	jaccard_macro	jaccard_weighted
q2blast	0.9974160206718347	0.998531571218796	0.9974160206718347	0.749448123620309	0.9987051582616037	0.9974160206718347	0.75	1.0	0.9974160206718347	0.748898678414097	0.9974160206718347	0.9948453608247423	0.748898678414097	0.9974160206718347
