metric	value
accuracy	0.9953488372093023
balanced_accuracy	0.9889890241741095
f1_micro	0.9953488372093023
f1_macro	0.9361677415801946
f1_weighted	0.9956156036828895
precision_micro	0.9953488372093023
precision_macro	0.936744762483618
precision_weighted	0.9961035111719106
recall_micro	0.9953488372093023
recall_macro	0.9369369702702091
recall_weighted	0.9953488372093023
jaccard_micro	0.9907407407407407
jaccard_macro	0.9263221446437528
jaccard_weighted	0.9914806229270531
