method	accuracy	balanced_accuracy	f1_micro	f1_macro	f1_weighted	precision_micro	precision_macro	precision_weighted	recall_micro	recall_macro	recall_weighted	jaccard_micro	jaccard_macro	jaccard_weighted
nbc50	0.9953488372093023	0.9889890241741095	0.9953488372093023	0.9361677415801946	0.9956156036828895	0.9953488372093023	0.936744762483618	0.9961035111719106	0.9953488372093023	0.9369369702702091	0.9953488372093023	0.9907407407407407	0.9263221446437528	0.9914806229270531
