method	accuracy	balanced_accuracy	f1_micro	f1_macro	f1_weighted	precision_micro	precision_macro	precision_weighted	recall_micro	recall_macro	recall_weighted	jaccard_micro	jaccard_macro	jaccard_weighted
nbc50	0.9953488372093023	0.9889890241741095	0.9953488372093023	0.9377594223951352	0.9958500372912915	0.9953488372093023	0.9396472392638038	0.9965310077519379	0.9953488372093023	0.9369369702702091	0.9953488372093023	0.9907407407407407	0.9292246214239386	0.9919081195070804
