metric	value
accuracy	0.9338501291989664
balanced_accuracy	0.8907260549345241
f1_micro	0.9338501291989664
f1_macro	0.8430686175542323
f1_weighted	0.935576665564285
precision_micro	0.9338501291989664
precision_macro	0.8565081843016776
precision_weighted	0.9535819645543554
recall_micro	0.9338501291989664
recall_macro	0.8524740157655567
recall_weighted	0.9338501291989664
jaccard_micro	0.8759088705768299
jaccard_macro	0.8168746149736285
jaccard_weighted	0.9044791711713397
