method	accuracy	balanced_accuracy	f1_micro	f1_macro	f1_weighted	precision_micro	precision_macro	precision_weighted	recall_micro	recall_macro	recall_weighted	jaccard_micro	jaccard_macro	jaccard_weighted
nbc50	0.931782945736434	0.8883003230583276	0.931782945736434	0.8408030667969675	0.9339816762047082	0.931782945736434	0.8572126374894341	0.9545899130383388	0.931782945736434	0.8501524564239209	0.931782945736434	0.872278664731495	0.8154396238851218	0.9037021660066968
