method	accuracy	balanced_accuracy	f1_micro	f1_macro	f1_weighted	precision_micro	precision_macro	precision_weighted	recall_micro	recall_macro	recall_weighted	jaccard_micro	jaccard_macro	jaccard_weighted
nbc50	0.9338501291989664	0.8907260549345241	0.9338501291989664	0.8430686175542323	0.935576665564285	0.9338501291989664	0.8565081843016776	0.9535819645543554	0.9338501291989664	0.8524740157655567	0.9338501291989664	0.8759088705768299	0.8168746149736285	0.9044791711713397
