method	accuracy	balanced_accuracy	f1_micro	f1_macro	f1_weighted	precision_micro	precision_macro	precision_weighted	recall_micro	recall_macro	recall_weighted	jaccard_micro	jaccard_macro	jaccard_weighted
nbc50	0.6180878552971576	0.5527137648590037	0.6180878552971576	0.44183024031896334	0.6112651641228457	0.6180878552971576	0.4519788342366755	0.6443221763887858	0.6180878552971576	0.4645028811744354	0.6180878552971576	0.4472700074794316	0.41428187679399675	0.5643672710777968
