metric	value
accuracy	0.6180878552971576
balanced_accuracy	0.5527137648590037
f1_micro	0.6180878552971576
f1_macro	0.44183024031896334
f1_weighted	0.6112651641228457
precision_micro	0.6180878552971576
precision_macro	0.4519788342366755
precision_weighted	0.6443221763887858
jaccard_micro	0.4472700074794316
jaccard_macro	0.41428187679399675
jaccard_weighted	0.5643672710777968
