method	accuracy	balanced_accuracy	f1_micro	f1_macro	f1_weighted	precision_micro	precision_macro	precision_weighted	recall_micro	recall_macro	recall_weighted	jaccard_micro	jaccard_macro	jaccard_weighted
nbc50	0.6134366925064599	0.550379874016079	0.6134366925064599	0.44130693547994926	0.6064780847062314	0.6134366925064599	0.4557410352104142	0.6430558741747231	0.6134366925064599	0.4625414698801795	0.6134366925064599	0.4424152068579948	0.4124736792239827	0.5591870335306123
