method	accuracy	balanced_accuracy	f1_micro	f1_macro	f1_weighted	precision_micro	precision_macro	precision_weighted	recall_micro	recall_macro	recall_weighted	jaccard_micro	jaccard_macro	jaccard_weighted
nbc50	0.979328165374677	0.9410568898260985	0.979328165374677	0.9109080909180423	0.9802464909412695	0.979328165374677	0.9153291354234486	0.9827376494356022	0.979328165374677	0.9107002159607405	0.979328165374677	0.959493670886076	0.8950837003572737	0.9675210993822358
