method	accuracy	balanced_accuracy	f1_micro	f1_macro	f1_weighted	precision_micro	precision_macro	precision_weighted	recall_micro	recall_macro	recall_weighted	jaccard_micro	jaccard_macro	jaccard_weighted
nbc50	0.9788113695090439	0.9401309639001725	0.9788113695090439	0.9113923992782739	0.9804055784412055	0.9788113695090439	0.9170079320088667	0.9834979499266248	0.9788113695090439	0.9098041586130702	0.9788113695090439	0.958502024291498	0.8958664395950215	0.9677646040076254
