metric	value
accuracy	0.979328165374677
balanced_accuracy	0.9410568898260985
f1_micro	0.979328165374677
f1_macro	0.9109080909180423
f1_weighted	0.9802464909412695
precision_micro	0.979328165374677
precision_macro	0.9153291354234486
precision_weighted	0.9827376494356022
recall_micro	0.979328165374677
recall_macro	0.9107002159607405
recall_weighted	0.979328165374677
jaccard_micro	0.959493670886076
jaccard_macro	0.8950837003572737
jaccard_weighted	0.9675210993822358
