metric	value
accuracy	0.9984496124031008
balanced_accuracy	0.9904060687193217
f1_micro	0.9984496124031008
f1_macro	0.9912243537492506
f1_weighted	0.9984345457528977
precision_micro	0.9984496124031008
precision_macro	0.9932941576222744
precision_weighted	0.9985727918457997
recall_micro	0.9984496124031008
recall_macro	0.9904060687193217
recall_weighted	0.9984496124031008
jaccard_micro	0.9969040247678018
jaccard_macro	0.9837002263415958
jaccard_weighted	0.9970224042489005
