metric	value
accuracy	0.931266149870801
balanced_accuracy	0.890229503204905
f1_micro	0.931266149870801
f1_macro	0.8543291865970905
f1_weighted	0.9391760002344215
precision_micro	0.931266149870801
precision_macro	0.8732001272075396
precision_weighted	0.9613512888962286
jaccard_micro	0.8713733075435203
jaccard_macro	0.8264106622013837
jaccard_weighted	0.9087881367066742
