method	accuracy	balanced_accuracy	f1_micro	f1_macro	f1_weighted	precision_micro	precision_macro	precision_weighted	recall_micro	recall_macro	recall_weighted	jaccard_micro	jaccard_macro	jaccard_weighted
q2sk	0.931266149870801	0.890229503204905	0.931266149870801	0.8543291865970905	0.9391760002344215	0.931266149870801	0.8732001272075396	0.9613512888962286	0.931266149870801	0.8572580401232418	0.931266149870801	0.8713733075435203	0.8264106622013837	0.9087881367066742
