method	accuracy	balanced_accuracy	f1_micro	f1_macro	f1_weighted	precision_micro	precision_macro	precision_weighted	recall_micro	recall_macro	recall_weighted	jaccard_micro	jaccard_macro	jaccard_weighted
q2sk	0.592764857881137	0.5362968186392116	0.592764857881137	0.43226508301784994	0.5927308786900366	0.592764857881137	0.4491691024650233	0.6476528229548814	0.592764857881137	0.45253443520063297	0.592764857881137	0.421226588321704	0.4055601943090484	0.5452345605010455
