metric	value
accuracy	0.592764857881137
balanced_accuracy	0.5362968186392116
f1_micro	0.592764857881137
f1_macro	0.43226508301784994
f1_weighted	0.5927308786900366
precision_micro	0.592764857881137
precision_macro	0.4491691024650233
precision_weighted	0.6476528229548814
recall_micro	0.592764857881137
recall_macro	0.45253443520063297
recall_weighted	0.592764857881137
jaccard_micro	0.421226588321704
jaccard_macro	0.4055601943090484
jaccard_weighted	0.5452345605010455
