metric	value
accuracy	0.9808785529715762
balanced_accuracy	0.9378204888073309
f1_micro	0.9808785529715762
f1_macro	0.9113048878803041
f1_weighted	0.98275496576347
precision_micro	0.9808785529715762
precision_macro	0.9193065338621509
precision_weighted	0.9858950594318672
recall_micro	0.9808785529715762
recall_macro	0.9075682149748364
recall_weighted	0.9808785529715762
jaccard_micro	0.962474645030426
jaccard_macro	0.8959043884149885
jaccard_weighted	0.9721586473615432
