method	accuracy	balanced_accuracy	f1_micro	f1_macro	f1_weighted	precision_micro	precision_macro	precision_weighted	recall_micro	recall_macro	recall_weighted	jaccard_micro	jaccard_macro	jaccard_weighted
q2sk	0.9808785529715762	0.9378204888073309	0.9808785529715762	0.9113048878803041	0.98275496576347	0.9808785529715762	0.9193065338621509	0.9858950594318672	0.9808785529715762	0.9075682149748364	0.9808785529715762	0.962474645030426	0.8959043884149885	0.9721586473615432
