method	accuracy	balanced_accuracy	f1_micro	f1_macro	f1_weighted	precision_micro	precision_macro	precision_weighted	recall_micro	recall_macro	recall_weighted	jaccard_micro	jaccard_macro	jaccard_weighted
ct2	0.996958174904943	0.9815585669185585	0.996958174904943	0.9486537070946537	0.9971850404925846	0.996958174904943	0.9562100945712179	0.9974881885895946	0.996958174904943	0.9438063143447679	0.996958174904943	0.9939347990902199	0.9386665544391918	0.9944847431024109
