metric	value
accuracy	0.996958174904943
balanced_accuracy	0.9815585669185585
f1_micro	0.996958174904943
f1_macro	0.9486537070946537
f1_weighted	0.9971850404925846
precision_micro	0.996958174904943
precision_macro	0.9562100945712179
precision_weighted	0.9974881885895946
recall_micro	0.996958174904943
recall_macro	0.9438063143447679
recall_weighted	0.996958174904943
jaccard_micro	0.9939347990902199
jaccard_macro	0.9386665544391918
jaccard_weighted	0.9944847431024109
