metric	value
accuracy	0.938149556400507
balanced_accuracy	0.7739783477415855
f1_micro	0.938149556400507
f1_macro	0.7801997726484474
f1_weighted	0.9443823206247941
precision_micro	0.938149556400507
precision_macro	0.8225836249190118
precision_weighted	0.9599994159940007
recall_micro	0.938149556400507
recall_macro	0.7644622205152545
recall_weighted	0.938149556400507
jaccard_micro	0.8835044163284793
jaccard_macro	0.7377637420855192
jaccard_weighted	0.9157553677258964
