method	accuracy	balanced_accuracy	f1_micro	f1_macro	f1_weighted	precision_micro	precision_macro	precision_weighted	recall_micro	recall_macro	recall_weighted	jaccard_micro	jaccard_macro	jaccard_weighted
ct2	0.938149556400507	0.7739783477415855	0.938149556400507	0.7801997726484474	0.9443823206247941	0.938149556400507	0.8225836249190118	0.9599994159940007	0.938149556400507	0.7644622205152545	0.938149556400507	0.8835044163284793	0.7377637420855192	0.9157553677258964
