metric	value
accuracy	0.7708491761723701
balanced_accuracy	0.47321410932553587
f1_micro	0.7708491761723701
f1_macro	0.4665726510488409
f1_weighted	0.7690975412106628
precision_micro	0.7708491761723701
precision_macro	0.487931187623916
precision_weighted	0.792079641752736
recall_micro	0.7708491761723701
recall_macro	0.46700987189695314
recall_weighted	0.7708491761723701
jaccard_micro	0.6271396164157558
jaccard_macro	0.4371850387833835
jaccard_weighted	0.7201914135803421
