method	accuracy	balanced_accuracy	f1_micro	f1_macro	f1_weighted	precision_micro	precision_macro	precision_weighted	recall_micro	recall_macro	recall_weighted	jaccard_micro	jaccard_macro	jaccard_weighted
ct2	0.7708491761723701	0.47321410932553587	0.7708491761723701	0.4665726510488409	0.7690975412106628	0.7708491761723701	0.487931187623916	0.792079641752736	0.7708491761723701	0.46700987189695314	0.7708491761723701	0.6271396164157558	0.4371850387833835	0.7201914135803421
