method	accuracy	balanced_accuracy	f1_micro	f1_macro	f1_weighted	precision_micro	precision_macro	precision_weighted	recall_micro	recall_macro	recall_weighted	jaccard_micro	jaccard_macro	jaccard_weighted
ct2	0.9845373891001268	0.8942290274671052	0.9845373891001268	0.8831263403274987	0.9858937979281168	0.9845373891001268	0.9103608483636878	0.9887165126392853	0.9845373891001268	0.8736720383299302	0.9845373891001268	0.9695456814777833	0.855378083855566	0.9757897883898392
