metric	value
accuracy	0.9845373891001268
balanced_accuracy	0.8942290274671052
f1_micro	0.9845373891001268
f1_macro	0.8831263403274987
f1_weighted	0.9858937979281168
precision_micro	0.9845373891001268
precision_macro	0.9103608483636878
precision_weighted	0.9887165126392853
recall_micro	0.9845373891001268
recall_macro	0.8736720383299302
recall_weighted	0.9845373891001268
jaccard_micro	0.9695456814777833
jaccard_macro	0.855378083855566
jaccard_weighted	0.9757897883898392
