metric	value
accuracy	0.029404309252217996
balanced_accuracy	0.032441661923733635
f1_micro	0.029404309252217996
f1_macro	0.03179255918827508
f1_weighted	0.029049429657794675
precision_micro	0.029404309252217996
precision_macro	0.0316140548665915
precision_weighted	0.028855090832277143
recall_micro	0.029404309252217996
recall_macro	0.032130777903043965
recall_weighted	0.029404309252217996
jaccard_micro	0.014921533316182145
jaccard_macro	0.0316140548665915
jaccard_weighted	0.028855090832277143
