method	accuracy	balanced_accuracy	f1_micro	f1_macro	f1_weighted	precision_micro	precision_macro	precision_weighted	recall_micro	recall_macro	recall_weighted	jaccard_micro	jaccard_macro	jaccard_weighted
ct2	0.029404309252217996	0.032441661923733635	0.029404309252217996	0.03179255918827508	0.029049429657794675	0.029404309252217996	0.0316140548665915	0.028855090832277143	0.029404309252217996	0.032130777903043965	0.029404309252217996	0.014921533316182145	0.0316140548665915	0.028855090832277143
