method	precision	recall	f1
btop	0.7933037983876825	0.7933037983876825	0.7933037983876825
