metric	value
precision	0.8419624007238363
recall	0.8419624007238363
f1	0.8419624007238363
