method	precision	recall	f1
btop	0.9598784194528875	0.9598784194528875	0.9598784194528875
