method	precision	recall	f1
btop	0.8255223037831734	0.8255223037831734	0.8255223037831734
