method	precision	recall	f1
btop	0.8471901075701217	0.8471901075701217	0.8471901075701218
