metric	value
precision	0.8471901075701217
recall	0.8471901075701217
f1	0.8471901075701218
