metric	value
precision	0.8561773645628464
recall	0.8561773645628464
f1	0.8561773645628464
