metric	value
precision	0.9598784194528875
recall	0.9598784194528875
f1	0.9598784194528875
