method	precision	recall	f1
btop	0.9999911990424558	0.9999911990424558	0.9999911990424558
