metric	value
precision	0.9999911990424558
recall	0.9999911990424558
f1	0.9999911990424558
