metric	value
precision	0.8571428571428571
recall	0.8571428571428571
f1	0.8571428571428571
