metric	value
precision	0.7933037983876825
recall	0.7933037983876825
f1	0.7933037983876825
