metric	value
precision	0.8255223037831734
recall	0.8255223037831734
f1	0.8255223037831734
