metric	value
precision	0.8250705815923207
recall	0.8250705815923207
f1	0.8250705815923207
