method	accuracy	balanced_accuracy	f1_micro	f1_macro	f1_weighted	precision_micro	precision_macro	precision_weighted	recall_micro	recall_macro	recall_weighted	jaccard_micro	jaccard_macro	jaccard_weighted
sintax80	0.9997508564310184	0.9995870685655551	0.9997508564310184	0.9963337769385665	0.9998696464133476	0.9997508564310184	0.996551724137931	1.0	0.9997508564310184	0.9961402166049842	0.9997508564310184	0.9995018369761505	0.9961402166049842	0.9997508564310184
