metric	value
accuracy	0.9997508564310184
balanced_accuracy	0.9995870685655551
f1_micro	0.9997508564310184
f1_macro	0.9963337769385665
f1_weighted	0.9998696464133476
precision_micro	0.9997508564310184
precision_macro	0.996551724137931
precision_weighted	1.0
recall_micro	0.9997508564310184
recall_macro	0.9961402166049842
recall_weighted	0.9997508564310184
jaccard_micro	0.9995018369761505
jaccard_macro	0.9961402166049842
jaccard_weighted	0.9997508564310184
