method	accuracy	balanced_accuracy	f1_micro	f1_macro	f1_weighted	precision_micro	precision_macro	precision_weighted	recall_micro	recall_macro	recall_weighted	jaccard_micro	jaccard_macro	jaccard_weighted
sintax80	0.9973839925256929	0.9952328391041726	0.9973839925256929	0.9957104200631126	0.9985035190443056	0.9973839925256929	0.9975227085053675	0.9998754282155092	0.9973839925256929	0.9944110118216754	0.9973839925256929	0.9947816363297509	0.9944110118216754	0.9973839925256929
