method	accuracy	balanced_accuracy	f1_micro	f1_macro	f1_weighted	precision_micro	precision_macro	precision_weighted	recall_micro	recall_macro	recall_weighted	jaccard_micro	jaccard_macro	jaccard_weighted
sintax80	0.9976331360946745	0.9953022007166898	0.9976331360946745	0.995773880965011	0.9986478835699704	0.9976331360946745	0.9975227085053675	0.9998754282155092	0.9976331360946745	0.9944803161578817	0.9976331360946745	0.9952774498229043	0.9944803161578817	0.9976331360946745
