metric	value
accuracy	0.9973839925256929
balanced_accuracy	0.9952328391041726
f1_micro	0.9973839925256929
f1_macro	0.9957104200631126
f1_weighted	0.9985035190443056
precision_micro	0.9973839925256929
precision_macro	0.9975227085053675
precision_weighted	0.9998754282155092
recall_micro	0.9973839925256929
recall_macro	0.9944110118216754
recall_weighted	0.9973839925256929
jaccard_micro	0.9947816363297509
jaccard_macro	0.9944110118216754
jaccard_weighted	0.9973839925256929
