method	accuracy	balanced_accuracy	f1_micro	f1_macro	f1_weighted	precision_micro	precision_macro	precision_weighted	recall_micro	recall_macro	recall_weighted	jaccard_micro	jaccard_macro	jaccard_weighted
sintax80	0.8617876051074431	0.8512806993389198	0.8617876051074431	0.863925643765251	0.8782472469183591	0.8617876051074431	0.8909833552343408	0.9140734973528496	0.8617876051074431	0.8511688359093089	0.8617876051074431	0.7571412936412389	0.8510940596124565	0.8616465720514304
