metric	value
accuracy	0.8620367486764248
balanced_accuracy	0.8511076064893912
f1_micro	0.8620367486764248
f1_macro	0.8629674418054982
f1_weighted	0.8775463947601165
precision_micro	0.8620367486764248
precision_macro	0.8883442838370565
precision_weighted	0.9110993459981315
jaccard_micro	0.7575259989053093
jaccard_macro	0.8509037815739524
jaccard_weighted	0.8618934911242604
