method	accuracy	balanced_accuracy	f1_micro	f1_macro	f1_weighted	precision_micro	precision_macro	precision_weighted	recall_micro	recall_macro	recall_weighted	jaccard_micro	jaccard_macro	jaccard_weighted
sintax80	0.8620367486764248	0.8511076064893912	0.8620367486764248	0.8629674418054982	0.8775463947601165	0.8620367486764248	0.8883442838370565	0.9110993459981315	0.8620367486764248	0.850995765805227	0.8620367486764248	0.7575259989053093	0.8509037815739524	0.8618934911242604
