metric	value
accuracy	0.9998131423232638
balanced_accuracy	0.9997258423394787
f1_micro	0.9998131423232638
f1_macro	0.9990216152392757
f1_weighted	0.9999008151994632
precision_micro	0.9998131423232638
precision_macro	0.9991742361684558
precision_weighted	1.0
jaccard_micro	0.9996263544650641
jaccard_macro	0.9989003048974148
jaccard_weighted	0.9998131423232638
