method	accuracy	balanced_accuracy	f1_micro	f1_macro	f1_weighted	precision_micro	precision_macro	precision_weighted	recall_micro	recall_macro	recall_weighted	jaccard_micro	jaccard_macro	jaccard_weighted
spingo	0.9998131423232638	0.9997258423394787	0.9998131423232638	0.9990216152392757	0.9999008151994632	0.9998131423232638	0.9991742361684558	1.0	0.9998131423232638	0.9989003048974148	0.9998131423232638	0.9996263544650641	0.9989003048974148	0.9998131423232638
