method	accuracy	balanced_accuracy	f1_micro	f1_macro	f1_weighted	precision_micro	precision_macro	precision_weighted	recall_micro	recall_macro	recall_weighted	jaccard_micro	jaccard_macro	jaccard_weighted
spingo	0.9677359078168795	0.9643410998253946	0.9677359078168795	0.9700876700532726	0.9752305054349497	0.9677359078168795	0.9816031537450722	0.9897228277795079	0.9677359078168795	0.9642143795757461	0.9677359078168795	0.9374886864176672	0.9642143795757461	0.9677359078168795
