method	accuracy	balanced_accuracy	f1_micro	f1_macro	f1_weighted	precision_micro	precision_macro	precision_weighted	recall_micro	recall_macro	recall_weighted	jaccard_micro	jaccard_macro	jaccard_weighted
spingo	0.967673621924634	0.9642972920538961	0.967673621924634	0.9700713438477216	0.9752110646867641	0.967673621924634	0.9816031537450722	0.9897228277795079	0.967673621924634	0.9641705775608536	0.967673621924634	0.9373717871364788	0.9641705775608536	0.967673621924634
