metric	value
accuracy	0.9677359078168795
balanced_accuracy	0.9643410998253946
f1_micro	0.9677359078168795
f1_macro	0.9700876700532726
f1_weighted	0.9752305054349497
precision_micro	0.9677359078168795
precision_macro	0.9816031537450722
precision_weighted	0.9897228277795079
recall_micro	0.9677359078168795
recall_macro	0.9642143795757461
recall_weighted	0.9677359078168795
jaccard_micro	0.9374886864176672
jaccard_macro	0.9642143795757461
jaccard_weighted	0.9677359078168795
