method	accuracy	balanced_accuracy	f1_micro	f1_macro	f1_weighted	precision_micro	precision_macro	precision_weighted	recall_micro	recall_macro	recall_weighted	jaccard_micro	jaccard_macro	jaccard_weighted
sintax50	0.9952569169960475	0.9887505849797547	0.9952569169960475	0.930357588487312	0.9956599889114749	0.9952569169960475	0.9294141603677907	0.9962825699153962	0.9952569169960475	0.9338199969253238	0.9952569169960475	0.990558615263572	0.9187897128486703	0.9915394869114437
