metric	value
accuracy	0.9952569169960475
balanced_accuracy	0.9887505849797547
f1_micro	0.9952569169960475
f1_macro	0.930357588487312
f1_weighted	0.9956599889114749
precision_micro	0.9952569169960475
precision_macro	0.9294141603677907
precision_weighted	0.9962825699153962
jaccard_micro	0.990558615263572
jaccard_macro	0.9187897128486703
jaccard_weighted	0.9915394869114437
