method	accuracy	balanced_accuracy	f1_micro	f1_macro	f1_weighted	precision_micro	precision_macro	precision_weighted	recall_micro	recall_macro	recall_weighted	jaccard_micro	jaccard_macro	jaccard_weighted
sintax50	0.9731225296442688	0.9575110152286024	0.9731225296442688	0.9327708253688527	0.9773627929687443	0.9731225296442688	0.944351875440135	0.987428530030545	0.9731225296442688	0.932146485023871	0.9731225296442688	0.947652040030793	0.9168341115989149	0.962816365452729
