method	accuracy	balanced_accuracy	f1_micro	f1_macro	f1_weighted	precision_micro	precision_macro	precision_weighted	recall_micro	recall_macro	recall_weighted	jaccard_micro	jaccard_macro	jaccard_weighted
sintax50	0.9731225296442688	0.9556436015964828	0.9731225296442688	0.9301299939207448	0.9773618230068182	0.9731225296442688	0.9385361018097919	0.9864296080039552	0.9731225296442688	0.9303285393025362	0.9731225296442688	0.947652040030793	0.915802531829509	0.9641281761716544
