metric	value
accuracy	0.9731225296442688
balanced_accuracy	0.9556436015964828
f1_micro	0.9731225296442688
f1_macro	0.9301299939207448
f1_weighted	0.9773618230068182
precision_micro	0.9731225296442688
precision_macro	0.9385361018097919
precision_weighted	0.9864296080039552
recall_micro	0.9731225296442688
recall_macro	0.9303285393025362
recall_weighted	0.9731225296442688
jaccard_micro	0.947652040030793
jaccard_macro	0.915802531829509
jaccard_weighted	0.9641281761716544
