method	accuracy	balanced_accuracy	f1_micro	f1_macro	f1_weighted	precision_micro	precision_macro	precision_weighted	recall_micro	recall_macro	recall_weighted	jaccard_micro	jaccard_macro	jaccard_weighted
sintax50	0.792094861660079	0.7381544125102486	0.792094861660079	0.6569827198463107	0.7993630794424363	0.792094861660079	0.6705645720046723	0.8314147142502528	0.792094861660079	0.6670301592215006	0.792094861660079	0.6557591623036649	0.6348760161378811	0.7605724384499291
