method	accuracy	balanced_accuracy	f1_micro	f1_macro	f1_weighted	precision_micro	precision_macro	precision_weighted	recall_micro	recall_macro	recall_weighted	jaccard_micro	jaccard_macro	jaccard_weighted
sintax50	0.7960474308300395	0.7391368198353286	0.7960474308300395	0.6618930433968301	0.8027704177509603	0.7960474308300395	0.6759209698457805	0.8345753528947627	0.7960474308300395	0.6714148599027724	0.7960474308300395	0.6611950098489823	0.6392967104109893	0.7642977610937672
