metric	value
accuracy	0.792094861660079
balanced_accuracy	0.7381544125102486
f1_micro	0.792094861660079
f1_macro	0.6569827198463107
f1_weighted	0.7993630794424363
precision_micro	0.792094861660079
precision_macro	0.6705645720046723
precision_weighted	0.8314147142502528
jaccard_micro	0.6557591623036649
jaccard_macro	0.6348760161378811
jaccard_weighted	0.7605724384499291
