method	accuracy	balanced_accuracy	f1_micro	f1_macro	f1_weighted	precision_micro	precision_macro	precision_weighted	recall_micro	recall_macro	recall_weighted	jaccard_micro	jaccard_macro	jaccard_weighted
sintax50	0.9897233201581027	0.9712036548357303	0.9897233201581027	0.9402222660494365	0.9909525185219195	0.9897233201581027	0.9519788541609848	0.9933753233170534	0.9897233201581027	0.9352331491010737	0.9897233201581027	0.9796557120500783	0.9243173594052152	0.9832073720392859
