metric	value
accuracy	0.9897233201581027
balanced_accuracy	0.9712036548357303
f1_micro	0.9897233201581027
f1_macro	0.9402222660494365
f1_weighted	0.9909525185219195
precision_micro	0.9897233201581027
precision_macro	0.9519788541609848
precision_weighted	0.9933753233170534
recall_micro	0.9897233201581027
recall_macro	0.9352331491010737
recall_weighted	0.9897233201581027
jaccard_micro	0.9796557120500783
jaccard_macro	0.9243173594052152
jaccard_weighted	0.9832073720392859
