method	accuracy	balanced_accuracy	f1_micro	f1_macro	f1_weighted	precision_micro	precision_macro	precision_weighted	recall_micro	recall_macro	recall_weighted	jaccard_micro	jaccard_macro	jaccard_weighted
sintax50	0.0015810276679841897	0.0021598272138228943	0.0015810276679841895	0.0015290519877675841	0.0015810276679841897	0.0015810276679841897	0.0015290519877675841	0.0015810276679841897	0.0015810276679841897	0.0015290519877675841	0.0015810276679841897	0.0007911392405063291	0.0015290519877675841	0.0015810276679841897
