metric	value
accuracy	0.996958174904943
balanced_accuracy	0.9816850980848847
f1_micro	0.996958174904943
f1_macro	0.9497576204214699
f1_weighted	0.9975636058950568
precision_micro	0.996958174904943
precision_macro	0.9583442736832452
precision_weighted	0.9982491053292379
recall_micro	0.996958174904943
recall_macro	0.9439279789277737
recall_weighted	0.996958174904943
jaccard_micro	0.9939347990902199
jaccard_macro	0.9407354240213485
jaccard_weighted	0.9952127764133724
