method	accuracy	balanced_accuracy	f1_micro	f1_macro	f1_weighted	precision_micro	precision_macro	precision_weighted	recall_micro	recall_macro	recall_weighted	jaccard_micro	jaccard_macro	jaccard_weighted
q2blast	0.996958174904943	0.9816850980848847	0.996958174904943	0.9497576204214699	0.9975636058950568	0.996958174904943	0.9583442736832452	0.9982491053292379	0.996958174904943	0.9439279789277737	0.996958174904943	0.9939347990902199	0.9407354240213485	0.9952127764133724
