metric	value
accuracy	0.9556400506970849
balanced_accuracy	0.8496252714604431
f1_micro	0.9556400506970849
f1_macro	0.8518586510577676
f1_weighted	0.9608617503132278
precision_micro	0.9556400506970849
precision_macro	0.8783960053179837
precision_weighted	0.9727921396312709
recall_micro	0.9556400506970849
recall_macro	0.8426324708722913
recall_weighted	0.9556400506970849
jaccard_micro	0.9150485436893204
jaccard_macro	0.8184909919451242
jaccard_weighted	0.9374744377894118
