method	accuracy	balanced_accuracy	f1_micro	f1_macro	f1_weighted	precision_micro	precision_macro	precision_weighted	recall_micro	recall_macro	recall_weighted	jaccard_micro	jaccard_macro	jaccard_weighted
q2blast	0.9556400506970849	0.8496252714604431	0.9556400506970849	0.8518586510577676	0.9608617503132278	0.9556400506970849	0.8783960053179837	0.9727921396312709	0.9556400506970849	0.8426324708722913	0.9556400506970849	0.9150485436893204	0.8184909919451242	0.9374744377894118
