metric	value
accuracy	0.8015209125475286
balanced_accuracy	0.5587463733843511
f1_micro	0.8015209125475287
f1_macro	0.5512981357467981
f1_weighted	0.7987975079515537
precision_micro	0.8015209125475286
precision_macro	0.5688727345895034
precision_weighted	0.8151711706362702
recall_micro	0.8015209125475286
recall_macro	0.55406227205059
recall_weighted	0.8015209125475286
jaccard_micro	0.6687817258883249
jaccard_macro	0.5188931294499382
jaccard_weighted	0.7496151471703247
