method	accuracy	balanced_accuracy	f1_micro	f1_macro	f1_weighted	precision_micro	precision_macro	precision_weighted	recall_micro	recall_macro	recall_weighted	jaccard_micro	jaccard_macro	jaccard_weighted
q2blast	0.8015209125475286	0.5587463733843511	0.8015209125475287	0.5512981357467981	0.7987975079515537	0.8015209125475286	0.5688727345895034	0.8151711706362702	0.8015209125475286	0.55406227205059	0.8015209125475286	0.6687817258883249	0.5188931294499382	0.7496151471703247
