metric	value
accuracy	0.9891001267427123
balanced_accuracy	0.9570813787539071
f1_micro	0.9891001267427123
f1_macro	0.9515205239701736
f1_weighted	0.9902223982761587
precision_micro	0.9891001267427123
precision_macro	0.9621505657517125
precision_weighted	0.9919438395148641
jaccard_micro	0.9784353059177533
jaccard_macro	0.9335465463556462
jaccard_weighted	0.9821445452572917
