method	accuracy	balanced_accuracy	f1_micro	f1_macro	f1_weighted	precision_micro	precision_macro	precision_weighted	recall_micro	recall_macro	recall_weighted	jaccard_micro	jaccard_macro	jaccard_weighted
q2blast	0.9891001267427123	0.9570813787539071	0.9891001267427123	0.9515205239701736	0.9902223982761587	0.9891001267427123	0.9621505657517125	0.9919438395148641	0.9891001267427123	0.9459525255125826	0.9891001267427123	0.9784353059177533	0.9335465463556462	0.9821445452572917
