method	accuracy	balanced_accuracy	f1_micro	f1_macro	f1_weighted	precision_micro	precision_macro	precision_weighted	recall_micro	recall_macro	recall_weighted	jaccard_micro	jaccard_macro	jaccard_weighted
q2blast	0.9989860583016477	0.9996140873785393	0.9989860583016477	0.8331724499892449	0.9994927432319146	0.9989860583016477	0.8333333333333334	1.0	0.9989860583016477	0.833011739482116	0.9989860583016477	0.9979741706761205	0.833011739482116	0.9989860583016477
