metric	value
accuracy	0.9989860583016477
balanced_accuracy	0.9996140873785393
f1_micro	0.9989860583016477
f1_macro	0.8331724499892449
f1_weighted	0.9994927432319146
precision_micro	0.9989860583016477
precision_macro	0.8333333333333334
precision_weighted	1.0
jaccard_micro	0.9979741706761205
jaccard_macro	0.833011739482116
jaccard_weighted	0.9989860583016477
