method	accuracy	balanced_accuracy	f1_micro	f1_macro	f1_weighted	precision_micro	precision_macro	precision_weighted	recall_micro	recall_macro	recall_weighted	jaccard_micro	jaccard_macro	jaccard_weighted
q2blast	0.05754119138149556	0.064314171883893	0.05754119138149556	0.06220229756234239	0.05652724968314322	0.05754119138149556	0.06168861492481554	0.05606252640473173	0.05754119138149556	0.0633230596805828	0.05754119138149556	0.029622863108443167	0.06168861492481554	0.05606252640473173
