metric	value
accuracy	0.05754119138149556
balanced_accuracy	0.064314171883893
f1_micro	0.05754119138149556
f1_macro	0.06220229756234239
f1_weighted	0.05652724968314322
precision_micro	0.05754119138149556
precision_macro	0.06168861492481554
precision_weighted	0.05606252640473173
jaccard_micro	0.029622863108443167
jaccard_macro	0.06168861492481554
jaccard_weighted	0.05606252640473173
