method	precision	recall	f1
spingo	1.0	0.42393557859144904	0.5954420761237025
