metric	value
precision	0.7914201183431953
recall	0.26911468812877265
f1	0.4016516516516516
