metric	value
precision	0.7594250067805804
recall	0.20671834625322996
f1	0.32497678737233054
