metric	value
precision	0.7609823590453131
recall	0.2484472049689441
f1	0.3745956070151541
