method	precision	recall	f1
spingo	0.7617728531855956	0.2484472049689441	0.37469130545857104
