method	precision	recall	f1
spingo	0.7591537835638731	0.20664451827242525	0.3248607242339833
