method	precision	recall	f1
spingo	0.7594250067805804	0.20671834625322996	0.32497678737233054
