method	precision	recall	f1
spingo	0.7914201183431953	0.26911468812877265	0.4016516516516516
