metric	value
precision	1.0
recall	0.42393557859144904
f1	0.5954420761237025
