method	precision	recall	f1
spingo	0.7609823590453131	0.2484472049689441	0.3745956070151541
