method	precision	recall	f1
spingo	0.9502913328477786	0.37798298026434907	0.5408430270214254
