method	precision	recall	f1
spingo	0.7908284023668639	0.26891348088531186	0.4013513513513514
