metric	value
precision	0.9505599562960939
recall	0.3780554046713743
f1	0.5409606715373854
