method	precision	recall	f1
spingo	0.9505599562960939	0.3780554046713743	0.5409606715373854
