method	precision	recall	f1
spingo	1.0	0.4239266806068426	0.5954332991726448
