method	accuracy	balanced_accuracy	f1_micro	f1_macro	f1_weighted	precision_micro	precision_macro	precision_weighted	recall_micro	recall_macro	recall_weighted	jaccard_micro	jaccard_macro	jaccard_weighted
rdp50	0.9992957746478873	0.9996072270227807	0.9992957746478873	0.9993884560999953	0.999297228414576	0.9992957746478873	0.9991776315789473	0.999306778169014	0.9992957746478873	0.9996072270227807	0.9992957746478873	0.9985925404644617	0.998784858601728	0.9986025528169014
