method	accuracy	balanced_accuracy	f1_micro	f1_macro	f1_weighted	precision_micro	precision_macro	precision_weighted	recall_micro	recall_macro	recall_weighted	jaccard_micro	jaccard_macro	jaccard_weighted
rdp50	0.9049295774647887	0.8881645898609012	0.9049295774647887	0.8421251889885424	0.9024677002819584	0.9049295774647887	0.8512398047803219	0.914100652959165	0.9049295774647887	0.8459826304479825	0.9049295774647887	0.8263665594855305	0.8249300409553862	0.868946452268063
