metric	value
accuracy	0.9049295774647887
balanced_accuracy	0.8881645898609012
f1_micro	0.9049295774647887
f1_macro	0.8421251889885424
f1_weighted	0.9024677002819584
precision_micro	0.9049295774647887
precision_macro	0.8512398047803219
precision_weighted	0.914100652959165
recall_micro	0.9049295774647887
recall_macro	0.8459826304479825
recall_weighted	0.9049295774647887
jaccard_micro	0.8263665594855305
jaccard_macro	0.8249300409553862
jaccard_weighted	0.868946452268063
