method	accuracy	balanced_accuracy	f1_micro	f1_macro	f1_weighted	precision_micro	precision_macro	precision_weighted	recall_micro	recall_macro	recall_weighted	jaccard_micro	jaccard_macro	jaccard_weighted
rdp50	0.9943661971830986	0.9834287764069847	0.9943661971830986	0.9767456807557059	0.9951168134229661	0.9943661971830986	0.9824553284230704	0.9968708425074849	0.9943661971830986	0.9834287764069847	0.9943661971830986	0.988795518207283	0.9658841048300549	0.9912370396905835
