method	accuracy	balanced_accuracy	f1_micro	f1_macro	f1_weighted	precision_micro	precision_macro	precision_weighted	recall_micro	recall_macro	recall_weighted	jaccard_micro	jaccard_macro	jaccard_weighted
ktop	0.9960474308300395	0.9899510651718314	0.9960474308300395	0.9857035675149666	0.9960676400531018	0.9960474308300395	0.984085581565896	0.996282569915396	0.9960474308300395	0.9899510651718314	0.9960474308300395	0.9921259842519685	0.9740366467377274	0.9923300007454355
