metric	value
accuracy	0.9960474308300395
balanced_accuracy	0.9899510651718314
f1_micro	0.9960474308300395
f1_macro	0.9857035675149666
f1_weighted	0.9960676400531018
precision_micro	0.9960474308300395
precision_macro	0.984085581565896
precision_weighted	0.996282569915396
jaccard_micro	0.9921259842519685
jaccard_macro	0.9740366467377274
jaccard_weighted	0.9923300007454355
