method	accuracy	balanced_accuracy	f1_micro	f1_macro	f1_weighted	precision_micro	precision_macro	precision_weighted	recall_micro	recall_macro	recall_weighted	jaccard_micro	jaccard_macro	jaccard_weighted
ktop	0.9778656126482214	0.9610330589667324	0.9778656126482214	0.925860270944222	0.9792299978964053	0.9778656126482214	0.9332394496668099	0.9857247646883357	0.9778656126482214	0.9294201293954581	0.9778656126482214	0.9566898685228151	0.9092377350354324	0.9657017409468001
