metric	value
accuracy	0.9778656126482214
balanced_accuracy	0.9610330589667324
f1_micro	0.9778656126482214
f1_macro	0.925860270944222
f1_weighted	0.9792299978964053
precision_micro	0.9778656126482214
precision_macro	0.9332394496668099
precision_weighted	0.9857247646883357
jaccard_micro	0.9566898685228151
jaccard_macro	0.9092377350354324
jaccard_weighted	0.9657017409468001
