method	accuracy	balanced_accuracy	f1_micro	f1_macro	f1_weighted	precision_micro	precision_macro	precision_weighted	recall_micro	recall_macro	recall_weighted	jaccard_micro	jaccard_macro	jaccard_weighted
ktop	0.807905138339921	0.7565878654071347	0.807905138339921	0.6423952230712932	0.8104290556796999	0.807905138339921	0.6542210982320041	0.8417979299392117	0.807905138339921	0.6579849355796386	0.807905138339921	0.6777188328912467	0.6195138703300749	0.7696096429014456
