metric	value
accuracy	0.807905138339921
balanced_accuracy	0.7565878654071347
f1_micro	0.807905138339921
f1_macro	0.6423952230712932
f1_weighted	0.8104290556796999
precision_micro	0.807905138339921
precision_macro	0.6542210982320041
precision_weighted	0.8417979299392117
recall_micro	0.807905138339921
recall_macro	0.6579849355796386
recall_weighted	0.807905138339921
jaccard_micro	0.6777188328912467
jaccard_macro	0.6195138703300749
jaccard_weighted	0.7696096429014456
