metric	value
accuracy	0.9905138339920949
balanced_accuracy	0.9719728856049611
f1_micro	0.9905138339920949
f1_macro	0.9580192134442012
f1_weighted	0.9905863812161999
precision_micro	0.9905138339920949
precision_macro	0.9693017297909003
precision_weighted	0.9918760468885599
jaccard_micro	0.9812059514487079
jaccard_macro	0.941873037020871
jaccard_weighted	0.9824986094447845
