method	accuracy	balanced_accuracy	f1_micro	f1_macro	f1_weighted	precision_micro	precision_macro	precision_weighted	recall_micro	recall_macro	recall_weighted	jaccard_micro	jaccard_macro	jaccard_weighted
ktop	0.9905138339920949	0.9719728856049611	0.9905138339920949	0.9580192134442012	0.9905863812161999	0.9905138339920949	0.9693017297909003	0.9918760468885599	0.9905138339920949	0.9536337745558109	0.9905138339920949	0.9812059514487079	0.941873037020871	0.9824986094447845
