method	accuracy	balanced_accuracy	f1_micro	f1_macro	f1_weighted	precision_micro	precision_macro	precision_weighted	recall_micro	recall_macro	recall_weighted	jaccard_micro	jaccard_macro	jaccard_weighted
ktop	0.0023715415019762848	0.0032397408207343412	0.0023715415019762848	0.0016390083999180496	0.002108036890645586	0.0023715415019762848	0.0015365703749231714	0.001976284584980237	0.0023715415019762848	0.0018438844499078057	0.0023715415019762848	0.001187178472497032	0.0015365703749231714	0.001976284584980237
