metric	value
accuracy	0.0023715415019762848
balanced_accuracy	0.0032397408207343412
f1_micro	0.0023715415019762848
f1_macro	0.0016390083999180496
f1_weighted	0.002108036890645586
precision_micro	0.0023715415019762848
precision_macro	0.0015365703749231714
precision_weighted	0.001976284584980237
jaccard_micro	0.001187178472497032
jaccard_macro	0.0015365703749231714
jaccard_weighted	0.001976284584980237
