method	accuracy	balanced_accuracy	f1_micro	f1_macro	f1_weighted	precision_micro	precision_macro	precision_weighted	recall_micro	recall_macro	recall_weighted	jaccard_micro	jaccard_macro	jaccard_weighted
rdp50	0.9958656330749354	0.9892909565412593	0.9958656330749354	0.9883300992906427	0.99587754905046	0.9958656330749354	0.9887861381771521	0.9961035111719106	0.9958656330749354	0.9892909565412593	0.9958656330749354	0.9917653113741637	0.97808641838	0.9919974187926861
