metric	value
accuracy	0.9958656330749354
balanced_accuracy	0.9892909565412593
f1_micro	0.9958656330749354
f1_macro	0.9883300992906427
f1_weighted	0.99587754905046
precision_micro	0.9958656330749354
precision_macro	0.9887861381771521
precision_weighted	0.9961035111719106
recall_micro	0.9958656330749354
recall_macro	0.9892909565412593
recall_weighted	0.9958656330749354
jaccard_micro	0.9917653113741637
jaccard_macro	0.97808641838
jaccard_weighted	0.9919974187926861
