metric	value
accuracy	0.9322997416020672
balanced_accuracy	0.8884605794685841
f1_micro	0.9322997416020672
f1_macro	0.8401019051416143
f1_weighted	0.9330729732374693
precision_micro	0.9322997416020672
precision_macro	0.8526445444106759
precision_weighted	0.9512037829733332
jaccard_micro	0.8731848983543078
jaccard_macro	0.8134275128461961
jaccard_weighted	0.9012742374726219
