method	accuracy	balanced_accuracy	f1_micro	f1_macro	f1_weighted	precision_micro	precision_macro	precision_weighted	recall_micro	recall_macro	recall_weighted	jaccard_micro	jaccard_macro	jaccard_weighted
rdp50	0.9322997416020672	0.8884605794685841	0.9322997416020672	0.8401019051416143	0.9330729732374693	0.9322997416020672	0.8526445444106759	0.9512037829733332	0.9322997416020672	0.85030583065705	0.9322997416020672	0.8731848983543078	0.8134275128461961	0.9012742374726219
