metric	value
accuracy	0.6108527131782946
balanced_accuracy	0.548339480386239
f1_micro	0.6108527131782946
f1_macro	0.44107929494230763
f1_weighted	0.6059163230847752
precision_micro	0.6108527131782946
precision_macro	0.45411463329559915
precision_weighted	0.6436740780489195
jaccard_micro	0.43973214285714285
jaccard_macro	0.41234307011625965
jaccard_weighted	0.5569864986031625
