method	accuracy	balanced_accuracy	f1_micro	f1_macro	f1_weighted	precision_micro	precision_macro	precision_weighted	recall_micro	recall_macro	recall_weighted	jaccard_micro	jaccard_macro	jaccard_weighted
rdp50	0.6108527131782946	0.548339480386239	0.6108527131782946	0.44107929494230763	0.6059163230847752	0.6108527131782946	0.45411463329559915	0.6436740780489195	0.6108527131782946	0.46269619440299276	0.6108527131782946	0.43973214285714285	0.41234307011625965	0.5569864986031625
