method	accuracy	balanced_accuracy	f1_micro	f1_macro	f1_weighted	precision_micro	precision_macro	precision_weighted	recall_micro	recall_macro	recall_weighted	jaccard_micro	jaccard_macro	jaccard_weighted
rdp50	0.979328165374677	0.9403502621457867	0.979328165374677	0.9106588044121752	0.9802348591485892	0.979328165374677	0.9154978353963846	0.9826038193848338	0.979328165374677	0.910016382721729	0.979328165374677	0.959493670886076	0.894571024068107	0.9673955825442128
