metric	value
accuracy	0.979328165374677
balanced_accuracy	0.9403502621457867
f1_micro	0.979328165374677
f1_macro	0.9106588044121752
f1_weighted	0.9802348591485892
precision_micro	0.979328165374677
precision_macro	0.9154978353963846
precision_weighted	0.9826038193848338
recall_micro	0.979328165374677
recall_macro	0.910016382721729
recall_weighted	0.979328165374677
jaccard_micro	0.959493670886076
jaccard_macro	0.894571024068107
jaccard_weighted	0.9673955825442128
