metric	value
accuracy	0.9944565555901588
balanced_accuracy	0.9947549581009958
f1_micro	0.9944565555901588
f1_macro	0.9937384106354288
f1_weighted	0.9939478605106319
precision_micro	0.9944565555901588
precision_macro	0.9945359272669038
precision_weighted	0.9953905435717956
jaccard_micro	0.9889742319127849
jaccard_macro	0.9913720674267396
jaccard_weighted	0.9911249980511893
