method	accuracy	balanced_accuracy	f1_micro	f1_macro	f1_weighted	precision_micro	precision_macro	precision_weighted	recall_micro	recall_macro	recall_weighted	jaccard_micro	jaccard_macro	jaccard_weighted
ktop	0.9944565555901588	0.9947549581009958	0.9944565555901588	0.9937384106354288	0.9939478605106319	0.9944565555901588	0.9945359272669038	0.9953905435717956	0.9944565555901588	0.9947549581009958	0.9944565555901588	0.9889742319127849	0.9913720674267396	0.9911249980511893
