method	accuracy	balanced_accuracy	f1_micro	f1_macro	f1_weighted	precision_micro	precision_macro	precision_weighted	recall_micro	recall_macro	recall_weighted	jaccard_micro	jaccard_macro	jaccard_weighted
sintax50	0.9989860583016477	0.9986891217469455	0.9989860583016477	0.9951642396885547	0.9993452675558514	0.9989860583016477	0.9958495649324643	0.9997476312512912	0.9989860583016477	0.9945623071942721	0.9989860583016477	0.9979741706761205	0.9945441035316951	0.9987336895529388
