metric	value
accuracy	0.9989860583016477
balanced_accuracy	0.9986891217469455
f1_micro	0.9989860583016477
f1_macro	0.9951642396885547
f1_weighted	0.9993452675558514
precision_micro	0.9989860583016477
precision_macro	0.9958495649324643
precision_weighted	0.9997476312512912
recall_micro	0.9989860583016477
recall_macro	0.9945623071942721
recall_weighted	0.9989860583016477
jaccard_micro	0.9979741706761205
jaccard_macro	0.9945441035316951
jaccard_weighted	0.9987336895529388
