metric	value
accuracy	0.9921419518377693
balanced_accuracy	0.9935193119278894
f1_micro	0.9921419518377693
f1_macro	0.9889624412782623
f1_weighted	0.9938045695616556
precision_micro	0.9921419518377693
precision_macro	0.9904470488454863
precision_weighted	0.9966072786034764
jaccard_micro	0.9844064386317908
jaccard_macro	0.9864342682125818
jaccard_weighted	0.9894339763271177
