method	accuracy	balanced_accuracy	f1_micro	f1_macro	f1_weighted	precision_micro	precision_macro	precision_weighted	recall_micro	recall_macro	recall_weighted	jaccard_micro	jaccard_macro	jaccard_weighted
sintax50	0.9921419518377693	0.9935193119278894	0.9921419518377693	0.9889624412782623	0.9938045695616556	0.9921419518377693	0.9904470488454863	0.9966072786034764	0.9921419518377693	0.98874277677439	0.9921419518377693	0.9844064386317908	0.9864342682125818	0.9894339763271177
