method	accuracy	balanced_accuracy	f1_micro	f1_macro	f1_weighted	precision_micro	precision_macro	precision_weighted	recall_micro	recall_macro	recall_weighted	jaccard_micro	jaccard_macro	jaccard_weighted
sintax50	0.9921419518377693	0.9934598404010266	0.9921419518377693	0.9889337383201162	0.9938555383948952	0.9921419518377693	0.990522169037794	0.996892449706138	0.9921419518377693	0.9886835911683295	0.9921419518377693	0.9844064386317908	0.9864277985309476	0.989634096399161
