method	accuracy	balanced_accuracy	f1_micro	f1_macro	f1_weighted	precision_micro	precision_macro	precision_weighted	recall_micro	recall_macro	recall_weighted	jaccard_micro	jaccard_macro	jaccard_weighted
sintax50	0.9994930291508238	0.9996503496503496	0.9994930291508238	0.9881719705776493	0.9996181501242986	0.9994930291508238	0.9883208687634464	0.9997476312512912	0.9994930291508238	0.9880265083753456	0.9994930291508238	0.9989865720800608	0.9879752841155361	0.999240660402115
