metric	value
accuracy	0.9994930291508238
balanced_accuracy	0.9996503496503496
f1_micro	0.9994930291508238
f1_macro	0.9881719705776493
f1_weighted	0.9996181501242986
precision_micro	0.9994930291508238
precision_macro	0.9883208687634464
precision_weighted	0.9997476312512912
recall_micro	0.9994930291508238
recall_macro	0.9880265083753456
recall_weighted	0.9994930291508238
jaccard_micro	0.9989865720800608
jaccard_macro	0.9879752841155361
jaccard_weighted	0.999240660402115
