method	accuracy	balanced_accuracy	f1_micro	f1_macro	f1_weighted	precision_micro	precision_macro	precision_weighted	recall_micro	recall_macro	recall_weighted	jaccard_micro	jaccard_macro	jaccard_weighted
sintax50	0.682382762991128	0.7334234490608993	0.682382762991128	0.6511195538381996	0.6726474061074822	0.682382762991128	0.6480275772786673	0.6712625988291387	0.682382762991128	0.6610028212362145	0.682382762991128	0.5178914967295114	0.6451422220593803	0.6650310821413483
