metric	value
accuracy	0.6818757921419518
balanced_accuracy	0.7329017264276227
f1_micro	0.6818757921419518
f1_macro	0.6519174107877573
f1_weighted	0.6728566321722216
precision_micro	0.6818757921419518
precision_macro	0.6491460358212605
precision_weighted	0.6719753757016116
recall_micro	0.6818757921419518
recall_macro	0.6612109542148052
recall_weighted	0.6818757921419518
jaccard_micro	0.5173076923076924
jaccard_macro	0.6460437679564764
jaccard_weighted	0.6652368881646449
