method	accuracy	balanced_accuracy	f1_micro	f1_macro	f1_weighted	precision_micro	precision_macro	precision_weighted	recall_micro	recall_macro	recall_weighted	jaccard_micro	jaccard_macro	jaccard_weighted
sintax50	0.6818757921419518	0.7329017264276227	0.6818757921419518	0.6519174107877573	0.6728566321722216	0.6818757921419518	0.6491460358212605	0.6719753757016116	0.6818757921419518	0.6612109542148052	0.6818757921419518	0.5173076923076924	0.6460437679564764	0.6652368881646449
