method	precision	recall	f1
nbc80	0.9377236936292055	0.773717238833518	0.8478621414991303
