metric	value
precision	0.9220265441551813
recall	0.8159232072275551
f1	0.8657360254029117
