metric	value
precision	0.973702834581145
recall	0.9466232120224516
f1	0.9599720906320003
