method	precision	recall	f1
nbc80	0.9220061864781264	0.8396378269617706	0.8788963774220724
