method	precision	recall	f1
nbc80	0.9219767590346061	0.8153585544889893	0.8653961404770467
