method	precision	recall	f1
nbc80	0.9737400826908035	0.9466594242259642	0.9600088134846315
