metric	value
precision	0.9384684281236005
recall	0.7735695828719085
f1	0.8480777013354917
