method	precision	recall	f1
nbc80	0.973702834581145	0.9466232120224516	0.9599720906320003
