method	precision	recall	f1
nbc80	0.9384684281236005	0.7735695828719085	0.8480777013354917
