method	precision	recall	f1
nbc80	0.9220265441551813	0.8159232072275551	0.8657360254029117
