metric	value
precision	0.9220061864781264
recall	0.8396378269617706
f1	0.8788963774220724
