method	precision	recall	f1
nbc80	0.921912966644577	0.8397384305835011	0.8789091291986945
