metric	value
accuracy	0.9985915492957746
balanced_accuracy	0.9987718051347274
f1_micro	0.9985915492957746
f1_macro	0.9490190832887462
f1_weighted	0.9989423431977633
precision_micro	0.9985915492957746
precision_macro	0.9492063492063492
precision_weighted	0.9992957746478873
jaccard_micro	0.9971870604781997
jaccard_macro	0.9480643656716417
jaccard_weighted	0.9979093309859155
