metric	value
accuracy	0.9866197183098592
balanced_accuracy	0.9523859613971816
f1_micro	0.9866197183098592
f1_macro	0.9344185141338789
f1_weighted	0.9865719729793547
precision_micro	0.9866197183098592
precision_macro	0.9384269600518561
precision_weighted	0.9894747512387592
recall_micro	0.9866197183098592
recall_macro	0.9402536561564532
recall_weighted	0.9866197183098592
jaccard_micro	0.9735927727588604
jaccard_macro	0.9235699095052461
jaccard_weighted	0.9798168035526424
