method	accuracy	balanced_accuracy	f1_micro	f1_macro	f1_weighted	precision_micro	precision_macro	precision_weighted	recall_micro	recall_macro	recall_weighted	jaccard_micro	jaccard_macro	jaccard_weighted
ct1	0.9866197183098592	0.9523859613971816	0.9866197183098592	0.9344185141338789	0.9865719729793547	0.9866197183098592	0.9384269600518561	0.9894747512387592	0.9866197183098592	0.9402536561564532	0.9866197183098592	0.9735927727588604	0.9235699095052461	0.9798168035526424
