method	accuracy	balanced_accuracy	f1_micro	f1_macro	f1_weighted	precision_micro	precision_macro	precision_weighted	recall_micro	recall_macro	recall_weighted	jaccard_micro	jaccard_macro	jaccard_weighted
ct1	0.8788732394366198	0.8070384104725846	0.8788732394366198	0.7399421948165783	0.8723855701422016	0.8788732394366198	0.747776036355297	0.8841174716149988	0.8788732394366198	0.7470278620015463	0.8788732394366198	0.7839195979899497	0.720675523331113	0.8354652082716139
