metric	value
accuracy	0.8788732394366198
balanced_accuracy	0.8070384104725846
f1_micro	0.8788732394366198
f1_macro	0.7399421948165783
f1_weighted	0.8723855701422016
precision_micro	0.8788732394366198
precision_macro	0.747776036355297
precision_weighted	0.8841174716149988
recall_micro	0.8788732394366198
recall_macro	0.7470278620015463
recall_weighted	0.8788732394366198
jaccard_micro	0.7839195979899497
jaccard_macro	0.720675523331113
jaccard_weighted	0.8354652082716139
