method	accuracy	balanced_accuracy	f1_micro	f1_macro	f1_weighted	precision_micro	precision_macro	precision_weighted	recall_micro	recall_macro	recall_weighted	jaccard_micro	jaccard_macro	jaccard_weighted
ct1	0.9922535211267606	0.9797985588878783	0.9922535211267606	0.9569300613619086	0.9933650892931571	0.9922535211267606	0.9623314745628784	0.9956413983295603	0.9922535211267606	0.9644892064052552	0.9922535211267606	0.9846261355695318	0.9424456809681336	0.9878949194563209
