metric	value
accuracy	0.9922535211267606
balanced_accuracy	0.9797985588878783
f1_micro	0.9922535211267606
f1_macro	0.9569300613619086
f1_weighted	0.9933650892931571
precision_micro	0.9922535211267606
precision_macro	0.9623314745628784
precision_weighted	0.9956413983295603
jaccard_micro	0.9846261355695318
jaccard_macro	0.9424456809681336
jaccard_weighted	0.9878949194563209
