method	accuracy	balanced_accuracy	f1_micro	f1_macro	f1_weighted	precision_micro	precision_macro	precision_weighted	recall_micro	recall_macro	recall_weighted	jaccard_micro	jaccard_macro	jaccard_weighted
ct1	0.005633802816901409	0.007597340930674264	0.005633802816901409	0.004294992667085691	0.004812206572769952	0.005633802816901409	0.003980724910957469	0.004460093896713615	0.005633802816901409	0.00502828409805154	0.005633802816901409	0.002824858757062147	0.003980724910957469	0.004460093896713615
