method	accuracy	balanced_accuracy	f1_micro	f1_macro	f1_weighted	precision_micro	precision_macro	precision_weighted	recall_micro	recall_macro	recall_weighted	jaccard_micro	jaccard_macro	jaccard_weighted
ct1	0.9993148551853005	0.9996839977265091	0.9993148551853005	0.9996760268166636	0.9993147661948791	0.9993148551853005	0.99966829240571	0.9993150236785209	0.9993148551853005	0.9996839977265091	0.9993148551853005	0.9986306485746297	0.9993535951900243	0.9986322744673005
