metric	value
accuracy	0.9993148551853005
balanced_accuracy	0.9996839977265091
f1_micro	0.9993148551853005
f1_macro	0.9996760268166636
f1_weighted	0.9993147661948791
precision_micro	0.9993148551853005
precision_macro	0.99966829240571
precision_weighted	0.9993150236785209
recall_micro	0.9993148551853005
recall_macro	0.9996839977265091
recall_weighted	0.9993148551853005
jaccard_micro	0.9986306485746297
jaccard_macro	0.9993535951900243
jaccard_weighted	0.9986322744673005
