method	accuracy	balanced_accuracy	f1_micro	f1_macro	f1_weighted	precision_micro	precision_macro	precision_weighted	recall_micro	recall_macro	recall_weighted	jaccard_micro	jaccard_macro	jaccard_weighted
ct1	0.9947056991591404	0.9438569183020887	0.9947056991591404	0.9409699490470566	0.994518187485574	0.9947056991591404	0.9423341467415265	0.994496670257604	0.9947056991591404	0.9406022392734609	0.9947056991591404	0.9894671623296158	0.934743827418788	0.990193844861795
