metric	value
accuracy	0.9947056991591404
balanced_accuracy	0.9438569183020887
f1_micro	0.9947056991591404
f1_macro	0.9409699490470566
f1_weighted	0.994518187485574
precision_micro	0.9947056991591404
precision_macro	0.9423341467415265
precision_weighted	0.994496670257604
recall_micro	0.9947056991591404
recall_macro	0.9406022392734609
recall_weighted	0.9947056991591404
jaccard_micro	0.9894671623296158
jaccard_macro	0.934743827418788
jaccard_weighted	0.990193844861795
