metric	value
accuracy	0.9815633758953597
balanced_accuracy	0.8935435083213964
f1_micro	0.9815633758953597
f1_macro	0.8893967406911331
f1_weighted	0.9794732193561115
precision_micro	0.9815633758953597
precision_macro	0.8901766191181435
precision_weighted	0.9788129944389269
jaccard_micro	0.9637942633478075
jaccard_macro	0.8758988842621034
jaccard_weighted	0.9682834454195948
