method	accuracy	balanced_accuracy	f1_micro	f1_macro	f1_weighted	precision_micro	precision_macro	precision_weighted	recall_micro	recall_macro	recall_weighted	jaccard_micro	jaccard_macro	jaccard_weighted
ct1	0.9815633758953597	0.8935435083213964	0.9815633758953597	0.8893967406911331	0.9794732193561115	0.9815633758953597	0.8901766191181435	0.9788129944389269	0.9815633758953597	0.8928056524103135	0.9815633758953597	0.9637942633478075	0.8758988842621034	0.9682834454195948
