metric	value
accuracy	0.9979445655559016
balanced_accuracy	0.9649578073289635
f1_micro	0.9979445655559016
f1_macro	0.9554820892661702
f1_weighted	0.9978823099365
precision_micro	0.9979445655559016
precision_macro	0.955886533417932
precision_weighted	0.9978524176703397
recall_micro	0.9979445655559016
recall_macro	0.9554974366688755
recall_weighted	0.9979445655559016
jaccard_micro	0.9958975634012929
jaccard_macro	0.9506991707050036
jaccard_weighted	0.996001834868488
