method	accuracy	balanced_accuracy	f1_micro	f1_macro	f1_weighted	precision_micro	precision_macro	precision_weighted	recall_micro	recall_macro	recall_weighted	jaccard_micro	jaccard_macro	jaccard_weighted
ct1	0.9979445655559016	0.9649578073289635	0.9979445655559016	0.9554820892661702	0.9978823099365	0.9979445655559016	0.955886533417932	0.9978524176703397	0.9979445655559016	0.9554974366688755	0.9979445655559016	0.9958975634012929	0.9506991707050036	0.996001834868488
