method	accuracy	balanced_accuracy	f1_micro	f1_macro	f1_weighted	precision_micro	precision_macro	precision_weighted	recall_micro	recall_macro	recall_weighted	jaccard_micro	jaccard_macro	jaccard_weighted
ct1	0.8265337900965432	0.7033162483024489	0.8265337900965432	0.68458216920648	0.8039484257273558	0.8265337900965432	0.6833458014117123	0.8016783405134963	0.8265337900965432	0.7032238282961015	0.8265337900965432	0.7043524416135881	0.6578188241769707	0.7714254593611255
