metric	value
accuracy	0.8265337900965432
balanced_accuracy	0.7033162483024489
f1_micro	0.8265337900965432
f1_macro	0.68458216920648
f1_weighted	0.8039484257273558
precision_micro	0.8265337900965432
precision_macro	0.6833458014117123
precision_weighted	0.8016783405134963
jaccard_micro	0.7043524416135881
jaccard_macro	0.6578188241769707
jaccard_weighted	0.7714254593611255
