metric	value
accuracy	0.9509043927648578
balanced_accuracy	0.8788126722055417
f1_micro	0.9509043927648578
f1_macro	0.8495142575351252
f1_weighted	0.9486023960095431
precision_micro	0.9509043927648578
precision_macro	0.8589099428973601
precision_weighted	0.9551240321610268
recall_micro	0.9509043927648578
recall_macro	0.8568423554004031
recall_weighted	0.9509043927648578
jaccard_micro	0.9064039408866995
jaccard_macro	0.8274007206630636
jaccard_weighted	0.9259594206605406
