method	accuracy	balanced_accuracy	f1_micro	f1_macro	f1_weighted	precision_micro	precision_macro	precision_weighted	recall_micro	recall_macro	recall_weighted	jaccard_micro	jaccard_macro	jaccard_weighted
hitac_standalone	0.9509043927648578	0.8788126722055417	0.9509043927648578	0.8495142575351252	0.9486023960095431	0.9509043927648578	0.8589099428973601	0.9551240321610268	0.9509043927648578	0.8568423554004031	0.9509043927648578	0.9064039408866995	0.8274007206630636	0.9259594206605406
