metric	value
accuracy	0.6945736434108527
balanced_accuracy	0.5588903715658137
f1_micro	0.6945736434108527
f1_macro	0.4388112727371068
f1_weighted	0.6581938251653492
precision_micro	0.6945736434108527
precision_macro	0.4373868226290387
precision_weighted	0.6550988925419421
jaccard_micro	0.5320665083135392
jaccard_macro	0.4124824050954562
jaccard_weighted	0.615104968025053
