method	accuracy	balanced_accuracy	f1_micro	f1_macro	f1_weighted	precision_micro	precision_macro	precision_weighted	recall_micro	recall_macro	recall_weighted	jaccard_micro	jaccard_macro	jaccard_weighted
hitac_standalone	0.9819121447028424	0.9049354985539196	0.9819121447028424	0.8941897061569949	0.9807188741330459	0.9819121447028424	0.9038064547028051	0.9807048262421592	0.9819121447028424	0.8901004903809046	0.9819121447028424	0.9644670050761421	0.8804306624745538	0.9710285134650711
