method	accuracy	balanced_accuracy	f1_micro	f1_macro	f1_weighted	precision_micro	precision_macro	precision_weighted	recall_micro	recall_macro	recall_weighted	jaccard_micro	jaccard_macro	jaccard_weighted
top	0.9922535211267606	0.9827623054832031	0.9922535211267606	0.9706543113600478	0.9925820401161823	0.9922535211267606	0.9739754845210532	0.9955025849074378	0.9922535211267606	0.976462547114721	0.9922535211267606	0.9846261355695318	0.9632585444562869	0.9884603313863111
