metric	value
accuracy	0.9922535211267606
balanced_accuracy	0.9827623054832031
f1_micro	0.9922535211267606
f1_macro	0.9706543113600478
f1_weighted	0.9925820401161823
precision_micro	0.9922535211267606
precision_macro	0.9739754845210532
precision_weighted	0.9955025849074378
recall_micro	0.9922535211267606
recall_macro	0.976462547114721
recall_weighted	0.9922535211267606
jaccard_micro	0.9846261355695318
jaccard_macro	0.9632585444562869
jaccard_weighted	0.9884603313863111
