method	accuracy	balanced_accuracy	f1_micro	f1_macro	f1_weighted	precision_micro	precision_macro	precision_weighted	recall_micro	recall_macro	recall_weighted	jaccard_micro	jaccard_macro	jaccard_weighted
top	0.9098591549295775	0.8933149818220528	0.9098591549295775	0.8440362113278209	0.9042120069128432	0.9098591549295775	0.8549003456404346	0.9157809954922475	0.9098591549295775	0.8486492327309502	0.9098591549295775	0.834625322997416	0.8270069166903915	0.8711579295475644
