metric	value
accuracy	0.9098591549295775
balanced_accuracy	0.8933149818220528
f1_micro	0.9098591549295775
f1_macro	0.8440362113278209
f1_weighted	0.9042120069128432
precision_micro	0.9098591549295775
precision_macro	0.8549003456404346
precision_weighted	0.9157809954922475
recall_micro	0.9098591549295775
recall_macro	0.8486492327309502
recall_weighted	0.9098591549295775
jaccard_micro	0.834625322997416
jaccard_macro	0.8270069166903915
jaccard_weighted	0.8711579295475644
