method	accuracy	balanced_accuracy	f1_micro	f1_macro	f1_weighted	precision_micro	precision_macro	precision_weighted	recall_micro	recall_macro	recall_weighted	jaccard_micro	jaccard_macro	jaccard_weighted
top	0.036619718309859155	0.04938271604938271	0.036619718309859155	0.027459538097835967	0.03544600938967136	0.036619718309859155	0.027095835606473904	0.034976525821596244	0.036619718309859155	0.028368794326241134	0.036619718309859155	0.018651362984218076	0.027095835606473904	0.034976525821596244
