metric	value
accuracy	0.9154929577464789
balanced_accuracy	0.8931256381110587
f1_micro	0.9154929577464789
f1_macro	0.8436064049358796
f1_weighted	0.9079376853811593
precision_micro	0.9154929577464789
precision_macro	0.8514649914082395
precision_weighted	0.9166758606597318
jaccard_micro	0.8441558441558441
jaccard_macro	0.8266620161534591
jaccard_weighted	0.8768667109808191
