method	accuracy	balanced_accuracy	f1_micro	f1_macro	f1_weighted	precision_micro	precision_macro	precision_weighted	recall_micro	recall_macro	recall_weighted	jaccard_micro	jaccard_macro	jaccard_weighted
hitac_standalone	0.9936619718309859	0.9814446494228577	0.9936619718309859	0.9734199060013596	0.994439415703315	0.9936619718309859	0.9784870744548164	0.9963426734934004	0.9936619718309859	0.9814446494228577	0.9936619718309859	0.9874037788663401	0.959931723877674	0.9900046453243864
