method	accuracy	balanced_accuracy	f1_micro	f1_macro	f1_weighted	precision_micro	precision_macro	precision_weighted	recall_micro	recall_macro	recall_weighted	jaccard_micro	jaccard_macro	jaccard_weighted
hitac_standalone	0.036619718309859155	0.048907882241215575	0.036619718309859155	0.027521274669563642	0.036032863849765256	0.036619718309859155	0.027340213652000723	0.035798122065727696	0.036619718309859155	0.02797392721347094	0.036619718309859155	0.018651362984218076	0.027249683143219263	0.03556338028169014
