method	precision	recall	f1
hitac_filter_standalone	1.0	0.9967611336032388	0.9983779399837793
