metric	value
precision	0.9605251326319576
recall	0.7886304909560724
f1	0.8661315170680288
