metric	value
precision	0.9830278854476349
recall	0.9459351801557124
f1	0.9641248985015133
