method	accuracy	balanced_accuracy	f1_micro	f1_macro	f1_weighted	precision_micro	precision_macro	precision_weighted	recall_micro	recall_macro	recall_weighted	jaccard_micro	jaccard_macro	jaccard_weighted
q2blast	0.9549407114624506	0.8687176335180538	0.9549407114624506	0.8542103448064944	0.9575842459186917	0.9549407114624506	0.8644305572140623	0.9672972084939813	0.9549407114624506	0.8628479197780669	0.9549407114624506	0.913767019667171	0.8304901236702708	0.9390359210398738
