metric	value
accuracy	0.9549407114624506
balanced_accuracy	0.8687176335180538
f1_micro	0.9549407114624506
f1_macro	0.8542103448064944
f1_weighted	0.9575842459186917
precision_micro	0.9549407114624506
precision_macro	0.8644305572140623
precision_weighted	0.9672972084939813
jaccard_micro	0.913767019667171
jaccard_macro	0.8304901236702708
jaccard_weighted	0.9390359210398738
