metric	value
accuracy	0.7241106719367589
balanced_accuracy	0.5598741115007075
f1_micro	0.7241106719367589
f1_macro	0.5067650664972145
f1_weighted	0.7164152861298081
precision_micro	0.7241106719367589
precision_macro	0.5080635185652901
precision_weighted	0.7262422965084158
recall_micro	0.7241106719367589
recall_macro	0.5250711261912041
recall_weighted	0.7241106719367589
jaccard_micro	0.5675340768277571
jaccard_macro	0.48544228973369263
jaccard_weighted	0.6781432908065842
