method	accuracy	balanced_accuracy	f1_micro	f1_macro	f1_weighted	precision_micro	precision_macro	precision_weighted	recall_micro	recall_macro	recall_weighted	jaccard_micro	jaccard_macro	jaccard_weighted
q2blast	0.7241106719367589	0.5598741115007075	0.7241106719367589	0.5067650664972145	0.7164152861298081	0.7241106719367589	0.5080635185652901	0.7262422965084158	0.7241106719367589	0.5250711261912041	0.7241106719367589	0.5675340768277571	0.48544228973369263	0.6781432908065842
