metric	value
accuracy	0.991304347826087
balanced_accuracy	0.9626559094776402
f1_micro	0.991304347826087
f1_macro	0.9423715763488828
f1_weighted	0.9917247551734496
precision_micro	0.991304347826087
precision_macro	0.9463848412496536
precision_weighted	0.9930104707782877
jaccard_micro	0.9827586206896551
jaccard_macro	0.9286248337306126
jaccard_weighted	0.9851532522460358
