method	accuracy	balanced_accuracy	f1_micro	f1_macro	f1_weighted	precision_micro	precision_macro	precision_weighted	recall_micro	recall_macro	recall_weighted	jaccard_micro	jaccard_macro	jaccard_weighted
q2blast	0.991304347826087	0.9626559094776402	0.991304347826087	0.9423715763488828	0.9917247551734496	0.991304347826087	0.9463848412496536	0.9930104707782877	0.991304347826087	0.9444925904308923	0.991304347826087	0.9827586206896551	0.9286248337306126	0.9851532522460358
