method	accuracy	balanced_accuracy	f1_micro	f1_macro	f1_weighted	precision_micro	precision_macro	precision_weighted	recall_micro	recall_macro	recall_weighted	jaccard_micro	jaccard_macro	jaccard_weighted
hitac_filter_standalone	0.7960474308300395	0.7169068585592652	0.7960474308300395	0.66332348947787	0.7995364582084578	0.7960474308300395	0.6735137699073473	0.8258862906713386	0.7960474308300395	0.6723423781623379	0.7960474308300395	0.6611950098489823	0.6422335628013126	0.7628237032231554
