method	accuracy	balanced_accuracy	f1_micro	f1_macro	f1_weighted	precision_micro	precision_macro	precision_weighted	recall_micro	recall_macro	recall_weighted	jaccard_micro	jaccard_macro	jaccard_weighted
hitac_filter_standalone	0.991304347826087	0.9759251402468709	0.991304347826087	0.9403897503548561	0.9920466863632719	0.991304347826087	0.9477532649353955	0.9937849532128493	0.991304347826087	0.9397797646821721	0.991304347826087	0.9827586206896551	0.9245814057037443	0.985137220846605
