method	accuracy	balanced_accuracy	f1_micro	f1_macro	f1_weighted	precision_micro	precision_macro	precision_weighted	recall_micro	recall_macro	recall_weighted	jaccard_micro	jaccard_macro	jaccard_weighted
metaxa2	0.9936758893280633	0.9863496245956009	0.9936758893280633	0.9288819107896001	0.9944288605302676	0.9936758893280633	0.9288585037837653	0.9954729365433206	0.9936758893280633	0.9315524232291786	0.9936758893280633	0.9874312647289867	0.9160137647485502	0.989228215081208
