metric	value
accuracy	0.9920948616600791
balanced_accuracy	0.9806242575256962
f1_micro	0.9920948616600791
f1_macro	0.9265036224503302
f1_weighted	0.9943672184543618
precision_micro	0.9920948616600791
precision_macro	0.9298081714000995
precision_weighted	0.9970674772682961
recall_micro	0.9920948616600791
recall_macro	0.9261451321076019
recall_weighted	0.9920948616600791
jaccard_micro	0.984313725490196
jaccard_macro	0.911508859063257
jaccard_weighted	0.9891623389283751
