method	accuracy	balanced_accuracy	f1_micro	f1_macro	f1_weighted	precision_micro	precision_macro	precision_weighted	recall_micro	recall_macro	recall_weighted	jaccard_micro	jaccard_macro	jaccard_weighted
metaxa2	0.9920948616600791	0.9806242575256962	0.9920948616600791	0.9265036224503302	0.9943672184543618	0.9920948616600791	0.9298081714000995	0.9970674772682961	0.9920948616600791	0.9261451321076019	0.9920948616600791	0.984313725490196	0.911508859063257	0.9891623389283751
