metric	value
accuracy	0.9154150197628459
balanced_accuracy	0.7405999620551494
f1_micro	0.9154150197628459
f1_macro	0.7430453532400395
f1_weighted	0.9289328089329552
precision_micro	0.9154150197628459
precision_macro	0.7734636355643832
precision_weighted	0.9547443177031041
jaccard_micro	0.8440233236151603
jaccard_macro	0.7199622179079396
jaccard_weighted	0.9075189158667419
