method	accuracy	balanced_accuracy	f1_micro	f1_macro	f1_weighted	precision_micro	precision_macro	precision_weighted	recall_micro	recall_macro	recall_weighted	jaccard_micro	jaccard_macro	jaccard_weighted
metaxa2	0.9628458498023715	0.9167706338630234	0.9628458498023715	0.8961467400980231	0.9669437894860617	0.9628458498023715	0.9060259558630451	0.9787444192991295	0.9628458498023715	0.8984352211857629	0.9628458498023715	0.9283536585365854	0.8778991215403611	0.9497578952897456
