method	accuracy	balanced_accuracy	f1_micro	f1_macro	f1_weighted	precision_micro	precision_macro	precision_weighted	recall_micro	recall_macro	recall_weighted	jaccard_micro	jaccard_macro	jaccard_weighted
metaxa2	0.9154150197628459	0.7405999620551494	0.9154150197628459	0.7430453532400395	0.9289328089329552	0.9154150197628459	0.7734636355643832	0.9547443177031041	0.9154150197628459	0.7306590229671609	0.9154150197628459	0.8440233236151603	0.7199622179079396	0.9075189158667419
