method	accuracy	balanced_accuracy	f1_micro	f1_macro	f1_weighted	precision_micro	precision_macro	precision_weighted	recall_micro	recall_macro	recall_weighted	jaccard_micro	jaccard_macro	jaccard_weighted
metaxa2	0.7581027667984189	0.6864389355539205	0.7581027667984189	0.6153357889289451	0.7738379906881055	0.7581027667984189	0.6312918183130363	0.8196727625747806	0.7581027667984189	0.6235453158042158	0.7581027667984189	0.6104392106938256	0.59231612397613	0.7279960297478771
