method	accuracy	balanced_accuracy	f1_micro	f1_macro	f1_weighted	precision_micro	precision_macro	precision_weighted	recall_micro	recall_macro	recall_weighted	jaccard_micro	jaccard_macro	jaccard_weighted
metaxa2	0.6055335968379446	0.4339380461622952	0.6055335968379446	0.4244086279873728	0.6372562865278019	0.6055335968379446	0.44855469679786053	0.705776100329876	0.6055335968379446	0.4206047542411073	0.6055335968379446	0.4342403628117914	0.4037410348019152	0.5900701650796168
