metric	value
accuracy	0.6055335968379446
balanced_accuracy	0.4339380461622952
f1_micro	0.6055335968379446
f1_macro	0.4244086279873728
f1_weighted	0.6372562865278019
precision_micro	0.6055335968379446
precision_macro	0.44855469679786053
precision_weighted	0.705776100329876
jaccard_micro	0.4342403628117914
jaccard_macro	0.4037410348019152
jaccard_weighted	0.5900701650796168
