method	accuracy	balanced_accuracy	f1_micro	f1_macro	f1_weighted	precision_micro	precision_macro	precision_weighted	recall_micro	recall_macro	recall_weighted	jaccard_micro	jaccard_macro	jaccard_weighted
metaxa2	0.9873517786561264	0.9677421163741919	0.9873517786561264	0.9350082228420683	0.9884931308708643	0.9873517786561264	0.946812826063922	0.9916171115138641	0.9873517786561264	0.9318998157677404	0.9873517786561264	0.9750195160031225	0.9157610179178391	0.9790168099776594
