method	accuracy	balanced_accuracy	f1_micro	f1_macro	f1_weighted	precision_micro	precision_macro	precision_weighted	recall_micro	recall_macro	recall_weighted	jaccard_micro	jaccard_macro	jaccard_weighted
metaxa2	0.9762845849802372	0.8893510661727968	0.9762845849802372	0.8931257686823217	0.9833676617382113	0.9762845849802372	0.9336334417058012	0.9941093718771891	0.9762845849802372	0.8725708573770837	0.9762845849802372	0.9536679536679536	0.8628196256612537	0.9720229043330789
