metric	value
accuracy	0.9762845849802372
balanced_accuracy	0.8893510661727968
f1_micro	0.9762845849802372
f1_macro	0.8931257686823217
f1_weighted	0.9833676617382113
precision_micro	0.9762845849802372
precision_macro	0.9336334417058012
precision_weighted	0.9941093718771891
recall_micro	0.9762845849802372
recall_macro	0.8725708573770837
recall_weighted	0.9762845849802372
jaccard_micro	0.9536679536679536
jaccard_macro	0.8628196256612537
jaccard_weighted	0.9720229043330789
