method	precision	recall	f1
sintax80	0.9536225196123673	0.8315895372233401	0.8884350816852967
