method	precision	recall	f1
sintax80	0.9665279878971256	0.7546696197858989	0.8475602172380913
