method	precision	recall	f1
sintax80	0.9530619305731749	0.8313883299798793	0.8880769437429477
