method	precision	recall	f1
sintax80	0.9538297304510275	0.807227555053642	0.8744265704324424
