method	precision	recall	f1
sintax80	0.9877401367299393	0.9365200072424407	0.9614483809807055
