metric	value
precision	0.9999727587240186
recall	0.9798816568047337
f1	0.9898252678507226
