metric	value
precision	0.9665279878971256
recall	0.7546696197858989
f1	0.8475602172380913
