metric	value
precision	0.9876646935268283
recall	0.9365200072424407
f1	0.9614126394052045
