method	precision	recall	f1
sintax80	0.9662602778565353	0.7548172757475083	0.8475503606068142
