method	precision	recall	f1
sintax80	0.9531812725090036	0.8070016939582157	0.8740215264187867
