metric	value
precision	0.9538297304510275
recall	0.807227555053642
f1	0.8744265704324424
