metric	value
precision	0.9530619305731749
recall	0.8313883299798793
f1	0.8880769437429477
