method	precision	recall	f1
sintax80	0.9876646935268283	0.9365200072424407	0.9614126394052045
