method	precision	recall	f1
sintax80	0.9999727587240186	0.9798816568047337	0.9898252678507226
