method	accuracy	balanced_accuracy	f1_micro	f1_macro	f1_weighted	precision_micro	precision_macro	precision_weighted	recall_micro	recall_macro	recall_weighted	jaccard_micro	jaccard_macro	jaccard_weighted
q1	0.9260981912144702	0.9246051843804403	0.9260981912144702	0.9039774331804632	0.9603176770592696	0.9260981912144702	0.9410093862106246	0.9985531645905563	0.9260981912144702	0.875941753623575	0.9260981912144702	0.8623676612127045	0.8695947749628083	0.9246899480461649
