metric	value
accuracy	0.9260981912144702
balanced_accuracy	0.9246051843804403
f1_micro	0.9260981912144702
f1_macro	0.9039774331804632
f1_weighted	0.9603176770592696
precision_micro	0.9260981912144702
precision_macro	0.9410093862106246
precision_weighted	0.9985531645905563
jaccard_micro	0.8623676612127045
jaccard_macro	0.8695947749628083
jaccard_weighted	0.9246899480461649
