metric	value
accuracy	0.8728682170542635
balanced_accuracy	0.8102804343792928
f1_micro	0.8728682170542635
f1_macro	0.7944955984517055
f1_weighted	0.903717253906545
precision_micro	0.8728682170542635
precision_macro	0.8341319788429294
precision_weighted	0.9534270271743602
jaccard_micro	0.7744154057771664
jaccard_macro	0.7511786391783779
jaccard_weighted	0.8507319062761329
