method	accuracy	balanced_accuracy	f1_micro	f1_macro	f1_weighted	precision_micro	precision_macro	precision_weighted	recall_micro	recall_macro	recall_weighted	jaccard_micro	jaccard_macro	jaccard_weighted
q1	0.8728682170542635	0.8102804343792928	0.8728682170542635	0.7944955984517055	0.903717253906545	0.8728682170542635	0.8341319788429294	0.9534270271743602	0.8728682170542635	0.7802700479208006	0.8728682170542635	0.7744154057771664	0.7511786391783779	0.8507319062761329
