method	accuracy	balanced_accuracy	f1_micro	f1_macro	f1_weighted	precision_micro	precision_macro	precision_weighted	recall_micro	recall_macro	recall_weighted	jaccard_micro	jaccard_macro	jaccard_weighted
q1	0.5881136950904393	0.5244594516223653	0.5881136950904393	0.4190804136800544	0.5977893630094667	0.5881136950904393	0.44872666577002535	0.6747926715635885	0.5881136950904393	0.43202996410872074	0.5881136950904393	0.41654465592972184	0.38491495521837404	0.5364336221720089
