metric	value
accuracy	0.5881136950904393
balanced_accuracy	0.5244594516223653
f1_micro	0.5881136950904393
f1_macro	0.4190804136800544
f1_weighted	0.5977893630094667
precision_micro	0.5881136950904393
precision_macro	0.44872666577002535
precision_weighted	0.6747926715635885
jaccard_micro	0.41654465592972184
jaccard_macro	0.38491495521837404
jaccard_weighted	0.5364336221720089
