method	accuracy	balanced_accuracy	f1_micro	f1_macro	f1_weighted	precision_micro	precision_macro	precision_weighted	recall_micro	recall_macro	recall_weighted	jaccard_micro	jaccard_macro	jaccard_weighted
q1	0.9136950904392764	0.8792355648264102	0.9136950904392764	0.8773192295450387	0.946827656376836	0.9136950904392764	0.9201677580919846	0.9874546381371709	0.9136950904392764	0.8508731272513645	0.9136950904392764	0.8411037107516651	0.8408002105136123	0.9071228684238163
