metric	value
accuracy	0.9136950904392764
balanced_accuracy	0.8792355648264102
f1_micro	0.9136950904392764
f1_macro	0.8773192295450387
f1_weighted	0.946827656376836
precision_micro	0.9136950904392764
precision_macro	0.9201677580919846
precision_weighted	0.9874546381371709
recall_micro	0.9136950904392764
recall_macro	0.8508731272513645
recall_weighted	0.9136950904392764
jaccard_micro	0.8411037107516651
jaccard_macro	0.8408002105136123
jaccard_weighted	0.9071228684238163
