method	accuracy	balanced_accuracy	f1_micro	f1_macro	f1_weighted	precision_micro	precision_macro	precision_weighted	recall_micro	recall_macro	recall_weighted	jaccard_micro	jaccard_macro	jaccard_weighted
q1	0.9276485788113695	0.9516106587940433	0.9276485788113695	0.7311658947821976	0.9624307952720731	0.9276485788113695	0.75	1.0	0.9276485788113695	0.7137079940955324	0.9276485788113695	0.8650602409638555	0.7137079940955324	0.9276485788113695
