metric	value
accuracy	0.9276485788113695
balanced_accuracy	0.9516106587940433
f1_micro	0.9276485788113695
f1_macro	0.7311658947821976
f1_weighted	0.9624307952720731
precision_micro	0.9276485788113695
precision_macro	0.75
precision_weighted	1.0
recall_micro	0.9276485788113695
recall_macro	0.7137079940955324
recall_weighted	0.9276485788113695
jaccard_micro	0.8650602409638555
jaccard_macro	0.7137079940955324
jaccard_weighted	0.9276485788113695
