method	precision	recall	f1
rdp50	0.867720465890183	0.824505928853755	0.8455614106201864
