metric	value
precision	0.8752471126833836
recall	0.8462776659959759
f1	0.8605186435476446
