method	precision	recall	f1
rdp50	0.871602318178108	0.7883351790328534	0.8278802915180647
