metric	value
precision	0.9595481049562682
recall	0.9534673184863299
f1	0.9564980474071384
