metric	value
precision	0.8716734693877551
recall	0.7883351790328534
f1	0.8279123861213413
