metric	value
precision	0.9958390876286364
recall	0.9945099434977978
f1	0.9951740717656488
