method	precision	recall	f1
rdp50	0.8752471126833836	0.8462776659959759	0.8605186435476446
