method	precision	recall	f1
rdp50	0.8751560549313359	0.8462776659959759	0.8604746317512275
