method	precision	recall	f1
rdp50	0.9596559641386347	0.9535397428933551	0.9565880771606059
