method	precision	recall	f1
rdp50	0.9958390505550903	0.9945010455131913	0.9951695982975617
