method	precision	recall	f1
rdp50	0.9958390876286364	0.9945099434977978	0.9951740717656488
