metric	value
precision	0.8675142585551331
recall	0.824505928853755
f1	0.8454634937177928
