method	precision	recall	f1
rdp50	0.8716734693877551	0.7883351790328534	0.8279123861213413
