method	precision	recall	f1
rdp50	0.8675142585551331	0.824505928853755	0.8454634937177928
