method	precision	recall	f1
rdp50	0.9595481049562682	0.9534673184863299	0.9564980474071384
