metric	value
accuracy	0.9723320158102767
balanced_accuracy	0.9526167956360033
f1_micro	0.9723320158102767
f1_macro	0.9273509594078803
f1_weighted	0.9754876849421469
precision_micro	0.9723320158102767
precision_macro	0.9375018937731437
precision_weighted	0.9844378697650772
recall_micro	0.9723320158102767
recall_macro	0.9273819136324006
recall_weighted	0.9723320158102767
jaccard_micro	0.9461538461538461
jaccard_macro	0.9118702913326988
jaccard_weighted	0.9614673587282283
