method	accuracy	balanced_accuracy	f1_micro	f1_macro	f1_weighted	precision_micro	precision_macro	precision_weighted	recall_micro	recall_macro	recall_weighted	jaccard_micro	jaccard_macro	jaccard_weighted
q2sk	0.9723320158102767	0.9526167956360033	0.9723320158102767	0.9273509594078803	0.9754876849421469	0.9723320158102767	0.9375018937731437	0.9844378697650772	0.9723320158102767	0.9273819136324006	0.9723320158102767	0.9461538461538461	0.9118702913326988	0.9614673587282283
