metric	value
accuracy	0.799209486166008
balanced_accuracy	0.7506309298156467
f1_micro	0.799209486166008
f1_macro	0.6621031582114177
f1_weighted	0.8074362222178683
precision_micro	0.799209486166008
precision_macro	0.6746385110726196
precision_weighted	0.8448558205079945
jaccard_micro	0.6655694535878868
jaccard_macro	0.6409624647747942
jaccard_weighted	0.7669074918529798
