method	accuracy	balanced_accuracy	f1_micro	f1_macro	f1_weighted	precision_micro	precision_macro	precision_weighted	recall_micro	recall_macro	recall_weighted	jaccard_micro	jaccard_macro	jaccard_weighted
q2sk	0.799209486166008	0.7506309298156467	0.799209486166008	0.6621031582114177	0.8074362222178683	0.799209486166008	0.6746385110726196	0.8448558205079945	0.799209486166008	0.6730463375866393	0.799209486166008	0.6655694535878868	0.6409624647747942	0.7669074918529798
