method	accuracy	balanced_accuracy	f1_micro	f1_macro	f1_weighted	precision_micro	precision_macro	precision_weighted	recall_micro	recall_macro	recall_weighted	jaccard_micro	jaccard_macro	jaccard_weighted
q2sk	0.9881422924901185	0.9685113471434227	0.9881422924901185	0.9381422589624266	0.9892027082852124	0.9881422924901185	0.9513630906141866	0.9919559031570035	0.9881422924901185	0.9326405565084811	0.9881422924901185	0.9765625	0.9211090032658246	0.9802069242112518
