metric	value
accuracy	0.9881422924901185
balanced_accuracy	0.9685113471434227
f1_micro	0.9881422924901185
f1_macro	0.9381422589624266
f1_weighted	0.9892027082852124
precision_micro	0.9881422924901185
precision_macro	0.9513630906141866
precision_weighted	0.9919559031570035
jaccard_micro	0.9765625
jaccard_macro	0.9211090032658246
jaccard_weighted	0.9802069242112518
