metric	value
accuracy	0.9784537389100126
balanced_accuracy	0.6637121111706241
f1_micro	0.9784537389100126
f1_macro	0.658032148055236
f1_weighted	0.9875401192356779
precision_micro	0.9784537389100126
precision_macro	0.6923076923076923
precision_weighted	0.9974651457541192
jaccard_micro	0.9578163771712159
jaccard_macro	0.6381847222794463
jaccard_weighted	0.9784537389100126
