method	accuracy	balanced_accuracy	f1_micro	f1_macro	f1_weighted	precision_micro	precision_macro	precision_weighted	recall_micro	recall_macro	recall_weighted	jaccard_micro	jaccard_macro	jaccard_weighted
knn	0.9784537389100126	0.6637121111706241	0.9784537389100126	0.658032148055236	0.9875401192356779	0.9784537389100126	0.6923076923076923	0.9974651457541192	0.9784537389100126	0.6381847222794463	0.9784537389100126	0.9578163771712159	0.6381847222794463	0.9784537389100126
