metric	value
accuracy	0.8083650190114069
balanced_accuracy	0.45201142348426304
f1_micro	0.8083650190114069
f1_macro	0.4858407667677719
f1_weighted	0.8531096338006984
precision_micro	0.8083650190114069
precision_macro	0.5578325417897609
precision_weighted	0.927243948178862
recall_micro	0.8083650190114069
recall_macro	0.4501436076847412
recall_weighted	0.8083650190114069
jaccard_micro	0.6783663050414805
jaccard_macro	0.4501258873052416
jaccard_weighted	0.8081193503179734
