method	accuracy	balanced_accuracy	f1_micro	f1_macro	f1_weighted	precision_micro	precision_macro	precision_weighted	recall_micro	recall_macro	recall_weighted	jaccard_micro	jaccard_macro	jaccard_weighted
knn	0.8083650190114069	0.45201142348426304	0.8083650190114069	0.4858407667677719	0.8531096338006984	0.8083650190114069	0.5578325417897609	0.927243948178862	0.8083650190114069	0.4501436076847412	0.8083650190114069	0.6783663050414805	0.4501258873052416	0.8081193503179734
