metric	value
accuracy	0.47984790874524713
balanced_accuracy	0.15575552962321396
f1_micro	0.47984790874524713
f1_macro	0.17032327843857836
f1_weighted	0.5301412510353045
precision_micro	0.47984790874524713
precision_macro	0.20142896910086294
precision_weighted	0.6288661401969386
recall_micro	0.47984790874524713
recall_macro	0.15556764599278788
recall_weighted	0.47984790874524713
jaccard_micro	0.3156578289144572
jaccard_macro	0.15555335472149445
jaccard_weighted	0.47962867810776555
