method	accuracy	balanced_accuracy	f1_micro	f1_macro	f1_weighted	precision_micro	precision_macro	precision_weighted	recall_micro	recall_macro	recall_weighted	jaccard_micro	jaccard_macro	jaccard_weighted
knn	0.47984790874524713	0.15575552962321396	0.47984790874524713	0.17032327843857836	0.5301412510353045	0.47984790874524713	0.20142896910086294	0.6288661401969386	0.47984790874524713	0.15556764599278788	0.47984790874524713	0.3156578289144572	0.15555335472149445	0.47962867810776555
