method	accuracy	balanced_accuracy	f1_micro	f1_macro	f1_weighted	precision_micro	precision_macro	precision_weighted	recall_micro	recall_macro	recall_weighted	jaccard_micro	jaccard_macro	jaccard_weighted
knn	0.9315589353612167	0.5649597106605786	0.9315589353612167	0.5816390489301342	0.9536884413560405	0.9315589353612167	0.6162264548037462	0.9797154310685958	0.9315589353612167	0.5583904116994091	0.9315589353612167	0.8718861209964412	0.5583405473757007	0.9313132666677834
