metric	value
accuracy	0.9315589353612167
balanced_accuracy	0.5649597106605786
f1_micro	0.9315589353612167
f1_macro	0.5816390489301342
f1_weighted	0.9536884413560405
precision_micro	0.9315589353612167
precision_macro	0.6162264548037462
precision_weighted	0.9797154310685958
recall_micro	0.9315589353612167
recall_macro	0.5583904116994091
recall_weighted	0.9315589353612167
jaccard_micro	0.8718861209964412
jaccard_macro	0.5583405473757007
jaccard_weighted	0.9313132666677834
