metric	value
accuracy	0.9977186311787072
balanced_accuracy	0.6956485087586195
f1_micro	0.9977186311787072
f1_macro	0.6092816189301306
f1_weighted	0.9986461410048542
precision_micro	0.9977186311787072
precision_macro	0.6666666666666666
precision_weighted	0.9997465145754119
recall_micro	0.9977186311787072
recall_macro	0.579707090632183
recall_weighted	0.9977186311787072
jaccard_micro	0.9954476479514416
jaccard_macro	0.579707090632183
jaccard_weighted	0.9977186311787072
