method	accuracy	balanced_accuracy	f1_micro	f1_macro	f1_weighted	precision_micro	precision_macro	precision_weighted	recall_micro	recall_macro	recall_weighted	jaccard_micro	jaccard_macro	jaccard_weighted
knn	0.9977186311787072	0.6956485087586195	0.9977186311787072	0.6092816189301306	0.9986461410048542	0.9977186311787072	0.6666666666666666	0.9997465145754119	0.9977186311787072	0.579707090632183	0.9977186311787072	0.9954476479514416	0.579707090632183	0.9977186311787072
