method	accuracy	balanced_accuracy	f1_micro	f1_macro	f1_weighted	precision_micro	precision_macro	precision_weighted	recall_micro	recall_macro	recall_weighted	jaccard_micro	jaccard_macro	jaccard_weighted
sintax80	0.9985915492957746	0.9987718051347274	0.9985915492957746	0.9490190832887462	0.9989423431977633	0.9985915492957746	0.9492063492063492	0.9992957746478873	0.9985915492957746	0.9488332148779911	0.9985915492957746	0.9971870604781997	0.9480643656716417	0.9979093309859155
