method	accuracy	balanced_accuracy	f1_micro	f1_macro	f1_weighted	precision_micro	precision_macro	precision_weighted	recall_micro	recall_macro	recall_weighted	jaccard_micro	jaccard_macro	jaccard_weighted
sintax80	0.9838028169014085	0.966557883016921	0.9838028169014085	0.9602353772827953	0.987512621599335	0.9838028169014085	0.970770356315925	0.9951504722313815	0.9838028169014085	0.960361999151428	0.9838028169014085	0.9681219681219682	0.950363124698122	0.9803617398370152
