metric	value
accuracy	0.9838028169014085
balanced_accuracy	0.966557883016921
f1_micro	0.9838028169014085
f1_macro	0.9602353772827953
f1_weighted	0.987512621599335
precision_micro	0.9838028169014085
precision_macro	0.970770356315925
precision_weighted	0.9951504722313815
jaccard_micro	0.9681219681219682
jaccard_macro	0.950363124698122
jaccard_weighted	0.9803617398370152
