method	accuracy	balanced_accuracy	f1_micro	f1_macro	f1_weighted	precision_micro	precision_macro	precision_weighted	recall_micro	recall_macro	recall_weighted	jaccard_micro	jaccard_macro	jaccard_weighted
sintax80	0.9830985915492958	0.9658410371387849	0.9830985915492958	0.9575491745965926	0.9867346202579534	0.9830985915492958	0.9675652281107967	0.9947983595553251	0.9830985915492958	0.9596497484391773	0.9830985915492958	0.9667590027700831	0.9464457457807433	0.9793054018088463
