method	accuracy	balanced_accuracy	f1_micro	f1_macro	f1_weighted	precision_micro	precision_macro	precision_weighted	recall_micro	recall_macro	recall_weighted	jaccard_micro	jaccard_macro	jaccard_weighted
sintax80	0.8225352112676056	0.7898810586636801	0.8225352112676056	0.7773658022571146	0.8393426629925481	0.8225352112676056	0.8018474729465441	0.8836090842325308	0.8225352112676056	0.770667735615104	0.8225352112676056	0.6985645933014354	0.7599532406118084	0.8048399601074667
