method	accuracy	balanced_accuracy	f1_micro	f1_macro	f1_weighted	precision_micro	precision_macro	precision_weighted	recall_micro	recall_macro	recall_weighted	jaccard_micro	jaccard_macro	jaccard_weighted
sintax80	0.819718309859155	0.788060213425427	0.819718309859155	0.774855214151932	0.835868814124333	0.819718309859155	0.7984286695277408	0.8801153440134385	0.819718309859155	0.7688911812069706	0.819718309859155	0.6945107398568019	0.7580335383008018	0.8012590106425612
