metric	value
accuracy	0.819718309859155
balanced_accuracy	0.788060213425427
f1_micro	0.819718309859155
f1_macro	0.774855214151932
f1_weighted	0.835868814124333
precision_micro	0.819718309859155
precision_macro	0.7984286695277408
precision_weighted	0.8801153440134385
recall_micro	0.819718309859155
recall_macro	0.7688911812069706
recall_weighted	0.819718309859155
jaccard_micro	0.6945107398568019
jaccard_macro	0.7580335383008018
jaccard_weighted	0.8012590106425612
