method	accuracy	balanced_accuracy	f1_micro	f1_macro	f1_weighted	precision_micro	precision_macro	precision_weighted	recall_micro	recall_macro	recall_weighted	jaccard_micro	jaccard_macro	jaccard_weighted
sintax80	0.9929577464788732	0.9816490746272829	0.9929577464788732	0.9607847151746194	0.9947305328531815	0.9929577464788732	0.9674945617572156	0.9975213718644635	0.9929577464788732	0.9663108078362316	0.9929577464788732	0.986013986013986	0.9494303695934472	0.9904791183433368
