metric	value
accuracy	0.9929577464788732
balanced_accuracy	0.9816490746272829
f1_micro	0.9929577464788732
f1_macro	0.9605818642974264
f1_weighted	0.9943922575875527
precision_micro	0.9929577464788732
precision_macro	0.9671044639164599
precision_weighted	0.9968708425074849
recall_micro	0.9929577464788732
recall_macro	0.9663108078362316
recall_weighted	0.9929577464788732
jaccard_micro	0.986013986013986
jaccard_macro	0.9490402717526915
jaccard_weighted	0.9898285889863582
