method	accuracy	balanced_accuracy	f1_micro	f1_macro	f1_weighted	precision_micro	precision_macro	precision_weighted	recall_micro	recall_macro	recall_weighted	jaccard_micro	jaccard_macro	jaccard_weighted
sintax80	0.9929577464788732	0.9816490746272829	0.9929577464788732	0.9605818642974264	0.9943922575875527	0.9929577464788732	0.9671044639164599	0.9968708425074849	0.9929577464788732	0.9663108078362316	0.9929577464788732	0.986013986013986	0.9490402717526915	0.9898285889863582
