method	accuracy	balanced_accuracy	f1_micro	f1_macro	f1_weighted	precision_micro	precision_macro	precision_weighted	recall_micro	recall_macro	recall_weighted	jaccard_micro	jaccard_macro	jaccard_weighted
sintax80	0.02464788732394366	0.03323836657169991	0.02464788732394366	0.02670775552131484	0.024413145539906103	0.02464788732394366	0.026579352850539292	0.024295774647887323	0.02464788732394366	0.026964560862865947	0.02464788732394366	0.012477718360071301	0.026579352850539292	0.024295774647887323
