method	accuracy	balanced_accuracy	f1_micro	f1_macro	f1_weighted	precision_micro	precision_macro	precision_weighted	recall_micro	recall_macro	recall_weighted	jaccard_micro	jaccard_macro	jaccard_weighted
sintax80	0.023943661971830985	0.032288698955365625	0.023943661971830985	0.025977366255144033	0.023708920187793425	0.023943661971830985	0.025848765432098766	0.023591549295774648	0.023943661971830985	0.026234567901234566	0.023943661971830985	0.012116892373485389	0.025848765432098766	0.023591549295774648
