metric	value
accuracy	0.02464788732394366
balanced_accuracy	0.03323836657169991
f1_micro	0.02464788732394366
f1_macro	0.02670775552131484
f1_weighted	0.024413145539906103
precision_micro	0.02464788732394366
precision_macro	0.026579352850539292
precision_weighted	0.024295774647887323
jaccard_micro	0.012477718360071301
jaccard_macro	0.026579352850539292
jaccard_weighted	0.024295774647887323
