method	accuracy	balanced_accuracy	f1_micro	f1_macro	f1_weighted	precision_micro	precision_macro	precision_weighted	recall_micro	recall_macro	recall_weighted	jaccard_micro	jaccard_macro	jaccard_weighted
hitac_filter_standalone	0.9994930291508238	0.99937376904985	0.9994930291508238	0.995524053035381	0.9996097890805576	0.9994930291508238	0.9958495649324643	0.9997476312512912	0.9994930291508238	0.9952441253760902	0.9994930291508238	0.9989865720800608	0.9952259217135133	0.999240660402115
