metric	value
accuracy	0.9878326996197718
balanced_accuracy	0.9882585113525308
f1_micro	0.9878326996197718
f1_macro	0.9898663457294685
f1_weighted	0.9919291591331225
precision_micro	0.9878326996197718
precision_macro	0.9947325836951892
precision_weighted	0.9979634713475017
jaccard_micro	0.9759579263711495
jaccard_macro	0.9867593276414864
jaccard_weighted	0.9867531049160027
