metric	value
accuracy	0.9809859154929578
balanced_accuracy	0.8241193322766458
f1_micro	0.9809859154929578
f1_macro	0.8098422601126692
f1_weighted	0.9888409291698993
precision_micro	0.9809859154929578
precision_macro	0.8491071428571428
precision_weighted	0.9977992957746479
jaccard_micro	0.962681409813407
jaccard_macro	0.78223132201202
jaccard_weighted	0.9803807218309859
