method	accuracy	balanced_accuracy	f1_micro	f1_macro	f1_weighted	precision_micro	precision_macro	precision_weighted	recall_micro	recall_macro	recall_weighted	jaccard_micro	jaccard_macro	jaccard_weighted
knn	0.9809859154929578	0.8241193322766458	0.9809859154929578	0.8098422601126692	0.9888409291698993	0.9809859154929578	0.8491071428571428	0.9977992957746479	0.9809859154929578	0.7829133656628137	0.9809859154929578	0.962681409813407	0.78223132201202	0.9803807218309859
