method	accuracy	balanced_accuracy	f1_micro	f1_macro	f1_weighted	precision_micro	precision_macro	precision_weighted	recall_micro	recall_macro	recall_weighted	jaccard_micro	jaccard_macro	jaccard_weighted
knn	0.856338028169014	0.6431655693256725	0.856338028169014	0.662319242181915	0.8839675709666311	0.856338028169014	0.7155982905982905	0.9376525821596244	0.856338028169014	0.6390427131120464	0.856338028169014	0.7487684729064039	0.6377917727202197	0.8545829113476847
