metric	value
accuracy	0.856338028169014
balanced_accuracy	0.6431655693256725
f1_micro	0.856338028169014
f1_macro	0.662319242181915
f1_weighted	0.8839675709666311
precision_micro	0.856338028169014
precision_macro	0.7155982905982905
precision_weighted	0.9376525821596244
recall_micro	0.856338028169014
recall_macro	0.6390427131120464
recall_weighted	0.856338028169014
jaccard_micro	0.7487684729064039
jaccard_macro	0.6377917727202197
jaccard_weighted	0.8545829113476847
