metric	value
accuracy	0.4802816901408451
balanced_accuracy	0.3070442444393521
f1_micro	0.4802816901408451
f1_macro	0.31759884948535705
f1_weighted	0.5149418818957674
precision_micro	0.4802816901408451
precision_macro	0.34663282083171587
precision_weighted	0.5926528010330827
recall_micro	0.4802816901408451
recall_macro	0.3061960559188014
recall_weighted	0.4802816901408451
jaccard_micro	0.3160333642261353
jaccard_macro	0.3017822737236242
jaccard_weighted	0.47158451822383235
