method	accuracy	balanced_accuracy	f1_micro	f1_macro	f1_weighted	precision_micro	precision_macro	precision_weighted	recall_micro	recall_macro	recall_weighted	jaccard_micro	jaccard_macro	jaccard_weighted
knn	0.4802816901408451	0.3070442444393521	0.4802816901408451	0.31759884948535705	0.5149418818957674	0.4802816901408451	0.34663282083171587	0.5926528010330827	0.4802816901408451	0.3061960559188014	0.4802816901408451	0.3160333642261353	0.3017822737236242	0.47158451822383235
