metric	value
accuracy	0.9584507042253522
balanced_accuracy	0.7804885991230457
f1_micro	0.9584507042253522
f1_macro	0.7681978560796701
f1_weighted	0.9709419549317101
precision_micro	0.9584507042253522
precision_macro	0.7800091911764706
precision_weighted	0.9854660314830157
recall_micro	0.9584507042253522
recall_macro	0.7682934647617481
recall_weighted	0.9584507042253522
jaccard_micro	0.9202163624070318
jaccard_macro	0.7515204828983058
jaccard_weighted	0.9567475908080061
