method	accuracy	balanced_accuracy	f1_micro	f1_macro	f1_weighted	precision_micro	precision_macro	precision_weighted	recall_micro	recall_macro	recall_weighted	jaccard_micro	jaccard_macro	jaccard_weighted
knn	0.9584507042253522	0.7804885991230457	0.9584507042253522	0.7681978560796701	0.9709419549317101	0.9584507042253522	0.7800091911764706	0.9854660314830157	0.9584507042253522	0.7682934647617481	0.9584507042253522	0.9202163624070318	0.7515204828983058	0.9567475908080061
