method	accuracy	balanced_accuracy	f1_micro	f1_macro	f1_weighted	precision_micro	precision_macro	precision_weighted	recall_micro	recall_macro	recall_weighted	jaccard_micro	jaccard_macro	jaccard_weighted
knn	0.9985915492957746	0.6666666666666666	0.9985915492957746	0.5714285714285714	0.9985915492957746	0.9985915492957746	0.5714285714285714	0.9985915492957746	0.9985915492957746	0.5714285714285714	0.9985915492957746	0.9971870604781997	0.5714285714285714	0.9985915492957746
