metric	value
accuracy	0.9985915492957746
balanced_accuracy	0.6666666666666666
f1_micro	0.9985915492957746
f1_macro	0.5714285714285714
f1_weighted	0.9985915492957746
precision_micro	0.9985915492957746
precision_macro	0.5714285714285714
precision_weighted	0.9985915492957746
recall_micro	0.9985915492957746
recall_macro	0.5714285714285714
recall_weighted	0.9985915492957746
jaccard_micro	0.9971870604781997
jaccard_macro	0.5714285714285714
jaccard_weighted	0.9985915492957746
