method	accuracy	balanced_accuracy	f1_micro	f1_macro	f1_weighted	precision_micro	precision_macro	precision_weighted	recall_micro	recall_macro	recall_weighted	jaccard_micro	jaccard_macro	jaccard_weighted
btop	0.9999383932971907	0.999934288342752	0.9999383932971907	0.9999123844570026	0.9999383932971907	0.9999383932971907	0.999934288342752	0.9999691966485954	0.9999383932971907	0.999934288342752	0.9999383932971907	0.9998767941846856	0.999868576685504	0.9999075899457861
