metric	value
accuracy	0.9999383932971907
balanced_accuracy	0.999934288342752
f1_micro	0.9999383932971907
f1_macro	0.9999123844570026
f1_weighted	0.9999383932971907
precision_micro	0.9999383932971907
precision_macro	0.999934288342752
precision_weighted	0.9999691966485954
recall_micro	0.9999383932971907
recall_macro	0.999934288342752
recall_weighted	0.9999383932971907
jaccard_micro	0.9998767941846856
jaccard_macro	0.999868576685504
jaccard_weighted	0.9999075899457861
