method	accuracy	balanced_accuracy	f1_micro	f1_macro	f1_weighted	precision_micro	precision_macro	precision_weighted	recall_micro	recall_macro	recall_weighted	jaccard_micro	jaccard_macro	jaccard_weighted
btop	0.9952569169960475	0.9887505849797547	0.9952569169960475	0.9848363595387226	0.9952664863720494	0.9952569169960475	0.9835784821744153	0.995478426532542	0.9952569169960475	0.9887505849797547	0.9952569169960475	0.990558615263572	0.9723544185124394	0.990775544971031
