metric	value
accuracy	0.9778656126482214
balanced_accuracy	0.9632891995181911
f1_micro	0.9778656126482214
f1_macro	0.9335107526564203
f1_weighted	0.9789018329868089
precision_micro	0.9778656126482214
precision_macro	0.9399774535334718
precision_weighted	0.985646226625608
jaccard_micro	0.9566898685228151
jaccard_macro	0.9175085896984028
jaccard_weighted	0.9652015955059433
