method	accuracy	balanced_accuracy	f1_micro	f1_macro	f1_weighted	precision_micro	precision_macro	precision_weighted	recall_micro	recall_macro	recall_weighted	jaccard_micro	jaccard_macro	jaccard_weighted
btop	0.9778656126482214	0.9632891995181911	0.9778656126482214	0.9335107526564203	0.9789018329868089	0.9778656126482214	0.9399774535334718	0.985646226625608	0.9778656126482214	0.9377716048289675	0.9778656126482214	0.9566898685228151	0.9175085896984028	0.9652015955059433
