metric	value
accuracy	0.8134387351778656
balanced_accuracy	0.7648752430708361
f1_micro	0.8134387351778656
f1_macro	0.652024562536182
f1_weighted	0.8189940456416659
precision_micro	0.8134387351778656
precision_macro	0.6671768067405528
precision_weighted	0.853747763804972
jaccard_micro	0.6855429713524317
jaccard_macro	0.6274001577300771
jaccard_weighted	0.7737190238430264
