method	accuracy	balanced_accuracy	f1_micro	f1_macro	f1_weighted	precision_micro	precision_macro	precision_weighted	recall_micro	recall_macro	recall_weighted	jaccard_micro	jaccard_macro	jaccard_weighted
btop	0.8134387351778656	0.7648752430708361	0.8134387351778656	0.652024562536182	0.8189940456416659	0.8134387351778656	0.6671768067405528	0.853747763804972	0.8134387351778656	0.6651922539989477	0.8134387351778656	0.6855429713524317	0.6274001577300771	0.7737190238430264
