method	accuracy	balanced_accuracy	f1_micro	f1_macro	f1_weighted	precision_micro	precision_macro	precision_weighted	recall_micro	recall_macro	recall_weighted	jaccard_micro	jaccard_macro	jaccard_weighted
btop	0.9889328063241106	0.9692805779126534	0.9889328063241106	0.9543676299606849	0.9888716336881863	0.9889328063241106	0.9658488881878686	0.990520026334244	0.9889328063241106	0.9509922651218486	0.9889328063241106	0.9781078967943706	0.935778685983877	0.9795615612224843
