metric	value
accuracy	0.9889328063241106
balanced_accuracy	0.9692805779126534
f1_micro	0.9889328063241106
f1_macro	0.9543676299606849
f1_weighted	0.9888716336881863
precision_micro	0.9889328063241106
precision_macro	0.9658488881878686
precision_weighted	0.990520026334244
jaccard_micro	0.9781078967943706
jaccard_macro	0.935778685983877
jaccard_weighted	0.9795615612224843
