method	accuracy	balanced_accuracy	f1_micro	f1_macro	f1_weighted	precision_micro	precision_macro	precision_weighted	recall_micro	recall_macro	recall_weighted	jaccard_micro	jaccard_macro	jaccard_weighted
btop	0.0031620553359683794	0.003779697624190065	0.003162055335968379	0.0017769607843137255	0.002608695652173913	0.0031620553359683794	0.001633986928104575	0.0023715415019762848	0.0031620553359683794	0.002144607843137255	0.0031620553359683794	0.001583531274742676	0.0015829248366013072	0.0022397891963109357
