method	accuracy	balanced_accuracy	f1_micro	f1_macro	f1_weighted	precision_micro	precision_macro	precision_weighted	recall_micro	recall_macro	recall_weighted	jaccard_micro	jaccard_macro	jaccard_weighted
ct1	0.9960474308300395	0.9899510651718314	0.9960474308300395	0.9857813156844693	0.9960724468871281	0.9960474308300395	0.9842436974789917	0.9963015245623941	0.9960474308300395	0.9899510651718314	0.9960474308300395	0.9921259842519685	0.974194762650823	0.9923489553924335
