metric	value
accuracy	0.9960474308300395
balanced_accuracy	0.9899510651718314
f1_micro	0.9960474308300395
f1_macro	0.9857813156844693
f1_weighted	0.9960724468871281
precision_micro	0.9960474308300395
precision_macro	0.9842436974789917
precision_weighted	0.9963015245623941
recall_micro	0.9960474308300395
recall_macro	0.9899510651718314
recall_weighted	0.9960474308300395
jaccard_micro	0.9921259842519685
jaccard_macro	0.974194762650823
jaccard_weighted	0.9923489553924335
