metric	value
accuracy	0.9699604743083003
balanced_accuracy	0.9205793781048883
f1_micro	0.9699604743083003
f1_macro	0.8915268393169121
f1_weighted	0.9681122639707007
precision_micro	0.9699604743083003
precision_macro	0.8933697715740581
precision_weighted	0.9717296169195248
recall_micro	0.9699604743083003
recall_macro	0.9021677905427904
recall_weighted	0.9699604743083003
jaccard_micro	0.9416730621642364
jaccard_macro	0.8698411964740912
jaccard_weighted	0.9506087055583623
