method	accuracy	balanced_accuracy	f1_micro	f1_macro	f1_weighted	precision_micro	precision_macro	precision_weighted	recall_micro	recall_macro	recall_weighted	jaccard_micro	jaccard_macro	jaccard_weighted
ct1	0.9699604743083003	0.9205793781048883	0.9699604743083003	0.8915268393169121	0.9681122639707007	0.9699604743083003	0.8933697715740581	0.9717296169195248	0.9699604743083003	0.9021677905427904	0.9699604743083003	0.9416730621642364	0.8698411964740912	0.9506087055583623
