method	accuracy	balanced_accuracy	f1_micro	f1_macro	f1_weighted	precision_micro	precision_macro	precision_weighted	recall_micro	recall_macro	recall_weighted	jaccard_micro	jaccard_macro	jaccard_weighted
ct1	0.7968379446640316	0.7108408211593295	0.7968379446640316	0.6002635694590076	0.7955502804183406	0.7968379446640316	0.6069539331282752	0.818173861711411	0.7968379446640316	0.6166544123557184	0.7968379446640316	0.6622864651773982	0.5778509182261758	0.7569629082141008
