metric	value
accuracy	0.7968379446640316
balanced_accuracy	0.7108408211593295
f1_micro	0.7968379446640316
f1_macro	0.6002635694590076
f1_weighted	0.7955502804183406
precision_micro	0.7968379446640316
precision_macro	0.6069539331282752
precision_weighted	0.818173861711411
recall_micro	0.7968379446640316
recall_macro	0.6166544123557184
recall_weighted	0.7968379446640316
jaccard_micro	0.6622864651773982
jaccard_macro	0.5778509182261758
jaccard_weighted	0.7569629082141008
