method	accuracy	balanced_accuracy	f1_micro	f1_macro	f1_weighted	precision_micro	precision_macro	precision_weighted	recall_micro	recall_macro	recall_weighted	jaccard_micro	jaccard_macro	jaccard_weighted
ct1	0.9889328063241106	0.9721333997955699	0.9889328063241106	0.950040948985223	0.9891743309446444	0.9889328063241106	0.9566325418661414	0.9908332494892786	0.9889328063241106	0.9537912601767855	0.9889328063241106	0.9781078967943706	0.9293155660641312	0.9798623640322883
