metric	value
accuracy	0.9889328063241106
balanced_accuracy	0.9721333997955699
f1_micro	0.9889328063241106
f1_macro	0.950040948985223
f1_weighted	0.9891743309446444
precision_micro	0.9889328063241106
precision_macro	0.9566325418661414
precision_weighted	0.9908332494892786
jaccard_micro	0.9781078967943706
jaccard_macro	0.9293155660641312
jaccard_weighted	0.9798623640322883
