metric	value
accuracy	0.9894366197183099
balanced_accuracy	0.9809158842819432
f1_micro	0.9894366197183099
f1_macro	0.9634998064940413
f1_weighted	0.9911066688520788
precision_micro	0.9894366197183099
precision_macro	0.9677592312146452
precision_weighted	0.9954719664138677
recall_micro	0.9894366197183099
recall_macro	0.9684201405331286
recall_weighted	0.9894366197183099
jaccard_micro	0.9790940766550522
jaccard_macro	0.9553128276023596
jaccard_weighted	0.9856740484714306
