method	accuracy	balanced_accuracy	f1_micro	f1_macro	f1_weighted	precision_micro	precision_macro	precision_weighted	recall_micro	recall_macro	recall_weighted	jaccard_micro	jaccard_macro	jaccard_weighted
nbc80	0.9894366197183099	0.9809158842819432	0.9894366197183099	0.9634998064940413	0.9911066688520788	0.9894366197183099	0.9677592312146452	0.9954719664138677	0.9894366197183099	0.9684201405331286	0.9894366197183099	0.9790940766550522	0.9553128276023596	0.9856740484714306
