method	accuracy	balanced_accuracy	f1_micro	f1_macro	f1_weighted	precision_micro	precision_macro	precision_weighted	recall_micro	recall_macro	recall_weighted	jaccard_micro	jaccard_macro	jaccard_weighted
nbc80	0.9901408450704225	0.9819911530991476	0.9901408450704225	0.9662019875401713	0.9917255335554503	0.9901408450704225	0.9709439445904414	0.9958240790899241	0.9901408450704225	0.9694817116583941	0.9901408450704225	0.9804741980474198	0.9595591121034212	0.9867303864995997
