metric	value
accuracy	0.8654929577464788
balanced_accuracy	0.8532571721097746
f1_micro	0.8654929577464788
f1_macro	0.8243229177679684
f1_weighted	0.876962197405409
precision_micro	0.8654929577464788
precision_macro	0.8439294912174169
precision_weighted	0.9112225974798468
recall_micro	0.8654929577464788
recall_macro	0.8214022376843431
recall_weighted	0.8654929577464788
jaccard_micro	0.7628801986343886
jaccard_macro	0.8074308429545258
jaccard_weighted	0.8425491575163147
