method	accuracy	balanced_accuracy	f1_micro	f1_macro	f1_weighted	precision_micro	precision_macro	precision_weighted	recall_micro	recall_macro	recall_weighted	jaccard_micro	jaccard_macro	jaccard_weighted
nbc80	0.8640845070422535	0.8542445940769312	0.8640845070422536	0.8262986762910953	0.8760054241951146	0.8640845070422535	0.8475808418161359	0.9115355865252303	0.8640845070422535	0.8223527958980591	0.8640845070422535	0.7606943583384997	0.8095539581645974	0.841272961694038
