method	accuracy	balanced_accuracy	f1_micro	f1_macro	f1_weighted	precision_micro	precision_macro	precision_weighted	recall_micro	recall_macro	recall_weighted	jaccard_micro	jaccard_macro	jaccard_weighted
nbc80	0.8654929577464788	0.8532571721097746	0.8654929577464788	0.8243229177679684	0.876962197405409	0.8654929577464788	0.8439294912174169	0.9112225974798468	0.8654929577464788	0.8214022376843431	0.8654929577464788	0.7628801986343886	0.8074308429545258	0.8425491575163147
