metric	value
accuracy	0.028873239436619718
balanced_accuracy	0.0389363722697056
f1_micro	0.028873239436619718
f1_macro	0.02800734618916437
f1_weighted	0.028638497652582157
precision_micro	0.028873239436619718
precision_macro	0.027892561983471075
precision_weighted	0.02852112676056338
jaccard_micro	0.014648088603072526
jaccard_macro	0.027892561983471075
jaccard_weighted	0.02852112676056338
