method	accuracy	balanced_accuracy	f1_micro	f1_macro	f1_weighted	precision_micro	precision_macro	precision_weighted	recall_micro	recall_macro	recall_weighted	jaccard_micro	jaccard_macro	jaccard_weighted
nbc80	0.028873239436619718	0.0389363722697056	0.028873239436619718	0.02800734618916437	0.028638497652582157	0.028873239436619718	0.027892561983471075	0.02852112676056338	0.028873239436619718	0.028236914600550965	0.028873239436619718	0.014648088603072526	0.027892561983471075	0.02852112676056338
