method	accuracy	balanced_accuracy	f1_micro	f1_macro	f1_weighted	precision_micro	precision_macro	precision_weighted	recall_micro	recall_macro	recall_weighted	jaccard_micro	jaccard_macro	jaccard_weighted
nbc80	0.03028169014084507	0.04083570750237417	0.03028169014084507	0.029405008040431883	0.03004694835680751	0.03028169014084507	0.02929014472777395	0.02992957746478873	0.03028169014084507	0.029634734665747762	0.03028169014084507	0.015373614587057561	0.02929014472777395	0.02992957746478873
