metric	value
accuracy	0.9987325728770595
balanced_accuracy	0.9822686578507372
f1_micro	0.9987325728770595
f1_macro	0.9872720893677092
f1_weighted	0.9987080679229648
precision_micro	0.9987325728770595
precision_macro	0.9950874300853695
precision_weighted	0.9987506617894787
recall_micro	0.9987325728770595
recall_macro	0.9822686578507372
recall_weighted	0.9987325728770595
jaccard_micro	0.9974683544303797
jaccard_macro	0.9775467328915607
jaccard_weighted	0.9975081119422944
