method	accuracy	balanced_accuracy	f1_micro	f1_macro	f1_weighted	precision_micro	precision_macro	precision_weighted	recall_micro	recall_macro	recall_weighted	jaccard_micro	jaccard_macro	jaccard_weighted
ct1	0.9987325728770595	0.9822686578507372	0.9987325728770595	0.9872720893677092	0.9987080679229648	0.9987325728770595	0.9950874300853695	0.9987506617894787	0.9987325728770595	0.9822686578507372	0.9987325728770595	0.9974683544303797	0.9775467328915607	0.9975081119422944
