method	accuracy	balanced_accuracy	f1_micro	f1_macro	f1_weighted	precision_micro	precision_macro	precision_weighted	recall_micro	recall_macro	recall_weighted	jaccard_micro	jaccard_macro	jaccard_weighted
ct1	0.979467680608365	0.9166769416742753	0.979467680608365	0.9083973829220784	0.9799269898861684	0.979467680608365	0.9193994866051142	0.983054200439015	0.979467680608365	0.9091322754876557	0.979467680608365	0.9597615499254843	0.8842480345862529	0.9660149061265946
