metric	value
accuracy	0.979467680608365
balanced_accuracy	0.9166769416742753
f1_micro	0.979467680608365
f1_macro	0.9083973829220784
f1_weighted	0.9799269898861684
precision_micro	0.979467680608365
precision_macro	0.9193994866051142
precision_weighted	0.983054200439015
jaccard_micro	0.9597615499254843
jaccard_macro	0.8842480345862529
jaccard_weighted	0.9660149061265946
