method	accuracy	balanced_accuracy	f1_micro	f1_macro	f1_weighted	precision_micro	precision_macro	precision_weighted	recall_micro	recall_macro	recall_weighted	jaccard_micro	jaccard_macro	jaccard_weighted
ct1	0.9221799746514575	0.7940621550929248	0.9221799746514575	0.7549578948319553	0.9165635201128863	0.9221799746514575	0.7587314047323332	0.9204858984853179	0.9221799746514575	0.7671919071376216	0.9221799746514575	0.8555973659454374	0.7274267142392709	0.8853446340076248
