metric	value
accuracy	0.9221799746514575
balanced_accuracy	0.7940621550929248
f1_micro	0.9221799746514575
f1_macro	0.7549578948319553
f1_weighted	0.9165635201128863
precision_micro	0.9221799746514575
precision_macro	0.7587314047323332
precision_weighted	0.9204858984853179
jaccard_micro	0.8555973659454374
jaccard_macro	0.7274267142392709
jaccard_weighted	0.8853446340076248
