method	accuracy	balanced_accuracy	f1_micro	f1_macro	f1_weighted	precision_micro	precision_macro	precision_weighted	recall_micro	recall_macro	recall_weighted	jaccard_micro	jaccard_macro	jaccard_weighted
ct1	0.9929024081115336	0.9729436984752571	0.9929024081115336	0.953114561299734	0.9933073199015047	0.9929024081115336	0.9630472853371888	0.9942613632021424	0.9929024081115336	0.9505771766712283	0.9929024081115336	0.9859048577900831	0.9367526812066274	0.9872544858677567
