metric	value
accuracy	0.9929024081115336
balanced_accuracy	0.9729436984752571
f1_micro	0.9929024081115336
f1_macro	0.953114561299734
f1_weighted	0.9933073199015047
precision_micro	0.9929024081115336
precision_macro	0.9630472853371888
precision_weighted	0.9942613632021424
jaccard_micro	0.9859048577900831
jaccard_macro	0.9367526812066274
jaccard_weighted	0.9872544858677567
