method	accuracy	balanced_accuracy	f1_micro	f1_macro	f1_weighted	precision_micro	precision_macro	precision_weighted	recall_micro	recall_macro	recall_weighted	jaccard_micro	jaccard_macro	jaccard_weighted
ct1	0.27097591888466416	0.28422026180990323	0.27097591888466416	0.2162121341129249	0.24504244101202274	0.27097591888466416	0.20665788002236601	0.23474923049067534	0.27097591888466416	0.2393362089623772	0.27097591888466416	0.15672188828617506	0.20589903346912694	0.23276359466473534
