metric	value
accuracy	0.27097591888466416
balanced_accuracy	0.28422026180990323
f1_micro	0.27097591888466416
f1_macro	0.2162121341129249
f1_weighted	0.24504244101202274
precision_micro	0.27097591888466416
precision_macro	0.20665788002236601
precision_weighted	0.23474923049067534
jaccard_micro	0.15672188828617506
jaccard_macro	0.20589903346912694
jaccard_weighted	0.23276359466473534
