metric	value
accuracy	0.9778656126482214
balanced_accuracy	0.9639053189818496
f1_micro	0.9778656126482214
f1_macro	0.9344713575905353
f1_weighted	0.979083313010186
precision_micro	0.9778656126482214
precision_macro	0.9392471509558358
precision_weighted	0.9844158780268383
recall_micro	0.9778656126482214
recall_macro	0.938371403247231
recall_weighted	0.9778656126482214
jaccard_micro	0.9566898685228151
jaccard_macro	0.9189493426000048
jaccard_weighted	0.9655529349877174
