method	accuracy	balanced_accuracy	f1_micro	f1_macro	f1_weighted	precision_micro	precision_macro	precision_weighted	recall_micro	recall_macro	recall_weighted	jaccard_micro	jaccard_macro	jaccard_weighted
top	0.9778656126482214	0.9639053189818496	0.9778656126482214	0.9344713575905353	0.979083313010186	0.9778656126482214	0.9392471509558358	0.9844158780268383	0.9778656126482214	0.938371403247231	0.9778656126482214	0.9566898685228151	0.9189493426000048	0.9655529349877174
