metric	value
accuracy	0.8189723320158103
balanced_accuracy	0.7714277914758978
f1_micro	0.8189723320158104
f1_macro	0.6636291840535756
f1_weighted	0.8200817713814234
precision_micro	0.8189723320158103
precision_macro	0.6722166372218638
precision_weighted	0.8450622004838594
jaccard_micro	0.6934404283801874
jaccard_macro	0.6425946320261601
jaccard_weighted	0.7803436355864775
