method	accuracy	balanced_accuracy	f1_micro	f1_macro	f1_weighted	precision_micro	precision_macro	precision_weighted	recall_micro	recall_macro	recall_weighted	jaccard_micro	jaccard_macro	jaccard_weighted
top	0.8189723320158103	0.7714277914758978	0.8189723320158104	0.6636291840535756	0.8200817713814234	0.8189723320158103	0.6722166372218638	0.8450622004838594	0.8189723320158103	0.6776846674484469	0.8189723320158103	0.6934404283801874	0.6425946320261601	0.7803436355864775
