metric	value
accuracy	0.9992395437262357
balanced_accuracy	0.9992077939461156
f1_micro	0.9992395437262357
f1_macro	0.9987333277967967
f1_weighted	0.9992525359131309
precision_micro	0.9992395437262357
precision_macro	0.9984833344503954
precision_weighted	0.9993321968054384
jaccard_micro	0.9984802431610942
jaccard_macro	0.9976911283965108
jaccard_weighted	0.9985717405316742
