method	accuracy	balanced_accuracy	f1_micro	f1_macro	f1_weighted	precision_micro	precision_macro	precision_weighted	recall_micro	recall_macro	recall_weighted	jaccard_micro	jaccard_macro	jaccard_weighted
top	0.9992395437262357	0.9992077939461156	0.9992395437262357	0.9987333277967967	0.9992525359131309	0.9992395437262357	0.9984833344503954	0.9993321968054384	0.9992395437262357	0.9992077939461156	0.9992395437262357	0.9984802431610942	0.9976911283965108	0.9985717405316742
