metric	value
accuracy	0.9951837769328263
balanced_accuracy	0.996389673584483
f1_micro	0.9951837769328263
f1_macro	0.9904936124103543
f1_weighted	0.9958105181889346
precision_micro	0.9951837769328263
precision_macro	0.9910891417462467
precision_weighted	0.9969160598318093
jaccard_micro	0.9904137235116044
jaccard_macro	0.9888753245700949
jaccard_weighted	0.9926902038673449
