method	accuracy	balanced_accuracy	f1_micro	f1_macro	f1_weighted	precision_micro	precision_macro	precision_weighted	recall_micro	recall_macro	recall_weighted	jaccard_micro	jaccard_macro	jaccard_weighted
top	0.9951837769328263	0.996389673584483	0.9951837769328263	0.9904936124103543	0.9958105181889346	0.9951837769328263	0.9910891417462467	0.9969160598318093	0.9951837769328263	0.9904089432508427	0.9951837769328263	0.9904137235116044	0.9888753245700949	0.9926902038673449
