method	accuracy	balanced_accuracy	f1_micro	f1_macro	f1_weighted	precision_micro	precision_macro	precision_weighted	recall_micro	recall_macro	recall_weighted	jaccard_micro	jaccard_macro	jaccard_weighted
top	0.7229404309252218	0.7697543160690571	0.7229404309252218	0.6594798386320017	0.7095943332825463	0.7229404309252218	0.6563914344123195	0.7092254612026474	0.7229404309252218	0.6725302502900712	0.7229404309252218	0.5660976578007145	0.6516342655079602	0.6985537248274891
