metric	value
accuracy	0.7229404309252218
balanced_accuracy	0.7697543160690571
f1_micro	0.7229404309252218
f1_macro	0.6594798386320017
f1_weighted	0.7095943332825463
precision_micro	0.7229404309252218
precision_macro	0.6563914344123195
precision_weighted	0.7092254612026474
jaccard_micro	0.5660976578007145
jaccard_macro	0.6516342655079602
jaccard_weighted	0.6985537248274891
