metric	value
accuracy	0.9235142118863049
balanced_accuracy	0.9179543386578461
f1_micro	0.9235142118863049
f1_macro	0.8999575385412406
f1_weighted	0.9571320770099725
precision_micro	0.9235142118863049
precision_macro	0.9410016148442242
precision_weighted	0.9985282881856546
jaccard_micro	0.85789726356217
jaccard_macro	0.8633008858371182
jaccard_weighted	0.9221280945348768
