method	accuracy	balanced_accuracy	f1_micro	f1_macro	f1_weighted	precision_micro	precision_macro	precision_weighted	recall_micro	recall_macro	recall_weighted	jaccard_micro	jaccard_macro	jaccard_weighted
blca	0.9235142118863049	0.9179543386578461	0.9235142118863049	0.8999575385412406	0.9571320770099725	0.9235142118863049	0.9410016148442242	0.9985282881856546	0.9235142118863049	0.8696409524126963	0.9235142118863049	0.85789726356217	0.8633008858371182	0.9221280945348768
