metric	value
accuracy	0.8697674418604651
balanced_accuracy	0.817257843529332
f1_micro	0.8697674418604651
f1_macro	0.7942026623545486
f1_weighted	0.9001415408544754
precision_micro	0.8697674418604651
precision_macro	0.8309133999483291
precision_weighted	0.9520432370768287
jaccard_micro	0.7695473251028807
jaccard_macro	0.7520462350640741
jaccard_weighted	0.8493388079468869
