method	accuracy	balanced_accuracy	f1_micro	f1_macro	f1_weighted	precision_micro	precision_macro	precision_weighted	recall_micro	recall_macro	recall_weighted	jaccard_micro	jaccard_macro	jaccard_weighted
blca	0.8697674418604651	0.817257843529332	0.8697674418604651	0.7942026623545486	0.9001415408544754	0.8697674418604651	0.8309133999483291	0.9520432370768287	0.8697674418604651	0.7869890345097268	0.8697674418604651	0.7695473251028807	0.7520462350640741	0.8493388079468869
