method	accuracy	balanced_accuracy	f1_micro	f1_macro	f1_weighted	precision_micro	precision_macro	precision_weighted	recall_micro	recall_macro	recall_weighted	jaccard_micro	jaccard_macro	jaccard_weighted
blca	0.869250645994832	0.8163799553918283	0.8692506459948319	0.7938887695072656	0.8998014293533575	0.869250645994832	0.8311755304248847	0.9520683910636312	0.869250645994832	0.7861436607476864	0.869250645994832	0.7687385740402194	0.7513392602830252	0.8488416995428016
