method	accuracy	balanced_accuracy	f1_micro	f1_macro	f1_weighted	precision_micro	precision_macro	precision_weighted	recall_micro	recall_macro	recall_weighted	jaccard_micro	jaccard_macro	jaccard_weighted
blca	0.5622739018087856	0.4911559077157275	0.5622739018087856	0.40170596776530443	0.57932643192308	0.5622739018087856	0.4320371398498308	0.6629601834862303	0.5622739018087856	0.4102828466059088	0.5622739018087856	0.39108554996405465	0.36967439145464615	0.52268178513262
