metric	value
accuracy	0.5648578811369509
balanced_accuracy	0.4939781889334413
f1_micro	0.5648578811369509
f1_macro	0.4030179272569498
f1_weighted	0.5806907217592734
precision_micro	0.5648578811369509
precision_macro	0.43089869735102265
precision_weighted	0.6623441030464072
recall_micro	0.5648578811369509
recall_macro	0.4126404148520313
recall_weighted	0.5648578811369509
jaccard_micro	0.39359020525747207
jaccard_macro	0.3710790958812487
jaccard_weighted	0.523988719947613
