method	accuracy	balanced_accuracy	f1_micro	f1_macro	f1_weighted	precision_micro	precision_macro	precision_weighted	recall_micro	recall_macro	recall_weighted	jaccard_micro	jaccard_macro	jaccard_weighted
blca	0.5648578811369509	0.4939781889334413	0.5648578811369509	0.4030179272569498	0.5806907217592734	0.5648578811369509	0.43089869735102265	0.6623441030464072	0.5648578811369509	0.4126404148520313	0.5648578811369509	0.39359020525747207	0.3710790958812487	0.523988719947613
