method	accuracy	balanced_accuracy	f1_micro	f1_macro	f1_weighted	precision_micro	precision_macro	precision_weighted	recall_micro	recall_macro	recall_weighted	jaccard_micro	jaccard_macro	jaccard_weighted
blca	0.9043927648578811	0.8669708893989561	0.9043927648578811	0.8687121228874495	0.93713520881582	0.9043927648578811	0.9172928346097472	0.9838797362930244	0.9043927648578811	0.8390040865151187	0.9043927648578811	0.8254716981132075	0.8273001641360168	0.8949081520227407
