metric	value
accuracy	0.9043927648578811
balanced_accuracy	0.8669708893989561
f1_micro	0.9043927648578811
f1_macro	0.8686200933289188
f1_weighted	0.9368875137559604
precision_micro	0.9043927648578811
precision_macro	0.9171098581933742
precision_weighted	0.9833872602328328
jaccard_micro	0.8254716981132075
jaccard_macro	0.8271295199859511
jaccard_weighted	0.8944488679227187
