method	accuracy	balanced_accuracy	f1_micro	f1_macro	f1_weighted	precision_micro	precision_macro	precision_weighted	recall_micro	recall_macro	recall_weighted	jaccard_micro	jaccard_macro	jaccard_weighted
blca	0.9043927648578811	0.8669708893989561	0.9043927648578811	0.8686200933289188	0.9368875137559604	0.9043927648578811	0.9171098581933742	0.9833872602328328	0.9043927648578811	0.8390040865151187	0.9043927648578811	0.8254716981132075	0.8271295199859511	0.8944488679227187
