method	accuracy	balanced_accuracy	f1_micro	f1_macro	f1_weighted	precision_micro	precision_macro	precision_weighted	recall_micro	recall_macro	recall_weighted	jaccard_micro	jaccard_macro	jaccard_weighted
blca	0.9250645994832042	0.8279043325910038	0.9250645994832042	0.6731057184836285	0.9602589960299599	0.9250645994832042	0.75	1.0	0.9250645994832042	0.6209282494432529	0.9250645994832042	0.8605769230769231	0.6209282494432529	0.9250645994832042
