method	accuracy	balanced_accuracy	f1_micro	f1_macro	f1_weighted	precision_micro	precision_macro	precision_weighted	recall_micro	recall_macro	recall_weighted	jaccard_micro	jaccard_macro	jaccard_weighted
hitac_filter_qiime	0.9968379446640316	0.9911515453639084	0.9968379446640316	0.9865193320568328	0.9968608220924257	0.9968379446640316	0.9845027697177525	0.9970674772682961	0.9968379446640316	0.9911515453639084	0.9968379446640316	0.9936958234830575	0.9756543150816609	0.9939054219323277
