metric	value
accuracy	0.9960474308300395
balanced_accuracy	0.9899510651718314
f1_micro	0.9960474308300395
f1_macro	0.9311399648119801
f1_weighted	0.9964614903618523
precision_micro	0.9960474308300395
precision_macro	0.9298081714000995
precision_weighted	0.9970674772682961
jaccard_micro	0.9921259842519685
jaccard_macro	0.9203175107290517
jaccard_weighted	0.9931149080983356
