metric	value
accuracy	0.9754940711462451
balanced_accuracy	0.9482787667736647
f1_micro	0.9754940711462451
f1_macro	0.9381855114893295
f1_weighted	0.9804729141244941
precision_micro	0.9754940711462451
precision_macro	0.9481331112670626
precision_weighted	0.9893936386338897
jaccard_micro	0.9521604938271605
jaccard_macro	0.9239558698199638
jaccard_weighted	0.9680976849237719
