metric	value
accuracy	0.8956521739130435
balanced_accuracy	0.8833488608184366
f1_micro	0.8956521739130435
f1_macro	0.7375436118349888
f1_weighted	0.9298267701240885
precision_micro	0.8956521739130435
precision_macro	0.76060787443469
precision_weighted	0.9777103331451159
jaccard_micro	0.8110236220472441
jaccard_macro	0.7169188436676013
jaccard_weighted	0.8904573687182382
