method	accuracy	balanced_accuracy	f1_micro	f1_macro	f1_weighted	precision_micro	precision_macro	precision_weighted	recall_micro	recall_macro	recall_weighted	jaccard_micro	jaccard_macro	jaccard_weighted
hitac_filter_qiime	0.9754940711462451	0.9482787667736647	0.9754940711462451	0.9381855114893295	0.9804729141244941	0.9754940711462451	0.9481331112670626	0.9893936386338897	0.9754940711462451	0.9355501927230115	0.9754940711462451	0.9521604938271605	0.9239558698199638	0.9680976849237719
