metric	value
accuracy	0.17470355731225296
balanced_accuracy	0.29387600830728744
f1_micro	0.17470355731225296
f1_macro	0.19703178421735432
f1_weighted	0.21361890002946848
precision_micro	0.17470355731225296
precision_macro	0.24745454545454545
precision_weighted	0.49306982872200267
jaccard_micro	0.09571242962321351
jaccard_macro	0.18269037147106723
jaccard_weighted	0.17241616728292744
