metric	value
accuracy	0.7960474308300395
balanced_accuracy	0.7169068585592652
f1_micro	0.7960474308300395
f1_macro	0.66332348947787
f1_weighted	0.7995364582084578
precision_micro	0.7960474308300395
precision_macro	0.6735137699073473
precision_weighted	0.8258862906713386
recall_micro	0.7960474308300395
recall_macro	0.6723423781623379
recall_weighted	0.7960474308300395
jaccard_micro	0.6611950098489823
jaccard_macro	0.6422335628013126
jaccard_weighted	0.7628237032231554
