metric	value
accuracy	0.991304347826087
balanced_accuracy	0.9759251402468709
f1_micro	0.991304347826087
f1_macro	0.9403897503548561
f1_weighted	0.9920466863632719
precision_micro	0.991304347826087
precision_macro	0.9477532649353955
precision_weighted	0.9937849532128493
recall_micro	0.991304347826087
recall_macro	0.9397797646821721
recall_weighted	0.991304347826087
jaccard_micro	0.9827586206896551
jaccard_macro	0.9245814057037443
jaccard_weighted	0.985137220846605
