metric	value
accuracy	0.9802371541501976
balanced_accuracy	0.9658900167991031
f1_micro	0.9802371541501976
f1_macro	0.8042728833697996
f1_weighted	0.9872290206520351
precision_micro	0.9802371541501976
precision_macro	0.8170553189514898
precision_weighted	0.9956643639559983
jaccard_micro	0.9612403100775194
jaccard_macro	0.7889107662881073
jaccard_weighted	0.9759494379138647
