method	accuracy	balanced_accuracy	f1_micro	f1_macro	f1_weighted	precision_micro	precision_macro	precision_weighted	recall_micro	recall_macro	recall_weighted	jaccard_micro	jaccard_macro	jaccard_weighted
ct2	0.9966988477109935	0.994565669967925	0.9966988477109935	0.9633853116424329	0.9968502498082161	0.9966988477109935	0.9644197669710006	0.997032282270639	0.9966988477109935	0.9624829064205725	0.9966988477109935	0.9934194189222747	0.9592112391499243	0.9937628729637016
