metric	value
accuracy	0.9966988477109935
balanced_accuracy	0.994565669967925
f1_micro	0.9966988477109935
f1_macro	0.9633853116424329
f1_weighted	0.9968502498082161
precision_micro	0.9966988477109935
precision_macro	0.9644197669710006
precision_weighted	0.997032282270639
jaccard_micro	0.9934194189222747
jaccard_macro	0.9592112391499243
jaccard_weighted	0.9937628729637016
