method	accuracy	balanced_accuracy	f1_micro	f1_macro	f1_weighted	precision_micro	precision_macro	precision_weighted	recall_micro	recall_macro	recall_weighted	jaccard_micro	jaccard_macro	jaccard_weighted
ct2	0.9575833073808783	0.8191481796516618	0.9575833073808783	0.8399776925052832	0.964557782895886	0.9575833073808783	0.8857236585359942	0.9756759899275946	0.9575833073808783	0.8163235307563111	0.9575833073808783	0.9186185468451242	0.7969305777664817	0.9391644675384525
