metric	value
accuracy	0.9575833073808783
balanced_accuracy	0.8191481796516618
f1_micro	0.9575833073808783
f1_macro	0.8399776925052832
f1_weighted	0.964557782895886
precision_micro	0.9575833073808783
precision_macro	0.8857236585359942
precision_weighted	0.9756759899275946
jaccard_micro	0.9186185468451242
jaccard_macro	0.7969305777664817
jaccard_weighted	0.9391644675384525
