metric	value
accuracy	0.828962939894114
balanced_accuracy	0.5140493839148025
f1_micro	0.828962939894114
f1_macro	0.5384148897853851
f1_weighted	0.8351270049355026
precision_micro	0.828962939894114
precision_macro	0.6062764975297588
precision_weighted	0.8641170538006278
recall_micro	0.828962939894114
recall_macro	0.5136249005259381
recall_weighted	0.828962939894114
jaccard_micro	0.7078878783043455
jaccard_macro	0.485130842796477
jaccard_weighted	0.77994978406608
