method	accuracy	balanced_accuracy	f1_micro	f1_macro	f1_weighted	precision_micro	precision_macro	precision_weighted	recall_micro	recall_macro	recall_weighted	jaccard_micro	jaccard_macro	jaccard_weighted
ct2	0.828962939894114	0.5140493839148025	0.828962939894114	0.5384148897853851	0.8351270049355026	0.828962939894114	0.6062764975297588	0.8641170538006278	0.828962939894114	0.5136249005259381	0.828962939894114	0.7078878783043455	0.485130842796477	0.77994978406608
