metric	value
accuracy	0.9872936779819371
balanced_accuracy	0.8911360565128245
f1_micro	0.9872936779819371
f1_macro	0.8955245363961993
f1_weighted	0.9891157199813436
precision_micro	0.9872936779819371
precision_macro	0.9193531898403811
precision_weighted	0.9916513352513788
jaccard_micro	0.9749062057937142
jaccard_macro	0.8719206985493413
jaccard_weighted	0.9800310927734582
