method	accuracy	balanced_accuracy	f1_micro	f1_macro	f1_weighted	precision_micro	precision_macro	precision_weighted	recall_micro	recall_macro	recall_weighted	jaccard_micro	jaccard_macro	jaccard_weighted
ct2	0.9872936779819371	0.8911360565128245	0.9872936779819371	0.8955245363961993	0.9891157199813436	0.9872936779819371	0.9193531898403811	0.9916513352513788	0.9872936779819371	0.8823994285077968	0.9872936779819371	0.9749062057937142	0.8719206985493413	0.9800310927734582
