metric	value
accuracy	0.08526938648396139
balanced_accuracy	0.06862862900449967
f1_micro	0.08526938648396139
f1_macro	0.07802604751761029
f1_weighted	0.09485669838749193
precision_micro	0.08526938648396139
precision_macro	0.09825066779413702
precision_weighted	0.11792285784822168
jaccard_micro	0.04453335935721024
jaccard_macro	0.06613659245596908
jaccard_weighted	0.08010590080640181
