method	accuracy	balanced_accuracy	f1_micro	f1_macro	f1_weighted	precision_micro	precision_macro	precision_weighted	recall_micro	recall_macro	recall_weighted	jaccard_micro	jaccard_macro	jaccard_weighted
ct2	0.08526938648396139	0.06862862900449967	0.08526938648396139	0.07802604751761029	0.09485669838749193	0.08526938648396139	0.09825066779413702	0.11792285784822168	0.08526938648396139	0.06861961078781051	0.08526938648396139	0.04453335935721024	0.06613659245596908	0.08010590080640181
