metric	value
accuracy	0.8363636363636363
balanced_accuracy	0.7631134602856707
f1_micro	0.8363636363636363
f1_macro	0.6645544371464939
f1_weighted	0.8243797380129977
precision_micro	0.8363636363636363
precision_macro	0.6664200781946896
precision_weighted	0.8346563146997928
recall_micro	0.8363636363636363
recall_macro	0.6860113231065486
recall_weighted	0.8363636363636363
jaccard_micro	0.71875
jaccard_macro	0.6426463169898771
jaccard_weighted	0.7876548032879992
