method	accuracy	balanced_accuracy	f1_micro	f1_macro	f1_weighted	precision_micro	precision_macro	precision_weighted	recall_micro	recall_macro	recall_weighted	jaccard_micro	jaccard_macro	jaccard_weighted
hitac_standalone	0.8363636363636363	0.7631134602856707	0.8363636363636363	0.6645544371464939	0.8243797380129977	0.8363636363636363	0.6664200781946896	0.8346563146997928	0.8363636363636363	0.6860113231065486	0.8363636363636363	0.71875	0.6426463169898771	0.7876548032879992
