method	accuracy	balanced_accuracy	f1_micro	f1_macro	f1_weighted	precision_micro	precision_macro	precision_weighted	recall_micro	recall_macro	recall_weighted	jaccard_micro	jaccard_macro	jaccard_weighted
hitac_standalone	0.991304347826087	0.9759251402468709	0.991304347826087	0.9577629938872636	0.9916591795819032	0.991304347826087	0.9649097126047137	0.9930248437570875	0.991304347826087	0.9575114583554205	0.991304347826087	0.9827586206896551	0.9413006484818991	0.9843771113908435
