method	accuracy	balanced_accuracy	f1_micro	f1_macro	f1_weighted	precision_micro	precision_macro	precision_weighted	recall_micro	recall_macro	recall_weighted	jaccard_micro	jaccard_macro	jaccard_weighted
hitac_standalone	0.0023715415019762848	0.0032397408207343412	0.0023715415019762848	0.0013911833753586643	0.0018068887634105025	0.0023715415019762848	0.0013187259078920673	0.0017127799736495388	0.0023715415019762848	0.0018259281801582471	0.0023715415019762848	0.001187178472497032	0.0013187259078920673	0.0017127799736495388
