metric	value
accuracy	0.0023715415019762848
balanced_accuracy	0.0032397408207343412
f1_micro	0.0023715415019762848
f1_macro	0.0013911833753586643
f1_weighted	0.0018068887634105025
precision_micro	0.0023715415019762848
precision_macro	0.0013187259078920673
precision_weighted	0.0017127799736495388
jaccard_micro	0.001187178472497032
jaccard_macro	0.0013187259078920673
jaccard_weighted	0.0017127799736495388
