method	accuracy	balanced_accuracy	f1_micro	f1_macro	f1_weighted	precision_micro	precision_macro	precision_weighted	recall_micro	recall_macro	recall_weighted	jaccard_micro	jaccard_macro	jaccard_weighted
microclass	0.9999377141077546	0.999948347107438	0.9999377141077546	0.9999716974081928	0.9999367714109951	0.9999377141077546	0.999996720451266	0.9999379612739937	0.9999377141077546	0.999948347107438	0.9999377141077546	0.9998754359740907	0.9999450675587039	0.9998756753817483
