metric	value
accuracy	0.9999377141077546
balanced_accuracy	0.999948347107438
f1_micro	0.9999377141077546
f1_macro	0.9999716974081928
f1_weighted	0.9999367714109951
precision_micro	0.9999377141077546
precision_macro	0.999996720451266
precision_weighted	0.9999379612739937
jaccard_micro	0.9998754359740907
jaccard_macro	0.9999450675587039
jaccard_weighted	0.9998756753817483
