metric	value
accuracy	0.9938336966677047
balanced_accuracy	0.9914377710605862
f1_micro	0.9938336966677047
f1_macro	0.9906969242424148
f1_weighted	0.9925250945113094
precision_micro	0.9938336966677047
precision_macro	0.9913263774382186
precision_weighted	0.9928104763156148
recall_micro	0.9938336966677047
recall_macro	0.9914377710605862
recall_weighted	0.9938336966677047
jaccard_micro	0.9877429738764393
jaccard_macro	0.9883516364838792
jaccard_weighted	0.9893678068155507
