method	accuracy	balanced_accuracy	f1_micro	f1_macro	f1_weighted	precision_micro	precision_macro	precision_weighted	recall_micro	recall_macro	recall_weighted	jaccard_micro	jaccard_macro	jaccard_weighted
microclass	0.9938336966677047	0.9914377710605862	0.9938336966677047	0.9906969242424148	0.9925250945113094	0.9938336966677047	0.9913263774382186	0.9928104763156148	0.9938336966677047	0.9914377710605862	0.9938336966677047	0.9877429738764393	0.9883516364838792	0.9893678068155507
