method	accuracy	balanced_accuracy	f1_micro	f1_macro	f1_weighted	precision_micro	precision_macro	precision_weighted	recall_micro	recall_macro	recall_weighted	jaccard_micro	jaccard_macro	jaccard_weighted
q2vs	0.996958174904943	0.9949895087862586	0.996958174904943	0.9574360079080606	0.9975888168564827	0.996958174904943	0.9583442736832452	0.9982491053292379	0.996958174904943	0.9567206815252486	0.996958174904943	0.9939347990902199	0.9535281266188232	0.9952127764133724
