metric	value
accuracy	0.9609632446134347
balanced_accuracy	0.8589954800144003
f1_micro	0.9609632446134347
f1_macro	0.8597773639273207
f1_weighted	0.9644876952086703
precision_micro	0.9609632446134347
precision_macro	0.8793022221983624
precision_weighted	0.9723169694377087
jaccard_micro	0.9248597218833862
jaccard_macro	0.8296317582393109
jaccard_weighted	0.9429274189675099
