method	accuracy	balanced_accuracy	f1_micro	f1_macro	f1_weighted	precision_micro	precision_macro	precision_weighted	recall_micro	recall_macro	recall_weighted	jaccard_micro	jaccard_macro	jaccard_weighted
q2vs	0.9609632446134347	0.8589954800144003	0.9609632446134347	0.8597773639273207	0.9644876952086703	0.9609632446134347	0.8793022221983624	0.9723169694377087	0.9609632446134347	0.8519255583681912	0.9609632446134347	0.9248597218833862	0.8296317582393109	0.9429274189675099
