metric	value
accuracy	0.8141951837769328
balanced_accuracy	0.5869928669886423
f1_micro	0.8141951837769328
f1_macro	0.5774018770532982
f1_weighted	0.8119809390528966
precision_micro	0.8141951837769328
precision_macro	0.590566243042571
precision_weighted	0.8286470105456522
jaccard_micro	0.6866182129115006
jaccard_macro	0.5494191085002735
jaccard_weighted	0.7669750004731853
