method	accuracy	balanced_accuracy	f1_micro	f1_macro	f1_weighted	precision_micro	precision_macro	precision_weighted	recall_micro	recall_macro	recall_weighted	jaccard_micro	jaccard_macro	jaccard_weighted
q2vs	0.8141951837769328	0.5869928669886423	0.8141951837769328	0.5774018770532982	0.8119809390528966	0.8141951837769328	0.590566243042571	0.8286470105456522	0.8141951837769328	0.58207196870251	0.8141951837769328	0.6866182129115006	0.5494191085002735	0.7669750004731853
