metric	value
accuracy	0.9903675538656527
balanced_accuracy	0.961962850315024
f1_micro	0.9903675538656527
f1_macro	0.9544379073450413
f1_weighted	0.9912680170371527
precision_micro	0.9903675538656527
precision_macro	0.962359040859854
precision_weighted	0.9926951250330253
jaccard_micro	0.9809189053477279
jaccard_macro	0.9385741065237455
jaccard_weighted	0.9841427465494713
