method	accuracy	balanced_accuracy	f1_micro	f1_macro	f1_weighted	precision_micro	precision_macro	precision_weighted	recall_micro	recall_macro	recall_weighted	jaccard_micro	jaccard_macro	jaccard_weighted
q2vs	0.9903675538656527	0.961962850315024	0.9903675538656527	0.9544379073450413	0.9912680170371527	0.9903675538656527	0.962359040859854	0.9926951250330253	0.9903675538656527	0.9507772357764771	0.9903675538656527	0.9809189053477279	0.9385741065237455	0.9841427465494713
