metric	value
accuracy	0.9987325728770595
balanced_accuracy	0.9994861283254363
f1_micro	0.9987325728770595
f1_macro	0.8331190825116521
f1_weighted	0.9993658787946863
precision_micro	0.9987325728770595
precision_macro	0.8333333333333334
precision_weighted	1.0
recall_micro	0.9987325728770595
recall_macro	0.8329051069378636
recall_weighted	0.9987325728770595
jaccard_micro	0.9974683544303797
jaccard_macro	0.8329051069378636
jaccard_weighted	0.9987325728770595
