method	accuracy	balanced_accuracy	f1_micro	f1_macro	f1_weighted	precision_micro	precision_macro	precision_weighted	recall_micro	recall_macro	recall_weighted	jaccard_micro	jaccard_macro	jaccard_weighted
q2vs	0.9987325728770595	0.9994861283254363	0.9987325728770595	0.8331190825116521	0.9993658787946863	0.9987325728770595	0.8333333333333334	1.0	0.9987325728770595	0.8329051069378636	0.9987325728770595	0.9974683544303797	0.8329051069378636	0.9987325728770595
