metric	value
accuracy	0.07249683143219265
balanced_accuracy	0.0811041548093341
f1_micro	0.07249683143219265
f1_macro	0.07813519813519813
f1_weighted	0.0710604140261935
precision_micro	0.07249683143219265
precision_macro	0.0773892773892774
precision_weighted	0.0703844528939586
recall_micro	0.07249683143219265
recall_macro	0.07972027972027972
recall_weighted	0.07249683143219265
jaccard_micro	0.03761178327196212
jaccard_macro	0.0773892773892774
jaccard_weighted	0.0703844528939586
