method	accuracy	balanced_accuracy	f1_micro	f1_macro	f1_weighted	precision_micro	precision_macro	precision_weighted	recall_micro	recall_macro	recall_weighted	jaccard_micro	jaccard_macro	jaccard_weighted
q2vs	0.07249683143219265	0.0811041548093341	0.07249683143219265	0.07813519813519813	0.0710604140261935	0.07249683143219265	0.0773892773892774	0.0703844528939586	0.07249683143219265	0.07972027972027972	0.07249683143219265	0.03761178327196212	0.0773892773892774	0.0703844528939586
