method	accuracy	balanced_accuracy	f1_micro	f1_macro	f1_weighted	precision_micro	precision_macro	precision_weighted	recall_micro	recall_macro	recall_weighted	jaccard_micro	jaccard_macro	jaccard_weighted
btop	0.9992962702322308	0.9996072270227807	0.9992962702322308	0.9993884560999953	0.9992977229758607	0.9992962702322308	0.9991776315789473	0.9993072660098522	0.9992962702322308	0.9996072270227807	0.9992962702322308	0.9985935302390999	0.998784858601728	0.9986035362420831
