metric	value
accuracy	0.9992962702322308
balanced_accuracy	0.9996072270227807
f1_micro	0.9992962702322308
f1_macro	0.9993884560999953
f1_weighted	0.9992977229758607
precision_micro	0.9992962702322308
precision_macro	0.9991776315789473
precision_weighted	0.9993072660098522
recall_micro	0.9992962702322308
recall_macro	0.9996072270227807
recall_weighted	0.9992962702322308
jaccard_micro	0.9985935302390999
jaccard_macro	0.998784858601728
jaccard_weighted	0.9986035362420831
