metric	value
accuracy	0.9915552427867699
balanced_accuracy	0.9795364990315902
f1_micro	0.9915552427867699
f1_macro	0.9634102286974571
f1_weighted	0.992118107176856
precision_micro	0.9915552427867699
precision_macro	0.9677718190145497
precision_weighted	0.9951538849884318
recall_micro	0.9915552427867699
recall_macro	0.9670583270694044
recall_weighted	0.9915552427867699
jaccard_micro	0.9832519190509421
jaccard_macro	0.956061568589262
jaccard_weighted	0.987882010721484
