method	accuracy	balanced_accuracy	f1_micro	f1_macro	f1_weighted	precision_micro	precision_macro	precision_weighted	recall_micro	recall_macro	recall_weighted	jaccard_micro	jaccard_macro	jaccard_weighted
btop	0.9915552427867699	0.9795364990315902	0.9915552427867699	0.9634102286974571	0.992118107176856	0.9915552427867699	0.9677718190145497	0.9951538849884318	0.9915552427867699	0.9670583270694044	0.9915552427867699	0.9832519190509421	0.956061568589262	0.987882010721484
