metric	value
accuracy	0.9085151301900071
balanced_accuracy	0.8959939771880288
f1_micro	0.9085151301900071
f1_macro	0.845328313810146
f1_weighted	0.9038288738013427
precision_micro	0.9085151301900071
precision_macro	0.8555221570939131
precision_weighted	0.9137927910524063
jaccard_micro	0.8323662153449387
jaccard_macro	0.8286842119335247
jaccard_weighted	0.8693297852423166
