method	accuracy	balanced_accuracy	f1_micro	f1_macro	f1_weighted	precision_micro	precision_macro	precision_weighted	recall_micro	recall_macro	recall_weighted	jaccard_micro	jaccard_macro	jaccard_weighted
btop	0.9085151301900071	0.8959939771880288	0.9085151301900071	0.845328313810146	0.9038288738013427	0.9085151301900071	0.8555221570939131	0.9137927910524063	0.9085151301900071	0.8489601726112294	0.9085151301900071	0.8323662153449387	0.8286842119335247	0.8693297852423166
