metric	value
accuracy	0.9943701618578465
balanced_accuracy	0.9834287764069847
f1_micro	0.9943701618578465
f1_macro	0.9767456807557059
f1_weighted	0.995120249866722
precision_micro	0.9943701618578465
precision_macro	0.9824553284230704
precision_weighted	0.9968730445887605
jaccard_micro	0.9888033589923023
jaccard_macro	0.9658841048300549
jaccard_weighted	0.991243206446607
