method	accuracy	balanced_accuracy	f1_micro	f1_macro	f1_weighted	precision_micro	precision_macro	precision_weighted	recall_micro	recall_macro	recall_weighted	jaccard_micro	jaccard_macro	jaccard_weighted
btop	0.9943701618578465	0.9834287764069847	0.9943701618578465	0.9767456807557059	0.995120249866722	0.9943701618578465	0.9824553284230704	0.9968730445887605	0.9943701618578465	0.9834287764069847	0.9943701618578465	0.9888033589923023	0.9658841048300549	0.991243206446607
