metric	value
accuracy	0.036593947923997186
balanced_accuracy	0.04843304843304843
f1_micro	0.036593947923997186
f1_macro	0.026601164483260553
f1_weighted	0.03499882711705372
precision_micro	0.036593947923997186
precision_macro	0.026155385735080056
precision_weighted	0.03442411447337555
jaccard_micro	0.01863799283154122
jaccard_macro	0.026155385735080056
jaccard_weighted	0.03442411447337555
