method	accuracy	balanced_accuracy	f1_micro	f1_macro	f1_weighted	precision_micro	precision_macro	precision_weighted	recall_micro	recall_macro	recall_weighted	jaccard_micro	jaccard_macro	jaccard_weighted
btop	0.036593947923997186	0.04843304843304843	0.036593947923997186	0.026601164483260553	0.03499882711705372	0.036593947923997186	0.026155385735080056	0.03442411447337555	0.036593947923997186	0.027838427947598252	0.036593947923997186	0.01863799283154122	0.026155385735080056	0.03442411447337555
