method	accuracy	balanced_accuracy	f1_micro	f1_macro	f1_weighted	precision_micro	precision_macro	precision_weighted	recall_micro	recall_macro	recall_weighted	jaccard_micro	jaccard_macro	jaccard_weighted
microclass	0.9984496124031008	0.9904060687193217	0.9984496124031008	0.9912243537492506	0.9984345457528977	0.9984496124031008	0.9932941576222744	0.9985727918457997	0.9984496124031008	0.9904060687193217	0.9984496124031008	0.9969040247678018	0.9837002263415958	0.9970224042489005
