metric	value
accuracy	0.938501291989664
balanced_accuracy	0.899038206057545
f1_micro	0.938501291989664
f1_macro	0.8435340261689782
f1_weighted	0.9391997994504924
precision_micro	0.938501291989664
precision_macro	0.8474448405185088
precision_weighted	0.9501807729395789
recall_micro	0.938501291989664
recall_macro	0.8551826838108352
recall_weighted	0.938501291989664
jaccard_micro	0.8841285296981499
jaccard_macro	0.8167234214282428
jaccard_weighted	0.9086533231064984
