method	accuracy	balanced_accuracy	f1_micro	f1_macro	f1_weighted	precision_micro	precision_macro	precision_weighted	recall_micro	recall_macro	recall_weighted	jaccard_micro	jaccard_macro	jaccard_weighted
microclass	0.938501291989664	0.899038206057545	0.938501291989664	0.8435340261689782	0.9391997994504924	0.938501291989664	0.8474448405185088	0.9501807729395789	0.938501291989664	0.8551826838108352	0.938501291989664	0.8841285296981499	0.8167234214282428	0.9086533231064984
