metric	value
accuracy	0.6273901808785529
balanced_accuracy	0.5692783070768492
f1_micro	0.6273901808785529
f1_macro	0.42741908683915725
f1_weighted	0.6197043945186178
precision_micro	0.6273901808785529
precision_macro	0.4329554973895363
precision_weighted	0.6498213117006719
jaccard_micro	0.45707831325301207
jaccard_macro	0.39921859973967133
jaccard_weighted	0.5697256411123981
