method	accuracy	balanced_accuracy	f1_micro	f1_macro	f1_weighted	precision_micro	precision_macro	precision_weighted	recall_micro	recall_macro	recall_weighted	jaccard_micro	jaccard_macro	jaccard_weighted
microclass	0.6273901808785529	0.5692783070768492	0.6273901808785529	0.42741908683915725	0.6197043945186178	0.6273901808785529	0.4329554973895363	0.6498213117006719	0.6273901808785529	0.4545485139039718	0.6273901808785529	0.45707831325301207	0.39921859973967133	0.5697256411123981
