method	accuracy	balanced_accuracy	f1_micro	f1_macro	f1_weighted	precision_micro	precision_macro	precision_weighted	recall_micro	recall_macro	recall_weighted	jaccard_micro	jaccard_macro	jaccard_weighted
microclass	0.9824289405684754	0.9420797480665902	0.9824289405684754	0.9280354082828627	0.9829071256439839	0.9824289405684754	0.9334298173925283	0.9845920084230162	0.9824289405684754	0.9266358177704167	0.9824289405684754	0.9654647028948705	0.9138427048804798	0.9724304502598852
