metric	value
accuracy	0.9824289405684754
balanced_accuracy	0.9420797480665902
f1_micro	0.9824289405684754
f1_macro	0.9280354082828627
f1_weighted	0.9829071256439839
precision_micro	0.9824289405684754
precision_macro	0.9334298173925283
precision_weighted	0.9845920084230162
jaccard_micro	0.9654647028948705
jaccard_macro	0.9138427048804798
jaccard_weighted	0.9724304502598852
