method	accuracy	balanced_accuracy	f1_micro	f1_macro	f1_weighted	precision_micro	precision_macro	precision_weighted	recall_micro	recall_macro	recall_weighted	jaccard_micro	jaccard_macro	jaccard_weighted
q2blast	0.9985915492957746	0.9987718051347274	0.9985915492957746	0.998843617084129	0.9985910590221212	0.9985915492957746	0.9989174814971701	0.998594855518085	0.9985915492957746	0.9987718051347274	0.9985915492957746	0.9971870604781997	0.9977153935658992	0.9972084118561132
