metric	value
accuracy	0.9985915492957746
balanced_accuracy	0.9987718051347274
f1_micro	0.9985915492957746
f1_macro	0.998843617084129
f1_weighted	0.9985910590221212
precision_micro	0.9985915492957746
precision_macro	0.9989174814971701
precision_weighted	0.998594855518085
recall_micro	0.9985915492957746
recall_macro	0.9987718051347274
recall_weighted	0.9985915492957746
jaccard_micro	0.9971870604781997
jaccard_macro	0.9977153935658992
jaccard_weighted	0.9972084118561132
