metric	value
accuracy	0.973943661971831
balanced_accuracy	0.936976051842812
f1_micro	0.973943661971831
f1_macro	0.9085188613013251
f1_weighted	0.9766417204183
precision_micro	0.973943661971831
precision_macro	0.916790625271416
precision_weighted	0.9844717439763949
recall_micro	0.973943661971831
recall_macro	0.91340432726815
recall_weighted	0.973943661971831
jaccard_micro	0.9492107069320521
jaccard_macro	0.8930880343005724
jaccard_weighted	0.9640492087651273
