method	accuracy	balanced_accuracy	f1_micro	f1_macro	f1_weighted	precision_micro	precision_macro	precision_weighted	recall_micro	recall_macro	recall_weighted	jaccard_micro	jaccard_macro	jaccard_weighted
q2blast	0.973943661971831	0.936976051842812	0.973943661971831	0.9085188613013251	0.9766417204183	0.973943661971831	0.916790625271416	0.9844717439763949	0.973943661971831	0.91340432726815	0.973943661971831	0.9492107069320521	0.8930880343005724	0.9640492087651273
