method	accuracy	balanced_accuracy	f1_micro	f1_macro	f1_weighted	precision_micro	precision_macro	precision_weighted	recall_micro	recall_macro	recall_weighted	jaccard_micro	jaccard_macro	jaccard_weighted
q2blast	0.780281690140845	0.6561323185408329	0.780281690140845	0.6117442379279722	0.7767410217660221	0.780281690140845	0.6208500842474904	0.7997300521213113	0.780281690140845	0.6216896771476134	0.780281690140845	0.6397228637413395	0.5894206035555347	0.7327119250686066
