metric	value
accuracy	0.780281690140845
balanced_accuracy	0.6561323185408329
f1_micro	0.780281690140845
f1_macro	0.6117442379279722
f1_weighted	0.7767410217660221
precision_micro	0.780281690140845
precision_macro	0.6208500842474904
precision_weighted	0.7997300521213113
recall_micro	0.780281690140845
recall_macro	0.6216896771476134
recall_weighted	0.780281690140845
jaccard_micro	0.6397228637413395
jaccard_macro	0.5894206035555347
jaccard_weighted	0.7327119250686066
