method	accuracy	balanced_accuracy	f1_micro	f1_macro	f1_weighted	precision_micro	precision_macro	precision_weighted	recall_micro	recall_macro	recall_weighted	jaccard_micro	jaccard_macro	jaccard_weighted
q2blast	0.9929577464788732	0.9671177065244861	0.9929577464788732	0.9435728049740856	0.9940935753146563	0.9929577464788732	0.947856478832952	0.9962937925033035	0.9929577464788732	0.9520064923600411	0.9929577464788732	0.986013986013986	0.9311129711929931	0.9899557643342894
