metric	value
accuracy	0.9929577464788732
balanced_accuracy	0.9671177065244861
f1_micro	0.9929577464788732
f1_macro	0.9435728049740856
f1_weighted	0.9940935753146563
precision_micro	0.9929577464788732
precision_macro	0.947856478832952
precision_weighted	0.9962937925033035
jaccard_micro	0.986013986013986
jaccard_macro	0.9311129711929931
jaccard_weighted	0.9899557643342894
