method	accuracy	balanced_accuracy	f1_micro	f1_macro	f1_weighted	precision_micro	precision_macro	precision_weighted	recall_micro	recall_macro	recall_weighted	jaccard_micro	jaccard_macro	jaccard_weighted
q2blast	0.007746478873239437	0.010446343779677113	0.007746478873239437	0.01014760147601476	0.007746478873239437	0.007746478873239437	0.01014760147601476	0.007746478873239437	0.007746478873239437	0.01014760147601476	0.007746478873239437	0.003888299752562743	0.01014760147601476	0.007746478873239437
