metric	value
accuracy	0.007746478873239437
balanced_accuracy	0.010446343779677113
f1_micro	0.007746478873239437
f1_macro	0.01014760147601476
f1_weighted	0.007746478873239437
precision_micro	0.007746478873239437
precision_macro	0.01014760147601476
precision_weighted	0.007746478873239437
recall_micro	0.007746478873239437
recall_macro	0.01014760147601476
recall_weighted	0.007746478873239437
jaccard_micro	0.003888299752562743
jaccard_macro	0.01014760147601476
jaccard_weighted	0.007746478873239437
