method	accuracy	balanced_accuracy	f1_micro	f1_macro	f1_weighted	precision_micro	precision_macro	precision_weighted	recall_micro	recall_macro	recall_weighted	jaccard_micro	jaccard_macro	jaccard_weighted
blca	0.9541501976284585	0.9335889710128732	0.9541501976284585	0.9007949165068988	0.9720673242730019	0.9541501976284585	0.9240802190611183	0.9948531447711355	0.9541501976284585	0.8817229170677137	0.9541501976284585	0.9123204837490552	0.8710357149455686	0.9501971675722448
