metric	value
accuracy	0.9541501976284585
balanced_accuracy	0.9335889710128732
f1_micro	0.9541501976284585
f1_macro	0.9007949165068988
f1_weighted	0.9720673242730019
precision_micro	0.9541501976284585
precision_macro	0.9240802190611183
precision_weighted	0.9948531447711355
recall_micro	0.9541501976284585
recall_macro	0.8817229170677137
recall_weighted	0.9541501976284585
jaccard_micro	0.9123204837490552
jaccard_macro	0.8710357149455686
jaccard_weighted	0.9501971675722448
