metric	value
accuracy	0.9296442687747035
balanced_accuracy	0.9078314414876232
f1_micro	0.9296442687747035
f1_macro	0.8870058229503652
f1_weighted	0.9484366217814517
precision_micro	0.9296442687747035
precision_macro	0.9086268556005398
precision_weighted	0.9801153918545222
recall_micro	0.9296442687747035
recall_macro	0.8779685651228986
recall_weighted	0.9296442687747035
jaccard_micro	0.8685376661742984
jaccard_macro	0.866679046892591
jaccard_weighted	0.9193130203130203
