method	accuracy	balanced_accuracy	f1_micro	f1_macro	f1_weighted	precision_micro	precision_macro	precision_weighted	recall_micro	recall_macro	recall_weighted	jaccard_micro	jaccard_macro	jaccard_weighted
blca	0.9296442687747035	0.9078314414876232	0.9296442687747035	0.8870058229503652	0.9484366217814517	0.9296442687747035	0.9086268556005398	0.9801153918545222	0.9296442687747035	0.8779685651228986	0.9296442687747035	0.8685376661742984	0.866679046892591	0.9193130203130203
