method	accuracy	balanced_accuracy	f1_micro	f1_macro	f1_weighted	precision_micro	precision_macro	precision_weighted	recall_micro	recall_macro	recall_weighted	jaccard_micro	jaccard_macro	jaccard_weighted
blca	0.9296442687747035	0.9079529186499165	0.9296442687747035	0.8847200604672343	0.947686791901187	0.9296442687747035	0.9050632591093117	0.9792260637912812	0.9296442687747035	0.878086046325906	0.9296442687747035	0.8685376661742984	0.8626768539101347	0.9179559715646672
