metric	value
accuracy	0.7525691699604743
balanced_accuracy	0.7027882944973683
f1_micro	0.7525691699604742
f1_macro	0.6264232779120624
f1_weighted	0.7704568610247333
precision_micro	0.7525691699604743
precision_macro	0.6466866897099456
precision_weighted	0.8193160857587736
recall_micro	0.7525691699604743
recall_macro	0.6301486774950563
recall_weighted	0.7525691699604743
jaccard_micro	0.6032953105196451
jaccard_macro	0.6038003881833229
jaccard_weighted	0.7275539005351258
