method	accuracy	balanced_accuracy	f1_micro	f1_macro	f1_weighted	precision_micro	precision_macro	precision_weighted	recall_micro	recall_macro	recall_weighted	jaccard_micro	jaccard_macro	jaccard_weighted
blca	0.7517786561264822	0.7018190282042077	0.7517786561264822	0.621166746484365	0.7688760146982951	0.7517786561264822	0.6398092053619046	0.8170981850823748	0.7517786561264822	0.6260442231024681	0.7517786561264822	0.6022799240025333	0.5989605807046591	0.7256053473554763
