method	accuracy	balanced_accuracy	f1_micro	f1_macro	f1_weighted	precision_micro	precision_macro	precision_weighted	recall_micro	recall_macro	recall_weighted	jaccard_micro	jaccard_macro	jaccard_weighted
blca	0.7525691699604743	0.7027882944973683	0.7525691699604742	0.6264232779120624	0.7704568610247333	0.7525691699604743	0.6466866897099456	0.8193160857587736	0.7525691699604743	0.6301486774950563	0.7525691699604743	0.6032953105196451	0.6038003881833229	0.7275539005351258
