method	accuracy	balanced_accuracy	f1_micro	f1_macro	f1_weighted	precision_micro	precision_macro	precision_weighted	recall_micro	recall_macro	recall_weighted	jaccard_micro	jaccard_macro	jaccard_weighted
blca	0.9478260869565217	0.9083827638265026	0.9478260869565217	0.8880824575707569	0.9649891437593177	0.9478260869565217	0.9117491410473866	0.9898434759886808	0.9478260869565217	0.8747389577588542	0.9478260869565217	0.9008264462809917	0.8608304173988356	0.9409513428228038
