metric	value
accuracy	0.9478260869565217
balanced_accuracy	0.9083827638265026
f1_micro	0.9478260869565217
f1_macro	0.8882523522360644
f1_weighted	0.9653807744660662
precision_micro	0.9478260869565217
precision_macro	0.912085841384087
precision_weighted	0.990619616843873
jaccard_micro	0.9008264462809917
jaccard_macro	0.8611671177355359
jaccard_weighted	0.9417274836779961
