method	accuracy	balanced_accuracy	f1_micro	f1_macro	f1_weighted	precision_micro	precision_macro	precision_weighted	recall_micro	recall_macro	recall_weighted	jaccard_micro	jaccard_macro	jaccard_weighted
blca	0.9478260869565217	0.9083827638265026	0.9478260869565217	0.8882523522360644	0.9653807744660662	0.9478260869565217	0.912085841384087	0.990619616843873	0.9478260869565217	0.8747389577588542	0.9478260869565217	0.9008264462809917	0.8611671177355359	0.9417274836779961
