method	accuracy	balanced_accuracy	f1_micro	f1_macro	f1_weighted	precision_micro	precision_macro	precision_weighted	recall_micro	recall_macro	recall_weighted	jaccard_micro	jaccard_macro	jaccard_weighted
blca	0.9588932806324111	0.9268663367432798	0.9588932806324111	0.7207119985166637	0.9787455614678168	0.9588932806324111	0.75	1.0	0.9588932806324111	0.6951497525574598	0.9588932806324111	0.9210326499620349	0.6951497525574598	0.9588932806324111
