metric	value
accuracy	0.9588932806324111
balanced_accuracy	0.9268663367432798
f1_micro	0.9588932806324111
f1_macro	0.7207119985166637
f1_weighted	0.9787455614678168
precision_micro	0.9588932806324111
precision_macro	0.75
precision_weighted	1.0
recall_micro	0.9588932806324111
recall_macro	0.6951497525574598
recall_weighted	0.9588932806324111
jaccard_micro	0.9210326499620349
jaccard_macro	0.6951497525574598
jaccard_weighted	0.9588932806324111
