method	accuracy	balanced_accuracy	f1_micro	f1_macro	f1_weighted	precision_micro	precision_macro	precision_weighted	recall_micro	recall_macro	recall_weighted	jaccard_micro	jaccard_macro	jaccard_weighted
blca	0.0015810276679841897	0.0016198704103671706	0.0015810276679841895	0.0011534025374855823	0.0018445322793148877	0.0015810276679841897	0.001384083044982699	0.0023715415019762848	0.0015810276679841897	0.0010380622837370243	0.0015810276679841897	0.0007911392405063291	0.0010380622837370243	0.0015810276679841897
