metric	value
accuracy	0.0015810276679841897
balanced_accuracy	0.0016198704103671706
f1_micro	0.0015810276679841895
f1_macro	0.0011534025374855823
f1_weighted	0.0018445322793148877
precision_micro	0.0015810276679841897
precision_macro	0.001384083044982699
precision_weighted	0.0023715415019762848
jaccard_micro	0.0007911392405063291
jaccard_macro	0.0010380622837370243
jaccard_weighted	0.0015810276679841897
