method	precision	recall	f1
blca	0.849257446991158	0.7303802141011443	0.7853457172342622
