metric	value
precision	0.8697064334790756
recall	0.786222473178995
f1	0.8258600237247924
