method	precision	recall	f1
blca	0.9639177246941689	0.9045084193373166	0.9332685697205201
