method	precision	recall	f1
blca	0.8690223498564116	0.7859966120835686	0.825426944971537
