method	precision	recall	f1
blca	0.8846455370142233	0.7946680080482897	0.8372462769622132
