method	precision	recall	f1
blca	0.9637387648034564	0.9046894803548796	0.9332810340319027
