method	precision	recall	f1
blca	0.8495445952912871	0.729937246216316	0.7852122463566692
