metric	value
precision	0.9639177246941689
recall	0.9045084193373166
f1	0.9332685697205201
