method	precision	recall	f1
blca	0.8697064334790756	0.786222473178995	0.8258600237247924
