metric	value
precision	0.8843613567670435
recall	0.7947686116700201
f1	0.8371747999788057
