method	precision	recall	f1
blca	0.8843613567670435	0.7947686116700201	0.8371747999788057
