metric	value
precision	0.849257446991158
recall	0.7303802141011443
f1	0.7853457172342622
