metric	value
accuracy	0.9974160206718347
balanced_accuracy	0.9992409458082905
f1_micro	0.9974160206718347
f1_macro	0.8995810244276701
f1_weighted	0.9984470772335058
precision_micro	0.9974160206718347
precision_macro	0.8998470948012234
precision_weighted	0.9994847845498581
jaccard_micro	0.9948453608247423
jaccard_macro	0.8991639460286848
jaccard_weighted	0.9969008052216928
