metric	value
accuracy	0.7281653746770026
balanced_accuracy	0.6859292730194563
f1_micro	0.7281653746770026
f1_macro	0.4873136565407612
f1_weighted	0.7841577180575561
precision_micro	0.7281653746770026
precision_macro	0.548122490361766
precision_weighted	0.9538818877327769
jaccard_micro	0.5725314912637139
jaccard_macro	0.4556086727189634
jaccard_weighted	0.721032086464858
