method	accuracy	balanced_accuracy	f1_micro	f1_macro	f1_weighted	precision_micro	precision_macro	precision_weighted	recall_micro	recall_macro	recall_weighted	jaccard_micro	jaccard_macro	jaccard_weighted
hitac_filter_qiime	0.9395348837209302	0.8627454216838598	0.9395348837209302	0.8332995861125223	0.9446535597175892	0.9395348837209302	0.8537132808213478	0.9638907951648148	0.9395348837209302	0.8359520856067213	0.9395348837209302	0.8859649122807017	0.8118456256711574	0.9240098619485458
