metric	value
accuracy	0.021705426356589147
balanced_accuracy	0.0351023976023976
f1_micro	0.021705426356589147
f1_macro	0.025675671245377285
f1_weighted	0.029688711005564822
precision_micro	0.021705426356589147
precision_macro	0.044000000000000004
precision_weighted	0.08992248062015504
jaccard_micro	0.0109717868338558
jaccard_macro	0.02242933537051184
jaccard_weighted	0.021523027815777473
