metric	value
accuracy	0.599483204134367
balanced_accuracy	0.4692225306185061
f1_micro	0.599483204134367
f1_macro	0.42510913027193453
f1_weighted	0.5883754181869895
precision_micro	0.599483204134367
precision_macro	0.4393745793549348
precision_weighted	0.6331703813684681
recall_micro	0.599483204134367
recall_macro	0.4436285744029512
recall_weighted	0.599483204134367
jaccard_micro	0.4280442804428044
jaccard_macro	0.39974661520692406
jaccard_weighted	0.5480332419961271
