metric	value
accuracy	0.9819121447028424
balanced_accuracy	0.9049354985539196
f1_micro	0.9819121447028424
f1_macro	0.8801394416206141
f1_weighted	0.9816980559686147
precision_micro	0.9819121447028424
precision_macro	0.8899302623985
precision_weighted	0.9825641193283307
jaccard_micro	0.9644670050761421
jaccard_macro	0.8669314990771562
jaccard_weighted	0.9728878065512427
