method	accuracy	balanced_accuracy	f1_micro	f1_macro	f1_weighted	precision_micro	precision_macro	precision_weighted	recall_micro	recall_macro	recall_weighted	jaccard_micro	jaccard_macro	jaccard_weighted
hitac_filter_qiime	0.9819121447028424	0.9049354985539196	0.9819121447028424	0.8801394416206141	0.9816980559686147	0.9819121447028424	0.8899302623985	0.9825641193283307	0.9819121447028424	0.8757440308586318	0.9819121447028424	0.9644670050761421	0.8669314990771562	0.9728878065512427
