metric	value
accuracy	0.9607235142118863
balanced_accuracy	0.8952162622671539
f1_micro	0.9607235142118863
f1_macro	0.75422713765057
f1_weighted	0.9720355123829133
precision_micro	0.9607235142118863
precision_macro	0.7674333022491909
precision_weighted	0.9848650812208835
jaccard_micro	0.9244157135753357
jaccard_macro	0.7396202137666426
jaccard_weighted	0.9543081990823877
