metric	value
accuracy	0.9992395437262357
balanced_accuracy	0.9992077939461156
f1_micro	0.9992395437262357
f1_macro	0.9993034218299204
f1_weighted	0.999235122394502
precision_micro	0.9992395437262357
precision_macro	0.999475576918373
precision_weighted	0.9992715807256457
recall_micro	0.9992395437262357
recall_macro	0.9992077939461156
recall_weighted	0.9992395437262357
jaccard_micro	0.9984802431610942
jaccard_macro	0.9986833708644884
jaccard_weighted	0.9985111244518815
