metric	value
accuracy	0.9931558935361217
balanced_accuracy	0.9937729851698507
f1_micro	0.9931558935361217
f1_macro	0.9887688143999535
f1_weighted	0.9938837791086713
precision_micro	0.9931558935361217
precision_macro	0.9901916187005256
precision_weighted	0.9958131076459567
recall_micro	0.9931558935361217
recall_macro	0.9889952304334572
recall_weighted	0.9931558935361217
jaccard_micro	0.986404833836858
jaccard_macro	0.9864265942453065
jaccard_weighted	0.9896544972057743
