method	accuracy	balanced_accuracy	f1_micro	f1_macro	f1_weighted	precision_micro	precision_macro	precision_weighted	recall_micro	recall_macro	recall_weighted	jaccard_micro	jaccard_macro	jaccard_weighted
rdp50	0.9931558935361217	0.9937729851698507	0.9931558935361217	0.9887688143999535	0.9938837791086713	0.9931558935361217	0.9901916187005256	0.9958131076459567	0.9931558935361217	0.9889952304334572	0.9931558935361217	0.986404833836858	0.9864265942453065	0.9896544972057743
