metric	value
accuracy	0.9994930291508238
balanced_accuracy	0.9996503496503496
f1_micro	0.9994930291508238
f1_macro	0.9997632237386213
f1_weighted	0.9994917769242853
precision_micro	0.9994930291508238
precision_macro	0.9998797736490355
precision_weighted	0.9994956195791715
jaccard_micro	0.9989865720800608
jaccard_macro	0.9995301232993852
jaccard_weighted	0.9989886487299954
