method	accuracy	balanced_accuracy	f1_micro	f1_macro	f1_weighted	precision_micro	precision_macro	precision_weighted	recall_micro	recall_macro	recall_weighted	jaccard_micro	jaccard_macro	jaccard_weighted
rdp50	0.6828897338403042	0.7350502750901158	0.6828897338403042	0.6336127903881982	0.667253300143034	0.6828897338403042	0.6286319911790426	0.6629965964186497	0.6828897338403042	0.648172312839816	0.6828897338403042	0.5184757505773672	0.6264014042558584	0.658109960733535
