metric	value
accuracy	0.682382762991128
balanced_accuracy	0.734623411117435
f1_micro	0.682382762991128
f1_macro	0.6333618493593399
f1_weighted	0.6669153195769166
precision_micro	0.682382762991128
precision_macro	0.6285065206646134
precision_weighted	0.6628698537063556
jaccard_micro	0.5178914967295114
jaccard_macro	0.6261504632270002
jaccard_weighted	0.6577297325966529
