method	accuracy	balanced_accuracy	f1_micro	f1_macro	f1_weighted	precision_micro	precision_macro	precision_weighted	recall_micro	recall_macro	recall_weighted	jaccard_micro	jaccard_macro	jaccard_weighted
rdp50	0.682382762991128	0.734623411117435	0.682382762991128	0.6333618493593399	0.6669153195769166	0.682382762991128	0.6285065206646134	0.6628698537063556	0.682382762991128	0.6477959012965286	0.682382762991128	0.5178914967295114	0.6261504632270002	0.6577297325966529
