metric	value
accuracy	0.9974160206718347
balanced_accuracy	0.9900652370901464
f1_micro	0.9974160206718347
f1_macro	0.9902242273883028
f1_weighted	0.9974070809099441
precision_micro	0.9974160206718347
precision_macro	0.9916591251885369
precision_weighted	0.9975664293147194
recall_micro	0.9974160206718347
recall_macro	0.9900652370901464
recall_weighted	0.9974160206718347
jaccard_micro	0.9948453608247423
jaccard_macro	0.9817264500828764
jaccard_weighted	0.9949887813741527
