method	accuracy	balanced_accuracy	f1_micro	f1_macro	f1_weighted	precision_micro	precision_macro	precision_weighted	recall_micro	recall_macro	recall_weighted	jaccard_micro	jaccard_macro	jaccard_weighted
top	0.9974160206718347	0.9900652370901464	0.9974160206718347	0.9902242273883028	0.9974070809099441	0.9974160206718347	0.9916591251885369	0.9975664293147194	0.9974160206718347	0.9900652370901464	0.9974160206718347	0.9948453608247423	0.9817264500828764	0.9949887813741527
