method	accuracy	balanced_accuracy	f1_micro	f1_macro	f1_weighted	precision_micro	precision_macro	precision_weighted	recall_micro	recall_macro	recall_weighted	jaccard_micro	jaccard_macro	jaccard_weighted
top	0.9390180878552972	0.8921255215059519	0.9390180878552972	0.8449292258356513	0.9376827779080175	0.9390180878552972	0.8544168085989077	0.9514355989646774	0.9390180878552972	0.8590838355242499	0.9390180878552972	0.885046273745738	0.8201132318765589	0.9090344174925759
