metric	value
accuracy	0.9390180878552972
balanced_accuracy	0.8921255215059519
f1_micro	0.9390180878552972
f1_macro	0.8449292258356513
f1_weighted	0.9376827779080175
precision_micro	0.9390180878552972
precision_macro	0.8544168085989077
precision_weighted	0.9514355989646774
recall_micro	0.9390180878552972
recall_macro	0.8590838355242499
recall_weighted	0.9390180878552972
jaccard_micro	0.885046273745738
jaccard_macro	0.8201132318765589
jaccard_weighted	0.9090344174925759
