method	accuracy	balanced_accuracy	f1_micro	f1_macro	f1_weighted	precision_micro	precision_macro	precision_weighted	recall_micro	recall_macro	recall_weighted	jaccard_micro	jaccard_macro	jaccard_weighted
top	0.6237726098191214	0.5663059993666383	0.6237726098191214	0.42432631848343555	0.6128141554238267	0.6237726098191214	0.43032906010155164	0.6403720274895446	0.6237726098191214	0.45304479949331067	0.6237726098191214	0.4532482162974089	0.3973202809610744	0.5632245229743061
