metric	value
accuracy	0.6237726098191214
balanced_accuracy	0.5663059993666383
f1_micro	0.6237726098191214
f1_macro	0.42432631848343555
f1_weighted	0.6128141554238267
precision_micro	0.6237726098191214
precision_macro	0.43032906010155164
precision_weighted	0.6403720274895446
jaccard_micro	0.4532482162974089
jaccard_macro	0.3973202809610744
jaccard_weighted	0.5632245229743061
