method	accuracy	balanced_accuracy	f1_micro	f1_macro	f1_weighted	precision_micro	precision_macro	precision_weighted	recall_micro	recall_macro	recall_weighted	jaccard_micro	jaccard_macro	jaccard_weighted
top	0.9808785529715762	0.9409105131382313	0.9808785529715762	0.9265034377886624	0.9813604235941076	0.9808785529715762	0.931673981480374	0.9831387397228918	0.9808785529715762	0.9254857506277685	0.9808785529715762	0.962474645030426	0.9109491980825002	0.9694654363489116
