metric	value
accuracy	0.9808785529715762
balanced_accuracy	0.9409105131382313
f1_micro	0.9808785529715762
f1_macro	0.9265034377886624
f1_weighted	0.9813604235941076
precision_micro	0.9808785529715762
precision_macro	0.931673981480374
precision_weighted	0.9831387397228918
jaccard_micro	0.962474645030426
jaccard_macro	0.9109491980825002
jaccard_weighted	0.9694654363489116
