method	accuracy	balanced_accuracy	f1_micro	f1_macro	f1_weighted	precision_micro	precision_macro	precision_weighted	recall_micro	recall_macro	recall_weighted	jaccard_micro	jaccard_macro	jaccard_weighted
q1	0.997887323943662	0.9986388971070825	0.997887323943662	0.9489558721635882	0.9985897853729383	0.997887323943662	0.9492063492063492	0.9992957746478873	0.997887323943662	0.9487069522517284	0.997887323943662	0.9957835558678847	0.9479381030453791	0.9972051056338028
