metric	value
accuracy	0.997887323943662
balanced_accuracy	0.9986388971070825
f1_micro	0.997887323943662
f1_macro	0.9489558721635882
f1_weighted	0.9985897853729383
precision_micro	0.997887323943662
precision_macro	0.9492063492063492
precision_weighted	0.9992957746478873
jaccard_micro	0.9957835558678847
jaccard_macro	0.9479381030453791
jaccard_weighted	0.9972051056338028
