method	accuracy	balanced_accuracy	f1_micro	f1_macro	f1_weighted	precision_micro	precision_macro	precision_weighted	recall_micro	recall_macro	recall_weighted	jaccard_micro	jaccard_macro	jaccard_weighted
q1	0.9845070422535211	0.977639833895506	0.9845070422535211	0.9597047471663281	0.9859780442134238	0.9845070422535211	0.9643923165336173	0.9909493041243412	0.9845070422535211	0.9651858232726332	0.9845070422535211	0.9694868238557559	0.9487950726496756	0.976424857674475
