metric	value
accuracy	0.9845070422535211
balanced_accuracy	0.977639833895506
f1_micro	0.9845070422535211
f1_macro	0.9597047471663281
f1_weighted	0.9859780442134238
precision_micro	0.9845070422535211
precision_macro	0.9643923165336173
precision_weighted	0.9909493041243412
jaccard_micro	0.9694868238557559
jaccard_macro	0.9487950726496756
jaccard_weighted	0.976424857674475
