method	accuracy	balanced_accuracy	f1_micro	f1_macro	f1_weighted	precision_micro	precision_macro	precision_weighted	recall_micro	recall_macro	recall_weighted	jaccard_micro	jaccard_macro	jaccard_weighted
q1	0.8718309859154929	0.827507220792685	0.8718309859154929	0.7523445042730819	0.8691348161642011	0.8718309859154929	0.7643212759854718	0.886256206194744	0.8718309859154929	0.7562787511548337	0.8718309859154929	0.7727840199750312	0.7305746983406745	0.8272861421818548
