metric	value
accuracy	0.8718309859154929
balanced_accuracy	0.827507220792685
f1_micro	0.8718309859154929
f1_macro	0.7523445042730819
f1_weighted	0.8691348161642011
precision_micro	0.8718309859154929
precision_macro	0.7643212759854718
precision_weighted	0.886256206194744
recall_micro	0.8718309859154929
recall_macro	0.7562787511548337
recall_weighted	0.8718309859154929
jaccard_micro	0.7727840199750312
jaccard_macro	0.7305746983406745
jaccard_weighted	0.8272861421818548
