metric	value
accuracy	0.9929577464788732
balanced_accuracy	0.9813803862006998
f1_micro	0.9929577464788732
f1_macro	0.9583813773945352
f1_weighted	0.9944248669541479
precision_micro	0.9929577464788732
precision_macro	0.963588056680162
precision_weighted	0.9969903632320238
jaccard_micro	0.986013986013986
jaccard_macro	0.9452598845005831
jaccard_weighted	0.9899537889476077
