method	accuracy	balanced_accuracy	f1_micro	f1_macro	f1_weighted	precision_micro	precision_macro	precision_weighted	recall_micro	recall_macro	recall_weighted	jaccard_micro	jaccard_macro	jaccard_weighted
q1	0.9929577464788732	0.9813803862006998	0.9929577464788732	0.9583813773945352	0.9944248669541479	0.9929577464788732	0.963588056680162	0.9969903632320238	0.9929577464788732	0.9660463176663138	0.9929577464788732	0.986013986013986	0.9452598845005831	0.9899537889476077
