method	accuracy	balanced_accuracy	f1_micro	f1_macro	f1_weighted	precision_micro	precision_macro	precision_weighted	recall_micro	recall_macro	recall_weighted	jaccard_micro	jaccard_macro	jaccard_weighted
q1	0.9992957746478873	0.9996360989810772	0.9992957746478873	0.8569867291178765	0.9996475025013469	0.9992957746478873	0.8571428571428571	1.0	0.9992957746478873	0.8568309419837804	0.9992957746478873	0.9985925404644617	0.8568309419837804	0.9992957746478873
