metric	value
accuracy	0.9992957746478873
balanced_accuracy	0.9996360989810772
f1_micro	0.9992957746478873
f1_macro	0.8569867291178765
f1_weighted	0.9996475025013469
precision_micro	0.9992957746478873
precision_macro	0.8571428571428571
precision_weighted	1.0
recall_micro	0.9992957746478873
recall_macro	0.8568309419837804
recall_weighted	0.9992957746478873
jaccard_micro	0.9985925404644617
jaccard_macro	0.8568309419837804
jaccard_weighted	0.9992957746478873
