metric	value
accuracy	0.016901408450704224
balanced_accuracy	0.022792022792022793
f1_micro	0.016901408450704224
f1_macro	0.01402439024390244
f1_weighted	0.01619718309859155
precision_micro	0.016901408450704224
precision_macro	0.013719512195121951
precision_weighted	0.01584507042253521
recall_micro	0.016901408450704224
recall_macro	0.014634146341463415
recall_weighted	0.016901408450704224
jaccard_micro	0.008522727272727272
jaccard_macro	0.013719512195121951
jaccard_weighted	0.01584507042253521
