method	accuracy	balanced_accuracy	f1_micro	f1_macro	f1_weighted	precision_micro	precision_macro	precision_weighted	recall_micro	recall_macro	recall_weighted	jaccard_micro	jaccard_macro	jaccard_weighted
q1	0.016901408450704224	0.022792022792022793	0.016901408450704224	0.01402439024390244	0.01619718309859155	0.016901408450704224	0.013719512195121951	0.01584507042253521	0.016901408450704224	0.014634146341463415	0.016901408450704224	0.008522727272727272	0.013719512195121951	0.01584507042253521
