metric	value
accuracy	0.9908450704225352
balanced_accuracy	0.9822844082311123
f1_micro	0.9908450704225352
f1_macro	0.9697667373955507
f1_weighted	0.9912169263567023
precision_micro	0.9908450704225352
precision_macro	0.972809983355552
precision_weighted	0.9943502161494353
jaccard_micro	0.9818562456385206
jaccard_macro	0.9616182094826186
jaccard_weighted	0.9858995119240832
