metric	value
accuracy	0.8908450704225352
balanced_accuracy	0.8805492102299217
f1_micro	0.8908450704225352
f1_macro	0.8373487082712894
f1_weighted	0.8922749102795542
precision_micro	0.8908450704225352
precision_macro	0.8477532766918142
precision_weighted	0.9109267657047672
recall_micro	0.8908450704225352
recall_macro	0.8409477907222269
recall_weighted	0.8908450704225352
jaccard_micro	0.8031746031746032
jaccard_macro	0.8203230515148957
jaccard_weighted	0.8577218550298565
