method	accuracy	balanced_accuracy	f1_micro	f1_macro	f1_weighted	precision_micro	precision_macro	precision_weighted	recall_micro	recall_macro	recall_weighted	jaccard_micro	jaccard_macro	jaccard_weighted
q2sk	0.8908450704225352	0.8805492102299217	0.8908450704225352	0.8373487082712894	0.8922749102795542	0.8908450704225352	0.8477532766918142	0.9109267657047672	0.8908450704225352	0.8409477907222269	0.8908450704225352	0.8031746031746032	0.8203230515148957	0.8577218550298565
