metric	value
precision	1.0
recall	0.7639542643591226
f1	0.8661837552082807
