metric	value
precision	0.9925228054433977
recall	0.749520045172219
f1	0.8540728348989834
