method	precision	recall	f1
knn	0.9847196923699656	0.7184200812107789	0.8307508430443507
