method	precision	recall	f1
knn	0.9932369712239756	0.7535211267605634	0.8569303815571192
