metric	value
precision	0.9998536656748451
recall	0.7422777476009416
f1	0.8520242746695487
