method	precision	recall	f1
knn	0.9925228054433977	0.749520045172219	0.8540728348989834
