metric	value
precision	0.9932369712239756
recall	0.7535211267605634
f1	0.8569303815571192
