method	precision	recall	f1
knn	0.9998536656748451	0.7422777476009416	0.8520242746695487
