metric	value
precision	0.9847196923699656
recall	0.7184200812107789
f1	0.8307508430443507
