metric	value
accuracy	0.9992957746478873
balanced_accuracy	0.9996072270227807
f1_micro	0.9992957746478873
f1_macro	0.9993884560999953
f1_weighted	0.999297228414576
precision_micro	0.9992957746478873
precision_macro	0.9991776315789473
precision_weighted	0.999306778169014
jaccard_micro	0.9985925404644617
jaccard_macro	0.998784858601728
jaccard_weighted	0.9986025528169014
