metric	value
accuracy	0.9985915492957746
balanced_accuracy	0.9968371439202878
f1_micro	0.9985915492957746
f1_macro	0.9480676819436441
f1_weighted	0.9989355991797074
precision_micro	0.9985915492957746
precision_macro	0.94921875
precision_weighted	0.999306778169014
jaccard_micro	0.9971870604781997
jaccard_macro	0.9462140367242734
jaccard_weighted	0.9978983274647887
