metric	value
accuracy	0.9887323943661972
balanced_accuracy	0.9793274189838004
f1_micro	0.9887323943661972
f1_macro	0.9561678488899685
f1_weighted	0.9904508145342525
precision_micro	0.9887323943661972
precision_macro	0.9616466809195209
precision_weighted	0.9955025849074379
recall_micro	0.9887323943661972
recall_macro	0.9607325945727156
recall_weighted	0.9887323943661972
jaccard_micro	0.9777158774373259
jaccard_macro	0.947695731188439
jaccard_weighted	0.9849392046257478
