metric	value
accuracy	0.9246478873239437
balanced_accuracy	0.9399374020964446
f1_micro	0.9246478873239437
f1_macro	0.8038912152738719
f1_weighted	0.9525032255669357
precision_micro	0.9246478873239437
precision_macro	0.8181499818862455
precision_weighted	0.98863720786256
jaccard_micro	0.8598559266535691
jaccard_macro	0.7893219384880843
jaccard_weighted	0.9212182921946394
