metric	value
accuracy	0.3359154929577465
balanced_accuracy	0.455692187903524
f1_micro	0.3359154929577465
f1_macro	0.31241329916199334
f1_weighted	0.4102775688438278
precision_micro	0.3359154929577465
precision_macro	0.38060743732121827
precision_weighted	0.6967924211938297
jaccard_micro	0.20186203977994074
jaccard_macro	0.28906138287278194
jaccard_weighted	0.3332592162636071
