method	accuracy	balanced_accuracy	f1_micro	f1_macro	f1_weighted	precision_micro	precision_macro	precision_weighted	recall_micro	recall_macro	recall_weighted	jaccard_micro	jaccard_macro	jaccard_weighted
hitac_filter_qiime	0.9936619718309859	0.9814446494228577	0.9936619718309859	0.9604423628272313	0.9947412265685059	0.9936619718309859	0.9671044639164599	0.9968708425074849	0.9936619718309859	0.9661095767756255	0.9936619718309859	0.9874037788663401	0.9488390406920855	0.9905328143384708
