metric	value
accuracy	0.9915492957746479
balanced_accuracy	0.9783642696301491
f1_micro	0.9915492957746479
f1_macro	0.9294747185297424
f1_weighted	0.993566272805524
precision_micro	0.9915492957746479
precision_macro	0.9377982680402035
precision_weighted	0.9968708425074849
jaccard_micro	0.9832402234636871
jaccard_macro	0.9171459799598913
jaccard_weighted	0.9884201382821328
