method	accuracy	balanced_accuracy	f1_micro	f1_macro	f1_weighted	precision_micro	precision_macro	precision_weighted	recall_micro	recall_macro	recall_weighted	jaccard_micro	jaccard_macro	jaccard_weighted
ct2	0.9640845070422536	0.8939359736414435	0.9640845070422536	0.8818099192875528	0.9658710518344868	0.9640845070422536	0.9006476505869602	0.9767942752318123	0.9640845070422536	0.8825482542319985	0.9640845070422536	0.9306594153636981	0.8596412201596811	0.9479965375385964
