metric	value
accuracy	0.9640845070422536
balanced_accuracy	0.8939359736414435
f1_micro	0.9640845070422536
f1_macro	0.8818099192875528
f1_weighted	0.9658710518344868
precision_micro	0.9640845070422536
precision_macro	0.9006476505869602
precision_weighted	0.9767942752318123
jaccard_micro	0.9306594153636981
jaccard_macro	0.8596412201596811
jaccard_weighted	0.9479965375385964
