metric	value
accuracy	0.7598591549295775
balanced_accuracy	0.6101109747843965
f1_micro	0.7598591549295775
f1_macro	0.5696609258685361
f1_weighted	0.7539829784902016
precision_micro	0.7598591549295775
precision_macro	0.5802182937559177
precision_weighted	0.7805082344767659
jaccard_micro	0.6127200454287337
jaccard_macro	0.5493793647708721
jaccard_weighted	0.71130725620677
