method	accuracy	balanced_accuracy	f1_micro	f1_macro	f1_weighted	precision_micro	precision_macro	precision_weighted	recall_micro	recall_macro	recall_weighted	jaccard_micro	jaccard_macro	jaccard_weighted
ct2	0.7598591549295775	0.6101109747843965	0.7598591549295775	0.5696609258685361	0.7539829784902016	0.7598591549295775	0.5802182937559177	0.7805082344767659	0.7598591549295775	0.5796054260451767	0.7598591549295775	0.6127200454287337	0.5493793647708721	0.71130725620677
