method	accuracy	balanced_accuracy	f1_micro	f1_macro	f1_weighted	precision_micro	precision_macro	precision_weighted	recall_micro	recall_macro	recall_weighted	jaccard_micro	jaccard_macro	jaccard_weighted
ct2	0.9922535211267606	0.9661931167110075	0.9922535211267606	0.9425385500953973	0.9933914635448833	0.9922535211267606	0.9467694785951365	0.995638558711205	0.9922535211267606	0.951096349262398	0.9922535211267606	0.9846261355695318	0.9291158278575344	0.9885963051900782
