metric	value
accuracy	0.9922535211267606
balanced_accuracy	0.9661931167110075
f1_micro	0.9922535211267606
f1_macro	0.9425385500953973
f1_weighted	0.9933914635448833
precision_micro	0.9922535211267606
precision_macro	0.9467694785951365
precision_weighted	0.995638558711205
jaccard_micro	0.9846261355695318
jaccard_macro	0.9291158278575344
jaccard_weighted	0.9885963051900782
