metric	value
accuracy	0.002112676056338028
balanced_accuracy	0.002849002849002849
f1_micro	0.002112676056338028
f1_macro	0.0028142589118198874
f1_weighted	0.002112676056338028
precision_micro	0.002112676056338028
precision_macro	0.0028142589118198874
precision_weighted	0.002112676056338028
jaccard_micro	0.0010574550581600281
jaccard_macro	0.0028142589118198874
jaccard_weighted	0.002112676056338028
