method	accuracy	balanced_accuracy	f1_micro	f1_macro	f1_weighted	precision_micro	precision_macro	precision_weighted	recall_micro	recall_macro	recall_weighted	jaccard_micro	jaccard_macro	jaccard_weighted
ct2	0.002112676056338028	0.002849002849002849	0.002112676056338028	0.0028142589118198874	0.002112676056338028	0.002112676056338028	0.0028142589118198874	0.002112676056338028	0.002112676056338028	0.0028142589118198874	0.002112676056338028	0.0010574550581600281	0.0028142589118198874	0.002112676056338028
