method	precision	recall	f1
microclass	0.8472837022132796	0.8472837022132796	0.8472837022132796
