method	precision	recall	f1
microclass	0.9991102015393514	0.9991102015393514	0.9991102015393514
