metric	value
precision	0.9991102015393514
recall	0.9991102015393514
f1	0.9991102015393514
