method	precision	recall	f1
microclass	0.8258610954263128	0.8258610954263128	0.8258610954263128
