metric	value
precision	0.8472837022132796
recall	0.8472837022132796
f1	0.8472837022132796
