method	precision	recall	f1
microclass	0.959550968676444	0.959550968676444	0.959550968676444
