metric	value
precision	0.8258610954263128
recall	0.8258610954263128
f1	0.8258610954263128
