metric	value
precision	0.7923957179771133
recall	0.7923957179771133
f1	0.7923957179771133
