method	precision	recall	f1
microclass	0.7923957179771133	0.7923957179771133	0.7923957179771133
