metric	value
precision	0.959550968676444
recall	0.959550968676444
f1	0.959550968676444
