method	precision	recall	f1
nbc50	0.8732613659954328	0.8463782696177062	0.8596096863185859
