method	precision	recall	f1
nbc50	0.8742632612966601	0.7884828349944629	0.8291603586817283
