method	precision	recall	f1
nbc50	0.9591435438059864	0.9538294405214557	0.956479111062694
