method	precision	recall	f1
nbc50	0.8740002077490392	0.8464788732394366	0.8600194204528031
