method	precision	recall	f1
nbc50	0.8739784243216737	0.7895164267257291	0.8296031961522051
