method	precision	recall	f1
nbc50	0.8670547701081145	0.8241671372106155	0.8450671607225567
