metric	value
precision	0.8740002077490392
recall	0.8464788732394366
f1	0.8600194204528031
