method	precision	recall	f1
nbc50	0.8683176568639124	0.8236024844720496	0.8453691897531007
