method	precision	recall	f1
nbc50	0.9591829303815904	0.9539380771319935	0.9565533143303256
