metric	value
precision	0.8739784243216737
recall	0.7895164267257291
f1	0.8296031961522051
