metric	value
precision	0.8683176568639124
recall	0.8236024844720496
f1	0.8453691897531007
