metric	value
precision	0.9591435438059864
recall	0.9538294405214557
f1	0.956479111062694
