method	accuracy	balanced_accuracy	f1_micro	f1_macro	f1_weighted	precision_micro	precision_macro	precision_weighted	recall_micro	recall_macro	recall_weighted	jaccard_micro	jaccard_macro	jaccard_weighted
microclass	0.9105633802816901	0.8940988738626878	0.9105633802816901	0.8424036456917121	0.9073720460181955	0.9105633802816901	0.8524621055383753	0.9199192509445202	0.9105633802816901	0.8471645497754078	0.9105633802816901	0.8358112475759535	0.8249146970340808	0.8723028613982095
