metric	value
accuracy	0.9105633802816901
balanced_accuracy	0.8940988738626878
f1_micro	0.9105633802816901
f1_macro	0.8424036456917121
f1_weighted	0.9073720460181955
precision_micro	0.9105633802816901
precision_macro	0.8524621055383753
precision_weighted	0.9199192509445202
jaccard_micro	0.8358112475759535
jaccard_macro	0.8249146970340808
jaccard_weighted	0.8723028613982095
