metric	value
accuracy	0.03591549295774648
balanced_accuracy	0.04843304843304843
f1_micro	0.03591549295774648
f1_macro	0.027299484915378956
f1_weighted	0.03483568075117371
precision_micro	0.03591549295774648
precision_macro	0.02704194260485651
precision_weighted	0.03450704225352113
recall_micro	0.03591549295774648
recall_macro	0.028145695364238412
recall_weighted	0.03591549295774648
jaccard_micro	0.01828612405880244
jaccard_macro	0.02704194260485651
jaccard_weighted	0.03450704225352113
