method	accuracy	balanced_accuracy	f1_micro	f1_macro	f1_weighted	precision_micro	precision_macro	precision_weighted	recall_micro	recall_macro	recall_weighted	jaccard_micro	jaccard_macro	jaccard_weighted
microclass	0.03591549295774648	0.04843304843304843	0.03591549295774648	0.027299484915378956	0.03483568075117371	0.03591549295774648	0.02704194260485651	0.03450704225352113	0.03591549295774648	0.028145695364238412	0.03591549295774648	0.01828612405880244	0.02704194260485651	0.03450704225352113
