metric	value
precision	0.8474849094567405
recall	0.8474849094567405
f1	0.8474849094567405
