metric	value
precision	0.9993593451083329
recall	0.9993593451083329
f1	0.9993593451083329
