method	precision	recall	f1
top	0.9993593451083329	0.9993593451083329	0.9993593451083329
