method	precision	recall	f1
top	0.7915836101882614	0.7915836101882614	0.7915836101882613
