method	precision	recall	f1
top	0.8474849094567405	0.8474849094567405	0.8474849094567405
