metric	value
precision	0.7915836101882614
recall	0.7915836101882614
f1	0.7915836101882613
