method	precision	recall	f1
top	0.959550968676444	0.959550968676444	0.959550968676444
