metric	value
precision	0.8264257481648786
recall	0.8264257481648786
f1	0.8264257481648786
