method	precision	recall	f1
top	0.8264257481648786	0.8264257481648786	0.8264257481648786
