method	accuracy	balanced_accuracy	f1_micro	f1_macro	f1_weighted	precision_micro	precision_macro	precision_weighted	recall_micro	recall_macro	recall_weighted	jaccard_micro	jaccard_macro	jaccard_weighted
hitac_filter_standalone	0.999483204134367	0.999665327978581	0.999483204134367	0.9997470810219777	0.999482819184892	0.999483204134367	0.9998301053346926	0.9994847845498581	0.999483204134367	0.999665327978581	0.999483204134367	0.9989669421487604	0.9994954333132734	0.9989679886842251
