metric	value
accuracy	0.999483204134367
balanced_accuracy	0.999665327978581
f1_micro	0.999483204134367
f1_macro	0.9997470810219777
f1_weighted	0.999482819184892
precision_micro	0.999483204134367
precision_macro	0.9998301053346926
precision_weighted	0.9994847845498581
jaccard_micro	0.9989669421487604
jaccard_macro	0.9994954333132734
jaccard_weighted	0.9989679886842251
