metric	value
accuracy	0.9395348837209302
balanced_accuracy	0.8627454216838598
f1_micro	0.9395348837209302
f1_macro	0.8332995861125223
f1_weighted	0.9446535597175892
precision_micro	0.9395348837209302
precision_macro	0.8537132808213478
precision_weighted	0.9638907951648148
recall_micro	0.9395348837209302
recall_macro	0.8359520856067213
recall_weighted	0.9395348837209302
jaccard_micro	0.8859649122807017
jaccard_macro	0.8118456256711574
jaccard_weighted	0.9240098619485458
