method	accuracy	balanced_accuracy	f1_micro	f1_macro	f1_weighted	precision_micro	precision_macro	precision_weighted	recall_micro	recall_macro	recall_weighted	jaccard_micro	jaccard_macro	jaccard_weighted
hitac_filter_standalone	0.599483204134367	0.4692225306185061	0.599483204134367	0.42510913027193453	0.5883754181869895	0.599483204134367	0.4393745793549348	0.6331703813684681	0.599483204134367	0.4436285744029512	0.599483204134367	0.4280442804428044	0.39974661520692406	0.5480332419961271
