metric	value
accuracy	0.9968379446640316
balanced_accuracy	0.9911515453639084
f1_micro	0.9968379446640316
f1_macro	0.9865193320568328
f1_weighted	0.9968608220924257
precision_micro	0.9968379446640316
precision_macro	0.9845027697177525
precision_weighted	0.9970674772682961
recall_micro	0.9968379446640316
recall_macro	0.9911515453639084
recall_weighted	0.9968379446640316
jaccard_micro	0.9936958234830575
jaccard_macro	0.9756543150816609
jaccard_weighted	0.9939054219323277
