method	accuracy	balanced_accuracy	f1_micro	f1_macro	f1_weighted	precision_micro	precision_macro	precision_weighted	recall_micro	recall_macro	recall_weighted	jaccard_micro	jaccard_macro	jaccard_weighted
q2vs	0.9573122529644269	0.8718535141329259	0.9573122529644269	0.8593465701807095	0.9595440837591587	0.9573122529644269	0.8672829225664277	0.9683470633383024	0.9573122529644269	0.8659626120104061	0.9573122529644269	0.9181197877179682	0.8374163384641325	0.941715141248738
