metric	value
accuracy	0.9573122529644269
balanced_accuracy	0.8718535141329259
f1_micro	0.9573122529644269
f1_macro	0.8593465701807095
f1_weighted	0.9595440837591587
precision_micro	0.9573122529644269
precision_macro	0.8672829225664277
precision_weighted	0.9683470633383024
jaccard_micro	0.9181197877179682
jaccard_macro	0.8374163384641325
jaccard_weighted	0.941715141248738
