method	accuracy	balanced_accuracy	f1_micro	f1_macro	f1_weighted	precision_micro	precision_macro	precision_weighted	recall_micro	recall_macro	recall_weighted	jaccard_micro	jaccard_macro	jaccard_weighted
q2vs	0.7264822134387352	0.5703048534541068	0.7264822134387351	0.521334136479454	0.7215448793102495	0.7264822134387352	0.5308426634095994	0.7463283894308562	0.7264822134387352	0.5377602830124322	0.7264822134387352	0.5704531346989448	0.498869698872599	0.6828702741693703
