metric	value
accuracy	0.7264822134387352
balanced_accuracy	0.5703048534541068
f1_micro	0.7264822134387351
f1_macro	0.521334136479454
f1_weighted	0.7215448793102495
precision_micro	0.7264822134387352
precision_macro	0.5308426634095994
precision_weighted	0.7463283894308562
jaccard_micro	0.5704531346989448
jaccard_macro	0.498869698872599
jaccard_weighted	0.6828702741693703
