metric	value
accuracy	0.991304347826087
balanced_accuracy	0.9633525713063774
f1_micro	0.991304347826087
f1_macro	0.943090793080636
f1_weighted	0.9921180812294658
precision_micro	0.991304347826087
precision_macro	0.9471105306545882
precision_weighted	0.9937705802340494
jaccard_micro	0.9827586206896551
jaccard_macro	0.9300340404014783
jaccard_weighted	0.9859133617017973
