method	accuracy	balanced_accuracy	f1_micro	f1_macro	f1_weighted	precision_micro	precision_macro	precision_weighted	recall_micro	recall_macro	recall_weighted	jaccard_micro	jaccard_macro	jaccard_weighted
q2vs	0.991304347826087	0.9633525713063774	0.991304347826087	0.943090793080636	0.9921180812294658	0.991304347826087	0.9471105306545882	0.9937705802340494	0.991304347826087	0.9451761076968231	0.991304347826087	0.9827586206896551	0.9300340404014783	0.9859133617017973
