method	accuracy	balanced_accuracy	f1_micro	f1_macro	f1_weighted	precision_micro	precision_macro	precision_weighted	recall_micro	recall_macro	recall_weighted	jaccard_micro	jaccard_macro	jaccard_weighted
q2vs	0.9979328165374677	0.9991540805348182	0.9979328165374677	0.9468855266215737	0.9987040493952599	0.9979328165374677	0.9472059779077323	0.9994800140364309	0.9979328165374677	0.9465670236645647	0.9979328165374677	0.9958741619391439	0.9464075519848587	0.9974223423337996
