metric	value
accuracy	0.9979328165374677
balanced_accuracy	0.9991540805348182
f1_micro	0.9979328165374677
f1_macro	0.9468855266215737
f1_weighted	0.9987040493952599
precision_micro	0.9979328165374677
precision_macro	0.9472059779077323
precision_weighted	0.9994800140364309
jaccard_micro	0.9958741619391439
jaccard_macro	0.9464075519848587
jaccard_weighted	0.9974223423337996
