metric	value
accuracy	0.917312661498708
balanced_accuracy	0.8138494259502996
f1_micro	0.917312661498708
f1_macro	0.7648135019436834
f1_weighted	0.9199994410963389
precision_micro	0.917312661498708
precision_macro	0.7897420769499649
precision_weighted	0.9432885673894016
recall_micro	0.917312661498708
recall_macro	0.7788988371058083
recall_weighted	0.917312661498708
jaccard_micro	0.847255369928401
jaccard_macro	0.7363378956753645
jaccard_weighted	0.8931954089888426
