method	accuracy	balanced_accuracy	f1_micro	f1_macro	f1_weighted	precision_micro	precision_macro	precision_weighted	recall_micro	recall_macro	recall_weighted	jaccard_micro	jaccard_macro	jaccard_weighted
q2vs	0.917312661498708	0.8138494259502996	0.917312661498708	0.7648135019436834	0.9199994410963389	0.917312661498708	0.7897420769499649	0.9432885673894016	0.917312661498708	0.7788988371058083	0.917312661498708	0.847255369928401	0.7363378956753645	0.8931954089888426
