method	accuracy	balanced_accuracy	f1_micro	f1_macro	f1_weighted	precision_micro	precision_macro	precision_weighted	recall_micro	recall_macro	recall_weighted	jaccard_micro	jaccard_macro	jaccard_weighted
q2vs	0.5550387596899224	0.4251815755799549	0.5550387596899224	0.34924545648461364	0.5330332006276424	0.5550387596899224	0.3472934772295511	0.546353397012124	0.5550387596899224	0.38451203356795927	0.5550387596899224	0.38412017167381973	0.3254958591744156	0.4944939752211479
