metric	value
accuracy	0.5550387596899224
balanced_accuracy	0.4251815755799549
f1_micro	0.5550387596899224
f1_macro	0.34924545648461364
f1_weighted	0.5330332006276424
precision_micro	0.5550387596899224
precision_macro	0.3472934772295511
precision_weighted	0.546353397012124
jaccard_micro	0.38412017167381973
jaccard_macro	0.3254958591744156
jaccard_weighted	0.4944939752211479
