method	accuracy	balanced_accuracy	f1_micro	f1_macro	f1_weighted	precision_micro	precision_macro	precision_weighted	recall_micro	recall_macro	recall_weighted	jaccard_micro	jaccard_macro	jaccard_weighted
q2vs	0.9813953488372092	0.8979038683836033	0.9813953488372092	0.8708081687028754	0.9820051276094524	0.9813953488372092	0.8739246172203443	0.9830048391938342	0.9813953488372092	0.8689392274680032	0.9813953488372092	0.9634703196347032	0.8602552393854687	0.9733511622421008
