metric	value
accuracy	0.9813953488372092
balanced_accuracy	0.8979038683836033
f1_micro	0.9813953488372092
f1_macro	0.8708081687028754
f1_weighted	0.9820051276094524
precision_micro	0.9813953488372092
precision_macro	0.8739246172203443
precision_weighted	0.9830048391938342
jaccard_micro	0.9634703196347032
jaccard_macro	0.8602552393854687
jaccard_weighted	0.9733511622421008
