metric	value
accuracy	0.9984496124031008
balanced_accuracy	0.9991189427312775
f1_micro	0.9984496124031008
f1_macro	0.7496691662990737
f1_weighted	0.9992237803606173
precision_micro	0.9984496124031008
precision_macro	0.75
precision_weighted	1.0
recall_micro	0.9984496124031008
recall_macro	0.7493392070484581
recall_weighted	0.9984496124031008
jaccard_micro	0.9969040247678018
jaccard_macro	0.7493392070484581
jaccard_weighted	0.9984496124031008
