method	accuracy	balanced_accuracy	f1_micro	f1_macro	f1_weighted	precision_micro	precision_macro	precision_weighted	recall_micro	recall_macro	recall_weighted	jaccard_micro	jaccard_macro	jaccard_weighted
q2vs	0.9984496124031008	0.9991189427312775	0.9984496124031008	0.7496691662990737	0.9992237803606173	0.9984496124031008	0.75	1.0	0.9984496124031008	0.7493392070484581	0.9984496124031008	0.9969040247678018	0.7493392070484581	0.9984496124031008
