metric	value
accuracy	0.9894366197183099
balanced_accuracy	0.9795663676098461
f1_micro	0.9894366197183099
f1_macro	0.9611377389601511
f1_weighted	0.990187977870238
precision_micro	0.9894366197183099
precision_macro	0.9655425196514922
precision_weighted	0.994340613076452
recall_micro	0.9894366197183099
recall_macro	0.9670878151562174
recall_weighted	0.9894366197183099
jaccard_micro	0.9790940766550522
jaccard_macro	0.9517386150624867
jaccard_weighted	0.9844814581468745
