method	accuracy	balanced_accuracy	f1_micro	f1_macro	f1_weighted	precision_micro	precision_macro	precision_weighted	recall_micro	recall_macro	recall_weighted	jaccard_micro	jaccard_macro	jaccard_weighted
hitac_qiime	0.9894366197183099	0.9795663676098461	0.9894366197183099	0.9611377389601511	0.990187977870238	0.9894366197183099	0.9655425196514922	0.994340613076452	0.9894366197183099	0.9670878151562174	0.9894366197183099	0.9790940766550522	0.9517386150624867	0.9844814581468745
