method	accuracy	balanced_accuracy	f1_micro	f1_macro	f1_weighted	precision_micro	precision_macro	precision_weighted	recall_micro	recall_macro	recall_weighted	jaccard_micro	jaccard_macro	jaccard_weighted
hitac_qiime	0.9154929577464789	0.8931256381110587	0.9154929577464789	0.8436064049358796	0.9079376853811593	0.9154929577464789	0.8514649914082395	0.9166758606597318	0.9154929577464789	0.8507080616308501	0.9154929577464789	0.8441558441558441	0.8266620161534591	0.8768667109808191
