metric	value
accuracy	0.9936619718309859
balanced_accuracy	0.9814446494228577
f1_micro	0.9936619718309859
f1_macro	0.9734199060013596
f1_weighted	0.994439415703315
precision_micro	0.9936619718309859
precision_macro	0.9784870744548164
precision_weighted	0.9963426734934004
jaccard_micro	0.9874037788663401
jaccard_macro	0.959931723877674
jaccard_weighted	0.9900046453243864
