metric	value
accuracy	0.036619718309859155
balanced_accuracy	0.048907882241215575
f1_micro	0.036619718309859155
f1_macro	0.027521274669563642
f1_weighted	0.036032863849765256
precision_micro	0.036619718309859155
precision_macro	0.027340213652000723
precision_weighted	0.035798122065727696
jaccard_micro	0.018651362984218076
jaccard_macro	0.027249683143219263
jaccard_weighted	0.03556338028169014
