method	precision	recall	f1
ct1	0.9840904993690283	0.9714374694131779	0.9777230493675138
