metric	value
precision	0.8743697478991597
recall	0.8374245472837022
f1	0.8554984583761561
