method	precision	recall	f1
ct1	0.932903671308551	0.8806083650190114	0.9060020118475466
