metric	value
precision	0.932903671308551
recall	0.8806083650190114
f1	0.9060020118475466
