method	precision	recall	f1
ct1	0.8567055221947486	0.821682665160926	0.8388286834217201
