metric	value
precision	0.827268504180861
recall	0.7888519748984866
f1	0.8076036430973885
