method	precision	recall	f1
ct1	0.827268504180861	0.7888519748984866	0.8076036430973885
