method	precision	recall	f1
ct1	0.8743697478991597	0.8374245472837022	0.8554984583761561
