metric	value
precision	0.8567055221947486
recall	0.821682665160926
f1	0.8388286834217201
