metric	value
precision	0.9840904993690283
recall	0.9714374694131779
f1	0.9777230493675138
