method	accuracy	balanced_accuracy	f1_micro	f1_macro	f1_weighted	precision_micro	precision_macro	precision_weighted	recall_micro	recall_macro	recall_weighted	jaccard_micro	jaccard_macro	jaccard_weighted
rdp80	0.9683794466403162	0.9492479639763552	0.9683794466403162	0.9307095762298888	0.974278572785256	0.9683794466403162	0.9422939088403006	0.9864624393983425	0.9683794466403162	0.9302630046968282	0.9683794466403162	0.9386973180076629	0.9136324241662478	0.9597317030795293
