metric	value
accuracy	0.9683794466403162
balanced_accuracy	0.9492479639763552
f1_micro	0.9683794466403162
f1_macro	0.9307095762298888
f1_weighted	0.974278572785256
precision_micro	0.9683794466403162
precision_macro	0.9422939088403006
precision_weighted	0.9864624393983425
jaccard_micro	0.9386973180076629
jaccard_macro	0.9136324241662478
jaccard_weighted	0.9597317030795293
