method	accuracy	balanced_accuracy	f1_micro	f1_macro	f1_weighted	precision_micro	precision_macro	precision_weighted	recall_micro	recall_macro	recall_weighted	jaccard_micro	jaccard_macro	jaccard_weighted
rdp80	0.7660079051383399	0.7234978892743154	0.7660079051383399	0.6634833776010679	0.781436572659389	0.7660079051383399	0.6839866391590528	0.8245810067549197	0.7660079051383399	0.6659251129394892	0.7660079051383399	0.6207559256886611	0.6400540720149356	0.7395027529463111
