metric	value
accuracy	0.7660079051383399
balanced_accuracy	0.7234978892743154
f1_micro	0.7660079051383399
f1_macro	0.6634833776010679
f1_weighted	0.781436572659389
precision_micro	0.7660079051383399
precision_macro	0.6839866391590528
precision_weighted	0.8245810067549197
jaccard_micro	0.6207559256886611
jaccard_macro	0.6400540720149356
jaccard_weighted	0.7395027529463111
