metric	value
accuracy	0.9889328063241106
balanced_accuracy	0.9692805779126534
f1_micro	0.9889328063241106
f1_macro	0.9386807666577971
f1_weighted	0.9899765548391101
precision_micro	0.9889328063241106
precision_macro	0.9516940609814547
precision_weighted	0.9926835665612235
recall_micro	0.9889328063241106
recall_macro	0.9333812972492218
recall_weighted	0.9889328063241106
jaccard_micro	0.9781078967943706
jaccard_macro	0.9221237343168532
jaccard_weighted	0.9816642926930028
