method	accuracy	balanced_accuracy	f1_micro	f1_macro	f1_weighted	precision_micro	precision_macro	precision_weighted	recall_micro	recall_macro	recall_weighted	jaccard_micro	jaccard_macro	jaccard_weighted
rdp80	0.9889328063241106	0.9692805779126534	0.9889328063241106	0.9386807666577971	0.9899765548391101	0.9889328063241106	0.9516940609814547	0.9926835665612235	0.9889328063241106	0.9333812972492218	0.9889328063241106	0.9781078967943706	0.9221237343168532	0.9816642926930028
