metric	value
accuracy	0.9987325728770595
balanced_accuracy	0.9986556590244183
f1_micro	0.9987325728770595
f1_macro	0.9951473739930801
f1_weighted	0.9992169771148367
precision_micro	0.9987325728770595
precision_macro	0.9958495649324643
precision_weighted	0.9997476312512912
jaccard_micro	0.9974683544303797
jaccard_macro	0.994510779084881
jaccard_weighted	0.9984802041283507
