method	accuracy	balanced_accuracy	f1_micro	f1_macro	f1_weighted	precision_micro	precision_macro	precision_weighted	recall_micro	recall_macro	recall_weighted	jaccard_micro	jaccard_macro	jaccard_weighted
spingo	0.9898605830164765	0.9923726114730347	0.9898605830164765	0.9926272483492038	0.9928552708527876	0.9898605830164765	0.9955268972759925	0.9975788327499354	0.9898605830164765	0.9911755395653471	0.9898605830164765	0.9799247176913425	0.9903420995431462	0.9881363286869022
