method	accuracy	balanced_accuracy	f1_micro	f1_macro	f1_weighted	precision_micro	precision_macro	precision_weighted	recall_micro	recall_macro	recall_weighted	jaccard_micro	jaccard_macro	jaccard_weighted
spingo	0.9898605830164765	0.9923726114730347	0.9898605830164765	0.9926111830746163	0.9927303607976727	0.9898605830164765	0.9954933897032812	0.9973183060635532	0.9898605830164765	0.9911755395653471	0.9898605830164765	0.9799247176913425	0.9903120714196637	0.9879028552695184
