metric	value
accuracy	0.9898605830164765
balanced_accuracy	0.9923726114730347
f1_micro	0.9898605830164765
f1_macro	0.9926272483492038
f1_weighted	0.9928552708527876
precision_micro	0.9898605830164765
precision_macro	0.9955268972759925
precision_weighted	0.9975788327499354
recall_micro	0.9898605830164765
recall_macro	0.9911755395653471
recall_weighted	0.9898605830164765
jaccard_micro	0.9799247176913425
jaccard_macro	0.9903420995431462
jaccard_weighted	0.9881363286869022
