metric	value
accuracy	0.6577946768060836
balanced_accuracy	0.7107522291785239
f1_micro	0.6577946768060836
f1_macro	0.6474508328402734
f1_weighted	0.6536400228415438
precision_micro	0.6577946768060836
precision_macro	0.6468741443257909
precision_weighted	0.6559931196813326
recall_micro	0.6577946768060836
recall_macro	0.65279229830981
recall_weighted	0.6577946768060836
jaccard_micro	0.49008498583569404
jaccard_macro	0.642866477484878
jaccard_weighted	0.6474168628161023
