method	accuracy	balanced_accuracy	f1_micro	f1_macro	f1_weighted	precision_micro	precision_macro	precision_weighted	recall_micro	recall_macro	recall_weighted	jaccard_micro	jaccard_macro	jaccard_weighted
spingo	0.6577946768060836	0.7107522291785239	0.6577946768060836	0.6474508328402734	0.6536400228415438	0.6577946768060836	0.6468741443257909	0.6559931196813326	0.6577946768060836	0.65279229830981	0.6577946768060836	0.49008498583569404	0.642866477484878	0.6474168628161023
