method	accuracy	balanced_accuracy	f1_micro	f1_macro	f1_weighted	precision_micro	precision_macro	precision_weighted	recall_micro	recall_macro	recall_weighted	jaccard_micro	jaccard_macro	jaccard_weighted
spingo	0.6572877059569074	0.7103253652058432	0.6572877059569074	0.6470152168793046	0.6531330519923676	0.6572877059569074	0.646482089960919	0.6556128915444505	0.6572877059569074	0.6524002439449381	0.6572877059569074	0.4895223711534831	0.6423437383317154	0.6467831492546322
