metric	value
accuracy	0.9987325728770595
balanced_accuracy	0.9986556590244183
f1_micro	0.9987325728770595
f1_macro	0.9949063271611241
f1_weighted	0.9990986839166957
precision_micro	0.9987325728770595
precision_macro	0.9953330360068445
precision_weighted	0.999494145826703
recall_micro	0.9987325728770595
recall_macro	0.9945289827474579
recall_weighted	0.9987325728770595
jaccard_micro	0.9974683544303797
jaccard_macro	0.9941090343649543
jaccard_weighted	0.9982830487981156
