method	accuracy	balanced_accuracy	f1_micro	f1_macro	f1_weighted	precision_micro	precision_macro	precision_weighted	recall_micro	recall_macro	recall_weighted	jaccard_micro	jaccard_macro	jaccard_weighted
rdp80	0.9987325728770595	0.9986556590244183	0.9987325728770595	0.9949063271611241	0.9990986839166957	0.9987325728770595	0.9953330360068445	0.999494145826703	0.9987325728770595	0.9945289827474579	0.9987325728770595	0.9974683544303797	0.9941090343649543	0.9982830487981156
