metric	value
accuracy	0.9885931558935361
balanced_accuracy	0.9912189204664125
f1_micro	0.9885931558935361
f1_macro	0.9903344108752318
f1_weighted	0.9923486914694556
precision_micro	0.9885931558935361
precision_macro	0.9930454895515136
precision_weighted	0.9975924974404063
recall_micro	0.9885931558935361
recall_macro	0.9888304411399873
recall_weighted	0.9885931558935361
jaccard_micro	0.9774436090225563
jaccard_macro	0.9879169070675367
jaccard_weighted	0.9870971882569828
