method	accuracy	balanced_accuracy	f1_micro	f1_macro	f1_weighted	precision_micro	precision_macro	precision_weighted	recall_micro	recall_macro	recall_weighted	jaccard_micro	jaccard_macro	jaccard_weighted
rdp80	0.9885931558935361	0.9912189204664125	0.9885931558935361	0.9903344108752318	0.9923486914694556	0.9885931558935361	0.9930454895515136	0.9975924974404063	0.9885931558935361	0.9888304411399873	0.9885931558935361	0.9774436090225563	0.9879169070675367	0.9870971882569828
