method	accuracy	balanced_accuracy	f1_micro	f1_macro	f1_weighted	precision_micro	precision_macro	precision_weighted	recall_micro	recall_macro	recall_weighted	jaccard_micro	jaccard_macro	jaccard_weighted
rdp80	0.6390367553865652	0.6935828116107	0.6390367553865652	0.6248743441801163	0.6302628325061784	0.6390367553865652	0.6218425338745152	0.6281982508408364	0.6390367553865652	0.6337103484139366	0.6390367553865652	0.46954740175079157	0.6204341442055952	0.6250719306042499
