method	accuracy	balanced_accuracy	f1_micro	f1_macro	f1_weighted	precision_micro	precision_macro	precision_weighted	recall_micro	recall_macro	recall_weighted	jaccard_micro	jaccard_macro	jaccard_weighted
rdp80	0.6385297845373891	0.6930136596471258	0.6385297845373891	0.6249284572079263	0.6298403567985317	0.6385297845373891	0.6219376490453774	0.6278180227039543	0.6385297845373891	0.6336846213895394	0.6385297845373891	0.46900018618506795	0.6205281599309703	0.6246917024673678
