metric	value
accuracy	0.6385297845373891
balanced_accuracy	0.6930136596471258
f1_micro	0.6385297845373891
f1_macro	0.6249284572079263
f1_weighted	0.6298403567985317
precision_micro	0.6385297845373891
precision_macro	0.6219376490453774
precision_weighted	0.6278180227039543
recall_micro	0.6385297845373891
recall_macro	0.6336846213895394
recall_weighted	0.6385297845373891
jaccard_micro	0.46900018618506795
jaccard_macro	0.6205281599309703
jaccard_weighted	0.6246917024673678
