metric	value
accuracy	0.9999377141077546
balanced_accuracy	0.9999578023461896
f1_micro	0.9999377141077546
f1_macro	0.9965305690712926
f1_weighted	0.9999686659928582
precision_micro	0.9999377141077546
precision_macro	0.996551724137931
precision_weighted	1.0
jaccard_micro	0.9998754359740907
jaccard_macro	0.9965096719932717
jaccard_weighted	0.9999377141077546
