method	accuracy	balanced_accuracy	f1_micro	f1_macro	f1_weighted	precision_micro	precision_macro	precision_weighted	recall_micro	recall_macro	recall_weighted	jaccard_micro	jaccard_macro	jaccard_weighted
q2sk	0.9999377141077546	0.9999578023461896	0.9999377141077546	0.9965305690712926	0.9999686659928582	0.9999377141077546	0.996551724137931	1.0	0.9999377141077546	0.9965096719932717	0.9999377141077546	0.9998754359740907	0.9965096719932717	0.9999377141077546
