metric	value
accuracy	0.9996885705387729
balanced_accuracy	0.9987272197499472
f1_micro	0.9996885705387729
f1_macro	0.9979671902132712
f1_weighted	0.9997148696889951
precision_micro	0.9996885705387729
precision_macro	0.9981165224352673
precision_weighted	0.9997683519981869
recall_micro	0.9996885705387729
recall_macro	0.9979025069342989
recall_weighted	0.9996885705387729
jaccard_micro	0.9993773349937733
jaccard_macro	0.9976705570326544
jaccard_weighted	0.9995192084292053
