method	accuracy	balanced_accuracy	f1_micro	f1_macro	f1_weighted	precision_micro	precision_macro	precision_weighted	recall_micro	recall_macro	recall_weighted	jaccard_micro	jaccard_macro	jaccard_weighted
q2sk	0.9996885705387729	0.9987272197499472	0.9996885705387729	0.9979671902132712	0.9997148696889951	0.9996885705387729	0.9981165224352673	0.9997683519981869	0.9996885705387729	0.9979025069342989	0.9996885705387729	0.9993773349937733	0.9976705570326544	0.9995192084292053
