metric	value
accuracy	0.9533478667081906
balanced_accuracy	0.9322456489495523
f1_micro	0.9533478667081906
f1_macro	0.9351293133466968
f1_weighted	0.9559991395906106
precision_micro	0.9533478667081906
precision_macro	0.9439359618334651
precision_weighted	0.9653345350106484
recall_micro	0.9533478667081906
recall_macro	0.9321231462361556
recall_weighted	0.9533478667081906
jaccard_micro	0.9108545584384671
jaccard_macro	0.9279644957174523
jaccard_weighted	0.9471885784031533
