method	accuracy	balanced_accuracy	f1_micro	f1_macro	f1_weighted	precision_micro	precision_macro	precision_weighted	recall_micro	recall_macro	recall_weighted	jaccard_micro	jaccard_macro	jaccard_weighted
q2sk	0.9533478667081906	0.9322456489495523	0.9533478667081906	0.9351293133466968	0.9559991395906106	0.9533478667081906	0.9439359618334651	0.9653345350106484	0.9533478667081906	0.9321231462361556	0.9533478667081906	0.9108545584384671	0.9279644957174523	0.9471885784031533
