method	accuracy	balanced_accuracy	f1_micro	f1_macro	f1_weighted	precision_micro	precision_macro	precision_weighted	recall_micro	recall_macro	recall_weighted	jaccard_micro	jaccard_macro	jaccard_weighted
knn	0.986046511627907	0.9156052325368889	0.986046511627907	0.8895230067656632	0.9915450592892909	0.986046511627907	0.9472059779077323	0.9994800140364309	0.986046511627907	0.867415483456	0.986046511627907	0.9724770642201835	0.8672560117762941	0.9855360374242389
