metric	value
accuracy	0.986046511627907
balanced_accuracy	0.9156052325368889
f1_micro	0.986046511627907
f1_macro	0.8895230067656632
f1_weighted	0.9915450592892909
precision_micro	0.986046511627907
precision_macro	0.9472059779077323
precision_weighted	0.9994800140364309
recall_micro	0.986046511627907
recall_macro	0.867415483456
recall_weighted	0.986046511627907
jaccard_micro	0.9724770642201835
jaccard_macro	0.8672560117762941
jaccard_weighted	0.9855360374242389
