metric	value
accuracy	0.8015503875968992
balanced_accuracy	0.5398911040767549
f1_micro	0.8015503875968992
f1_macro	0.5565876396305176
f1_weighted	0.8354800561141088
precision_micro	0.8015503875968992
precision_macro	0.617778163757315
precision_weighted	0.9069669045045242
recall_micro	0.8015503875968992
recall_macro	0.5330570394681883
recall_weighted	0.8015503875968992
jaccard_micro	0.6688227684346701
jaccard_macro	0.5270335355603243
jaccard_weighted	0.7955985198028062
