method	accuracy	balanced_accuracy	f1_micro	f1_macro	f1_weighted	precision_micro	precision_macro	precision_weighted	recall_micro	recall_macro	recall_weighted	jaccard_micro	jaccard_macro	jaccard_weighted
knn	0.8015503875968992	0.5398911040767549	0.8015503875968992	0.5565876396305176	0.8354800561141088	0.8015503875968992	0.617778163757315	0.9069669045045242	0.8015503875968992	0.5330570394681883	0.8015503875968992	0.6688227684346701	0.5270335355603243	0.7955985198028062
