method	accuracy	balanced_accuracy	f1_micro	f1_macro	f1_weighted	precision_micro	precision_macro	precision_weighted	recall_micro	recall_macro	recall_weighted	jaccard_micro	jaccard_macro	jaccard_weighted
knn	0.31007751937984496	0.1610788453559468	0.31007751937984496	0.16200339390725627	0.334682253392456	0.31007751937984496	0.18315940044419415	0.39737298721205194	0.31007751937984496	0.15803962185866477	0.31007751937984496	0.1834862385321101	0.14796985378353303	0.297564271358845
