metric	value
accuracy	0.31007751937984496
balanced_accuracy	0.1610788453559468
f1_micro	0.31007751937984496
f1_macro	0.16200339390725627
f1_weighted	0.334682253392456
precision_micro	0.31007751937984496
precision_macro	0.18315940044419415
precision_weighted	0.39737298721205194
jaccard_micro	0.1834862385321101
jaccard_macro	0.14796985378353303
jaccard_weighted	0.297564271358845
