method	accuracy	balanced_accuracy	f1_micro	f1_macro	f1_weighted	precision_micro	precision_macro	precision_weighted	recall_micro	recall_macro	recall_weighted	jaccard_micro	jaccard_macro	jaccard_weighted
knn	0.9322997416020672	0.6832848251365099	0.9322997416020672	0.680242651525122	0.9470211909038101	0.9322997416020672	0.7218458627020811	0.9680910501274923	0.9322997416020672	0.6612433791643644	0.9322997416020672	0.8731848983543078	0.6573505169196445	0.9279764782545687
