metric	value
accuracy	0.9322997416020672
balanced_accuracy	0.6832848251365099
f1_micro	0.9322997416020672
f1_macro	0.680242651525122
f1_weighted	0.9470211909038101
precision_micro	0.9322997416020672
precision_macro	0.7218458627020811
precision_weighted	0.9680910501274923
jaccard_micro	0.8731848983543078
jaccard_macro	0.6573505169196445
jaccard_weighted	0.9279764782545687
