metric	value
accuracy	0.9989664082687338
balanced_accuracy	0.9814814814814815
f1_micro	0.9989664082687338
f1_macro	0.7428571428571429
f1_weighted	0.999468438538206
precision_micro	0.9989664082687338
precision_macro	0.75
precision_weighted	1.0
recall_micro	0.9989664082687338
recall_macro	0.7361111111111112
recall_weighted	0.9989664082687338
jaccard_micro	0.9979349509550852
jaccard_macro	0.7361111111111112
jaccard_weighted	0.9989664082687338
