method	accuracy	balanced_accuracy	f1_micro	f1_macro	f1_weighted	precision_micro	precision_macro	precision_weighted	recall_micro	recall_macro	recall_weighted	jaccard_micro	jaccard_macro	jaccard_weighted
knn	0.9989664082687338	0.9814814814814815	0.9989664082687338	0.7428571428571429	0.999468438538206	0.9989664082687338	0.75	1.0	0.9989664082687338	0.7361111111111112	0.9989664082687338	0.9979349509550852	0.7361111111111112	0.9989664082687338
