method	accuracy	balanced_accuracy	f1_micro	f1_macro	f1_weighted	precision_micro	precision_macro	precision_weighted	recall_micro	recall_macro	recall_weighted	jaccard_micro	jaccard_macro	jaccard_weighted
ct2	0.9565217391304348	0.8433591909957455	0.9565217391304348	0.8279438661412784	0.9580303877079451	0.9565217391304348	0.8381960125715748	0.9660018722974593	0.9565217391304348	0.8320389333984873	0.9565217391304348	0.9166666666666666	0.807436355161151	0.9405265967649993
