metric	value
accuracy	0.9565217391304348
balanced_accuracy	0.8433591909957455
f1_micro	0.9565217391304348
f1_macro	0.8279438661412784
f1_weighted	0.9580303877079451
precision_micro	0.9565217391304348
precision_macro	0.8381960125715748
precision_weighted	0.9660018722974593
recall_micro	0.9565217391304348
recall_macro	0.8320389333984873
recall_weighted	0.9565217391304348
jaccard_micro	0.9166666666666666
jaccard_macro	0.807436355161151
jaccard_weighted	0.9405265967649993
