method	accuracy	balanced_accuracy	f1_micro	f1_macro	f1_weighted	precision_micro	precision_macro	precision_weighted	recall_micro	recall_macro	recall_weighted	jaccard_micro	jaccard_macro	jaccard_weighted
ct2	0.7114624505928854	0.5182598550553086	0.7114624505928854	0.4738787927275358	0.7042780901054628	0.7114624505928854	0.47658765091166494	0.7225794950519981	0.7114624505928854	0.49135565492948663	0.7114624505928854	0.5521472392638037	0.4539030548461396	0.6676201237853225
