metric	value
accuracy	0.7114624505928854
balanced_accuracy	0.5182598550553086
f1_micro	0.7114624505928854
f1_macro	0.4738787927275358
f1_weighted	0.7042780901054628
precision_micro	0.7114624505928854
precision_macro	0.47658765091166494
precision_weighted	0.7225794950519981
jaccard_micro	0.5521472392638037
jaccard_macro	0.4539030548461396
jaccard_weighted	0.6676201237853225
