metric	value
accuracy	0.9905138339920949
balanced_accuracy	0.953453630275361
f1_micro	0.9905138339920949
f1_macro	0.9364280140783988
f1_weighted	0.9911992480080009
precision_micro	0.9905138339920949
precision_macro	0.9466503373734102
precision_weighted	0.9929993472252766
jaccard_micro	0.9812059514487079
jaccard_macro	0.919861678561567
jaccard_weighted	0.9843516148590324
