method	accuracy	balanced_accuracy	f1_micro	f1_macro	f1_weighted	precision_micro	precision_macro	precision_weighted	recall_micro	recall_macro	recall_weighted	jaccard_micro	jaccard_macro	jaccard_weighted
ct2	0.9905138339920949	0.953453630275361	0.9905138339920949	0.9364280140783988	0.9911992480080009	0.9905138339920949	0.9466503373734102	0.9929993472252766	0.9905138339920949	0.93546393913809	0.9905138339920949	0.9812059514487079	0.919861678561567	0.9843516148590324
