method	accuracy	balanced_accuracy	f1_micro	f1_macro	f1_weighted	precision_micro	precision_macro	precision_weighted	recall_micro	recall_macro	recall_weighted	jaccard_micro	jaccard_macro	jaccard_weighted
rdp80	0.9908450704225352	0.9822844082311123	0.9908450704225352	0.9642268218707383	0.9918507291736038	0.9908450704225352	0.9677718190145497	0.9955025849074378	0.9908450704225352	0.9697712310561937	0.9908450704225352	0.9818562456385206	0.9566513303255202	0.9870518806820857
