metric	value
accuracy	0.9908450704225352
balanced_accuracy	0.9822844082311123
f1_micro	0.9908450704225352
f1_macro	0.9642268218707383
f1_weighted	0.9918507291736038
precision_micro	0.9908450704225352
precision_macro	0.9677718190145497
precision_weighted	0.9955025849074378
recall_micro	0.9908450704225352
recall_macro	0.9697712310561937
recall_weighted	0.9908450704225352
jaccard_micro	0.9818562456385206
jaccard_macro	0.9566513303255202
jaccard_weighted	0.9870518806820857
