method	accuracy	balanced_accuracy	f1_micro	f1_macro	f1_weighted	precision_micro	precision_macro	precision_weighted	recall_micro	recall_macro	recall_weighted	jaccard_micro	jaccard_macro	jaccard_weighted
rdp80	0.8633802816901408	0.8489912441319352	0.8633802816901408	0.8228629587527099	0.8750115371706538	0.8633802816901408	0.8432857554084492	0.9100126412117154	0.8633802816901408	0.8194808532931246	0.8633802816901408	0.7596034696406444	0.8056935404903046	0.8406768479746848
