metric	value
accuracy	0.8633802816901408
balanced_accuracy	0.8489912441319352
f1_micro	0.8633802816901408
f1_macro	0.8228629587527099
f1_weighted	0.8750115371706538
precision_micro	0.8633802816901408
precision_macro	0.8432857554084492
precision_weighted	0.9100126412117154
recall_micro	0.8633802816901408
recall_macro	0.8194808532931246
recall_weighted	0.8633802816901408
jaccard_micro	0.7596034696406444
jaccard_macro	0.8056935404903046
jaccard_weighted	0.8406768479746848
