method	accuracy	balanced_accuracy	f1_micro	f1_macro	f1_weighted	precision_micro	precision_macro	precision_weighted	recall_micro	recall_macro	recall_weighted	jaccard_micro	jaccard_macro	jaccard_weighted
rdp80	0.029577464788732393	0.039886039886039885	0.029577464788732393	0.028735632183908046	0.029342723004694832	0.029577464788732393	0.028620689655172414	0.029225352112676056	0.029577464788732393	0.028965517241379312	0.029577464788732393	0.01501072194424589	0.028620689655172414	0.029225352112676056
