metric	value
accuracy	0.9994930291508238
balanced_accuracy	0.99937376904985
f1_micro	0.9994930291508238
f1_macro	0.995524053035381
f1_weighted	0.9996097890805576
precision_micro	0.9994930291508238
precision_macro	0.9958495649324643
precision_weighted	0.9997476312512912
recall_micro	0.9994930291508238
recall_macro	0.9952441253760902
recall_weighted	0.9994930291508238
jaccard_micro	0.9989865720800608
jaccard_macro	0.9952259217135133
jaccard_weighted	0.999240660402115
