metric	value
accuracy	0.9891001267427123
balanced_accuracy	0.9873611606129118
f1_micro	0.9891001267427123
f1_macro	0.9089716962793817
f1_weighted	0.9939536363855479
precision_micro	0.9891001267427123
precision_macro	0.9163498098859315
precision_weighted	1.0
jaccard_micro	0.9784353059177533
jaccard_macro	0.9047682118163944
jaccard_weighted	0.9891001267427123
