method	accuracy	balanced_accuracy	f1_micro	f1_macro	f1_weighted	precision_micro	precision_macro	precision_weighted	recall_micro	recall_macro	recall_weighted	jaccard_micro	jaccard_macro	jaccard_weighted
hitac_filter_qiime	0.9878326996197718	0.9882585113525308	0.9878326996197718	0.9898663457294685	0.9919291591331225	0.9878326996197718	0.9947325836951892	0.9979634713475017	0.9878326996197718	0.9870664021711647	0.9878326996197718	0.9759579263711495	0.9867593276414864	0.9867531049160027
