metric	value
accuracy	0.7467680608365019
balanced_accuracy	0.8625498063477041
f1_micro	0.7467680608365019
f1_macro	0.6954617286664364
f1_weighted	0.8175497147130824
precision_micro	0.7467680608365019
precision_macro	0.7499745986588091
precision_weighted	0.9827698420854315
jaccard_micro	0.595873786407767
jaccard_macro	0.6712261047532462
jaccard_weighted	0.7466447436029184
