method	accuracy	balanced_accuracy	f1_micro	f1_macro	f1_weighted	precision_micro	precision_macro	precision_weighted	recall_micro	recall_macro	recall_weighted	jaccard_micro	jaccard_macro	jaccard_weighted
hitac_filter_qiime	0.6344740177439797	0.6881758679567445	0.6344740177439797	0.6345398502862176	0.6315251373046049	0.6344740177439797	0.6344561867018934	0.6347063793831854	0.6344740177439797	0.6389035667107001	0.6344740177439797	0.46463708928902914	0.6307479398628671	0.626244794495745
