metric	value
accuracy	0.6344740177439797
balanced_accuracy	0.6881758679567445
f1_micro	0.6344740177439797
f1_macro	0.6345398502862176
f1_weighted	0.6315251373046049
precision_micro	0.6344740177439797
precision_macro	0.6344561867018934
precision_weighted	0.6347063793831854
jaccard_micro	0.46463708928902914
jaccard_macro	0.6307479398628671
jaccard_weighted	0.626244794495745
