method	accuracy	balanced_accuracy	f1_micro	f1_macro	f1_weighted	precision_micro	precision_macro	precision_weighted	recall_micro	recall_macro	recall_weighted	jaccard_micro	jaccard_macro	jaccard_weighted
q1	0.996958174904943	0.9890716694799099	0.996958174904943	0.9547802472524415	0.9982000956291089	0.996958174904943	0.9587352240190667	0.9994745540746504	0.996958174904943	0.9510304514229903	0.996958174904943	0.9939347990902199	0.948891458101756	0.9964998362829985
