metric	value
accuracy	0.996958174904943
balanced_accuracy	0.9890716694799099
f1_micro	0.996958174904943
f1_macro	0.9547802472524415
f1_weighted	0.9982000956291089
precision_micro	0.996958174904943
precision_macro	0.9587352240190667
precision_weighted	0.9994745540746504
recall_micro	0.996958174904943
recall_macro	0.9510304514229903
recall_weighted	0.996958174904943
jaccard_micro	0.9939347990902199
jaccard_macro	0.948891458101756
jaccard_weighted	0.9964998362829985
