method	accuracy	balanced_accuracy	f1_micro	f1_macro	f1_weighted	precision_micro	precision_macro	precision_weighted	recall_micro	recall_macro	recall_weighted	jaccard_micro	jaccard_macro	jaccard_weighted
q1	0.9906210392902408	0.9867468250616281	0.9906210392902408	0.9817958617375232	0.9920507204456485	0.9906210392902408	0.9823962731966212	0.9941550542935373	0.9906210392902408	0.9826693588423653	0.9906210392902408	0.9814163736815671	0.973552389144139	0.9852283740736543
