metric	value
accuracy	0.9906210392902408
balanced_accuracy	0.9867468250616281
f1_micro	0.9906210392902408
f1_macro	0.9817958617375232
f1_weighted	0.9920507204456485
precision_micro	0.9906210392902408
precision_macro	0.9823962731966212
precision_weighted	0.9941550542935373
jaccard_micro	0.9814163736815671
jaccard_macro	0.973552389144139
jaccard_weighted	0.9852283740736543
