method	accuracy	balanced_accuracy	f1_micro	f1_macro	f1_weighted	precision_micro	precision_macro	precision_weighted	recall_micro	recall_macro	recall_weighted	jaccard_micro	jaccard_macro	jaccard_weighted
q1	0.9553865652724969	0.9050904596786881	0.9553865652724969	0.8893458094874531	0.9549015568280189	0.9553865652724969	0.8973690474168838	0.9604105270413232	0.9553865652724969	0.8910997629178997	0.9553865652724969	0.9145838388740597	0.8721611889144506	0.9334416169425797
