metric	value
accuracy	0.9553865652724969
balanced_accuracy	0.9050904596786881
f1_micro	0.9553865652724969
f1_macro	0.8893458094874531
f1_weighted	0.9549015568280189
precision_micro	0.9553865652724969
precision_macro	0.8973690474168838
precision_weighted	0.9604105270413232
recall_micro	0.9553865652724969
recall_macro	0.8910997629178997
recall_weighted	0.9553865652724969
jaccard_micro	0.9145838388740597
jaccard_macro	0.8721611889144506
jaccard_weighted	0.9334416169425797
