metric	value
accuracy	0.993916349809886
balanced_accuracy	0.99223308238766
f1_micro	0.993916349809886
f1_macro	0.9830867963275094
f1_weighted	0.9953868409396899
precision_micro	0.993916349809886
precision_macro	0.9858028081899374
precision_weighted	0.9969830281076891
recall_micro	0.993916349809886
recall_macro	0.9806954884064081
recall_weighted	0.993916349809886
jaccard_micro	0.9879062736205594
jaccard_macro	0.9783395773952727
jaccard_weighted	0.990980755184837
