method	accuracy	balanced_accuracy	f1_micro	f1_macro	f1_weighted	precision_micro	precision_macro	precision_weighted	recall_micro	recall_macro	recall_weighted	jaccard_micro	jaccard_macro	jaccard_weighted
q1	0.993916349809886	0.99223308238766	0.993916349809886	0.9830867963275094	0.9953868409396899	0.993916349809886	0.9858028081899374	0.9969830281076891	0.993916349809886	0.9806954884064081	0.993916349809886	0.9879062736205594	0.9783395773952727	0.990980755184837
