method	accuracy	balanced_accuracy	f1_micro	f1_macro	f1_weighted	precision_micro	precision_macro	precision_weighted	recall_micro	recall_macro	recall_weighted	jaccard_micro	jaccard_macro	jaccard_weighted
q1	0.9974651457541192	0.9990142311811898	0.9974651457541192	0.8329220647393019	0.9987308706182794	0.9974651457541192	0.8333333333333334	1.0	0.9974651457541192	0.8325118593176581	0.9974651457541192	0.9949431099873578	0.8325118593176581	0.9974651457541192
