metric	value
accuracy	0.9974651457541192
balanced_accuracy	0.9990142311811898
f1_micro	0.9974651457541192
f1_macro	0.8329220647393019
f1_weighted	0.9987308706182794
precision_micro	0.9974651457541192
precision_macro	0.8333333333333334
precision_weighted	1.0
recall_micro	0.9974651457541192
recall_macro	0.8325118593176581
recall_weighted	0.9974651457541192
jaccard_micro	0.9949431099873578
jaccard_macro	0.8325118593176581
jaccard_weighted	0.9974651457541192
