method	accuracy	balanced_accuracy	f1_micro	f1_macro	f1_weighted	precision_micro	precision_macro	precision_weighted	recall_micro	recall_macro	recall_weighted	jaccard_micro	jaccard_macro	jaccard_weighted
q1	0.3690747782002535	0.3950246632517549	0.3690747782002535	0.321890172735761	0.3492854125173517	0.3690747782002535	0.314098778400249	0.3413710342607681	0.3690747782002535	0.3402246732026144	0.3690747782002535	0.22629779297482125	0.3133240935262994	0.33904590902689763
