metric	value
accuracy	0.3690747782002535
balanced_accuracy	0.3950246632517549
f1_micro	0.3690747782002535
f1_macro	0.321890172735761
f1_weighted	0.3492854125173517
precision_micro	0.3690747782002535
precision_macro	0.314098778400249
precision_weighted	0.3413710342607681
recall_micro	0.3690747782002535
recall_macro	0.3402246732026144
recall_weighted	0.3690747782002535
jaccard_micro	0.22629779297482125
jaccard_macro	0.3133240935262994
jaccard_weighted	0.33904590902689763
