method	accuracy	balanced_accuracy	f1_micro	f1_macro	f1_weighted	precision_micro	precision_macro	precision_weighted	recall_micro	recall_macro	recall_weighted	jaccard_micro	jaccard_macro	jaccard_weighted
nbc50	0.9908450704225352	0.9822844082311123	0.9908450704225352	0.9697667373955507	0.9912169263567023	0.9908450704225352	0.972809983355552	0.9943502161494353	0.9908450704225352	0.9759877133065539	0.9908450704225352	0.9818562456385206	0.9616182094826186	0.9858995119240832
