metric	value
accuracy	0.9063380281690141
balanced_accuracy	0.8899198752034442
f1_micro	0.9063380281690141
f1_macro	0.8390798202574692
f1_weighted	0.9039040860803582
precision_micro	0.9063380281690141
precision_macro	0.849715843057668
precision_weighted	0.9174198118460754
jaccard_micro	0.8287186091435931
jaccard_macro	0.8223590647005095
jaccard_weighted	0.8708912910100822
