method	accuracy	balanced_accuracy	f1_micro	f1_macro	f1_weighted	precision_micro	precision_macro	precision_weighted	recall_micro	recall_macro	recall_weighted	jaccard_micro	jaccard_macro	jaccard_weighted
nbc50	0.9056338028169014	0.8892842950249278	0.9056338028169014	0.8392563000553288	0.9020776957886751	0.9056338028169014	0.8475452580733621	0.9136634655646455	0.9056338028169014	0.8448200802736814	0.9056338028169014	0.8275418275418276	0.8223827562398909	0.8690987304596296
