method	accuracy	balanced_accuracy	f1_micro	f1_macro	f1_weighted	precision_micro	precision_macro	precision_weighted	recall_micro	recall_macro	recall_weighted	jaccard_micro	jaccard_macro	jaccard_weighted
nbc50	0.9063380281690141	0.8899198752034442	0.9063380281690141	0.8390798202574692	0.9039040860803582	0.9063380281690141	0.849715843057668	0.9174198118460754	0.9063380281690141	0.8432049211245233	0.9063380281690141	0.8287186091435931	0.8223590647005095	0.8708912910100822
