metric	value
accuracy	0.9943661971830986
balanced_accuracy	0.9834287764069847
f1_micro	0.9943661971830986
f1_macro	0.9767456807557059
f1_weighted	0.9951168134229661
precision_micro	0.9943661971830986
precision_macro	0.9824553284230704
precision_weighted	0.9968708425074849
recall_micro	0.9943661971830986
recall_macro	0.9834287764069847
recall_weighted	0.9943661971830986
jaccard_micro	0.988795518207283
jaccard_macro	0.9658841048300549
jaccard_weighted	0.9912370396905835
