metric	value
accuracy	0.03450704225352113
balanced_accuracy	0.04653371320037987
f1_micro	0.03450704225352113
f1_macro	0.028433687524596615
f1_weighted	0.03392018779342723
precision_micro	0.03450704225352113
precision_macro	0.02823691460055096
precision_weighted	0.03368544600938967
jaccard_micro	0.017556431386599784
jaccard_macro	0.02823691460055096
jaccard_weighted	0.03368544600938967
