method	accuracy	balanced_accuracy	f1_micro	f1_macro	f1_weighted	precision_micro	precision_macro	precision_weighted	recall_micro	recall_macro	recall_weighted	jaccard_micro	jaccard_macro	jaccard_weighted
nbc50	0.03450704225352113	0.04653371320037987	0.03450704225352113	0.028433687524596615	0.03392018779342723	0.03450704225352113	0.02823691460055096	0.03368544600938967	0.03450704225352113	0.028925619834710745	0.03450704225352113	0.017556431386599784	0.02823691460055096	0.03368544600938967
