method	accuracy	balanced_accuracy	f1_micro	f1_macro	f1_weighted	precision_micro	precision_macro	precision_weighted	recall_micro	recall_macro	recall_weighted	jaccard_micro	jaccard_macro	jaccard_weighted
sintax50	0.9894366197183099	0.9809158842819432	0.9894366197183099	0.9634996568716135	0.9911063049113285	0.9894366197183099	0.9677718190145497	0.9955025849074378	0.9894366197183099	0.9684201405331286	0.9894366197183099	0.9790940766550522	0.9553002398024554	0.9856434299778604
