metric	value
accuracy	0.9901408450704225
balanced_accuracy	0.9819911530991476
f1_micro	0.9901408450704225
f1_macro	0.9640786956672128
f1_weighted	0.9914904278306625
precision_micro	0.9901408450704225
precision_macro	0.9677718190145497
precision_weighted	0.9955025849074378
recall_micro	0.9901408450704225
recall_macro	0.9694817116583941
recall_weighted	0.9901408450704225
jaccard_micro	0.9804741980474198
jaccard_macro	0.9563618109277207
jaccard_weighted	0.986347655329973
