method	accuracy	balanced_accuracy	f1_micro	f1_macro	f1_weighted	precision_micro	precision_macro	precision_weighted	recall_micro	recall_macro	recall_weighted	jaccard_micro	jaccard_macro	jaccard_weighted
sintax50	0.9901408450704225	0.9819911530991476	0.9901408450704225	0.9640786956672128	0.9914904278306625	0.9901408450704225	0.9677718190145497	0.9955025849074378	0.9901408450704225	0.9694817116583941	0.9901408450704225	0.9804741980474198	0.9563618109277207	0.986347655329973
