method	accuracy	balanced_accuracy	f1_micro	f1_macro	f1_weighted	precision_micro	precision_macro	precision_weighted	recall_micro	recall_macro	recall_weighted	jaccard_micro	jaccard_macro	jaccard_weighted
sintax50	0.8915492957746479	0.8707414172226827	0.8915492957746479	0.8357355385297975	0.8920659418747574	0.8915492957746479	0.8516543007551505	0.9108781487004461	0.8915492957746479	0.8360043925994375	0.8915492957746479	0.8043202033036849	0.8172210410178333	0.8569871631282092
