method	accuracy	balanced_accuracy	f1_micro	f1_macro	f1_weighted	precision_micro	precision_macro	precision_weighted	recall_micro	recall_macro	recall_weighted	jaccard_micro	jaccard_macro	jaccard_weighted
sintax50	0.8894366197183099	0.86851417321238	0.8894366197183099	0.8312427627289113	0.8900600633283506	0.8894366197183099	0.8468784457778694	0.9101596360377557	0.8894366197183099	0.8316541552511119	0.8894366197183099	0.8008877615726062	0.8129998036048971	0.8552718419614423
