metric	value
accuracy	0.8915492957746479
balanced_accuracy	0.8707414172226827
f1_micro	0.8915492957746479
f1_macro	0.8357355385297975
f1_weighted	0.8920659418747574
precision_micro	0.8915492957746479
precision_macro	0.8516543007551505
precision_weighted	0.9108781487004461
jaccard_micro	0.8043202033036849
jaccard_macro	0.8172210410178333
jaccard_weighted	0.8569871631282092
