method	accuracy	balanced_accuracy	f1_micro	f1_macro	f1_weighted	precision_micro	precision_macro	precision_weighted	recall_micro	recall_macro	recall_weighted	jaccard_micro	jaccard_macro	jaccard_weighted
sintax50	0.9936619718309859	0.982707275685484	0.9936619718309859	0.9611206574008746	0.9947565120800247	0.9936619718309859	0.9671044639164599	0.9968708425074849	0.9936619718309859	0.9673524745028983	0.9936619718309859	0.9874037788663401	0.9500819384193582	0.9905328143384708
