method	accuracy	balanced_accuracy	f1_micro	f1_macro	f1_weighted	precision_micro	precision_macro	precision_weighted	recall_micro	recall_macro	recall_weighted	jaccard_micro	jaccard_macro	jaccard_weighted
sintax50	0.030985915492957747	0.04178537511870845	0.030985915492957747	0.027777777777777776	0.02981220657276995	0.030985915492957747	0.027340332458442692	0.029342723004694832	0.030985915492957747	0.028871391076115485	0.030985915492957747	0.015736766809728183	0.027340332458442692	0.029342723004694832
