method	accuracy	balanced_accuracy	f1_micro	f1_macro	f1_weighted	precision_micro	precision_macro	precision_weighted	recall_micro	recall_macro	recall_weighted	jaccard_micro	jaccard_macro	jaccard_weighted
sintax50	0.03169014084507042	0.042735042735042736	0.03169014084507042	0.028378083387906566	0.030516431924882625	0.03169014084507042	0.027941497489631085	0.03004694835680751	0.03169014084507042	0.029469548133595286	0.03169014084507042	0.016100178890876567	0.027941497489631085	0.03004694835680751
