method	accuracy	balanced_accuracy	f1_micro	f1_macro	f1_weighted	precision_micro	precision_macro	precision_weighted	recall_micro	recall_macro	recall_weighted	jaccard_micro	jaccard_macro	jaccard_weighted
ktop	0.9953488372093023	0.9889890241741095	0.9953488372093023	0.989022700320734	0.9953469998856699	0.9953488372093023	0.9903690146891536	0.9955441660548621	0.9953488372093023	0.9889890241741095	0.9953488372093023	0.9907407407407407	0.9793704137898048	0.9909305309483742
