metric	value
accuracy	0.9953488372093023
balanced_accuracy	0.9889890241741095
f1_micro	0.9953488372093023
f1_macro	0.989022700320734
f1_weighted	0.9953469998856699
precision_micro	0.9953488372093023
precision_macro	0.9903690146891536
precision_weighted	0.9955441660548621
recall_micro	0.9953488372093023
recall_macro	0.9889890241741095
recall_weighted	0.9953488372093023
jaccard_micro	0.9907407407407407
jaccard_macro	0.9793704137898048
jaccard_weighted	0.9909305309483742
