method	accuracy	balanced_accuracy	f1_micro	f1_macro	f1_weighted	precision_micro	precision_macro	precision_weighted	recall_micro	recall_macro	recall_weighted	jaccard_micro	jaccard_macro	jaccard_weighted
ktop	0.9343669250645995	0.8839905299924774	0.9343669250645995	0.8311621777415646	0.9318255875134994	0.9343669250645995	0.8401832773459919	0.9460873222732492	0.9343669250645995	0.8460277464958679	0.9343669250645995	0.8768186226964112	0.804054330232106	0.8998156381910032
