metric	value
accuracy	0.9343669250645995
balanced_accuracy	0.8839905299924774
f1_micro	0.9343669250645995
f1_macro	0.8311621777415646
f1_weighted	0.9318255875134994
precision_micro	0.9343669250645995
precision_macro	0.8401832773459919
precision_weighted	0.9460873222732492
recall_micro	0.9343669250645995
recall_macro	0.8460277464958679
recall_weighted	0.9343669250645995
jaccard_micro	0.8768186226964112
jaccard_macro	0.804054330232106
jaccard_weighted	0.8998156381910032
