method	accuracy	balanced_accuracy	f1_micro	f1_macro	f1_weighted	precision_micro	precision_macro	precision_weighted	recall_micro	recall_macro	recall_weighted	jaccard_micro	jaccard_macro	jaccard_weighted
ktop	0.6242894056847546	0.5609384264713436	0.6242894056847546	0.42293329285327086	0.6125610735094862	0.6242894056847546	0.43126675645539186	0.6400211808089822	0.6242894056847546	0.4513547106616614	0.6242894056847546	0.45379413974455296	0.3942607218379184	0.5613526783843776
