metric	value
accuracy	0.6242894056847546
balanced_accuracy	0.5609384264713436
f1_micro	0.6242894056847546
f1_macro	0.42293329285327086
f1_weighted	0.6125610735094862
precision_micro	0.6242894056847546
precision_macro	0.43126675645539186
precision_weighted	0.6400211808089822
recall_micro	0.6242894056847546
recall_macro	0.4513547106616614
recall_weighted	0.6242894056847546
jaccard_micro	0.45379413974455296
jaccard_macro	0.3942607218379184
jaccard_weighted	0.5613526783843776
