method	accuracy	balanced_accuracy	f1_micro	f1_macro	f1_weighted	precision_micro	precision_macro	precision_weighted	recall_micro	recall_macro	recall_weighted	jaccard_micro	jaccard_macro	jaccard_weighted
ktop	0.979328165374677	0.9410568898260985	0.979328165374677	0.9246896481673019	0.97979836449146	0.979328165374677	0.9282872783423574	0.9819373675136516	0.979328165374677	0.9256297276978017	0.979328165374677	0.959493670886076	0.9077191902248279	0.966745283770579
