metric	value
accuracy	0.979328165374677
balanced_accuracy	0.9410568898260985
f1_micro	0.979328165374677
f1_macro	0.9246896481673019
f1_weighted	0.97979836449146
precision_micro	0.979328165374677
precision_macro	0.9282872783423574
precision_weighted	0.9819373675136516
recall_micro	0.979328165374677
recall_macro	0.9256297276978017
recall_weighted	0.979328165374677
jaccard_micro	0.959493670886076
jaccard_macro	0.9077191902248279
jaccard_weighted	0.966745283770579
