metric	value
precision	0.9699453551912568
recall	0.8214285714285714
f1	0.8895304499400807
