metric	value
precision	0.964516129032258
recall	0.8103896103896104
f1	0.8807609696225835
