method	precision	recall	f1
q2vs	0.9827255477328577	0.8433242870489834	0.9077039477464707
