metric	value
precision	0.9827255477328577
recall	0.8433242870489834
f1	0.9077039477464707
