metric	value
precision	0.9342490031014621
recall	0.7783684016242156
f1	0.8492146596858638
