metric	value
precision	0.978981406628941
recall	0.8332065906210393
f1	0.9002308384522086
