method	precision	recall	f1
q2vs	0.964516129032258	0.8103896103896104	0.8807609696225835
