method	precision	recall	f1
q2vs	0.9699453551912568	0.8214285714285714	0.8895304499400807
