method	precision	recall	f1
q2vs	0.9342490031014621	0.7783684016242156	0.8492146596858638
