method	precision	recall	f1
q2vs	0.978981406628941	0.8332065906210393	0.9002308384522086
