method	precision	recall	f1
rdp80	0.9228217602830606	0.8396378269617706	0.8792667509481668
