method	precision	recall	f1
rdp80	0.9227197346600332	0.8396378269617706	0.8792204371872531
