method	precision	recall	f1
rdp80	0.9978383711543636	0.9898918894870312	0.9938492462311558
