method	precision	recall	f1
rdp80	0.9744985459697263	0.9465145754119139	0.9603027352719657
