method	precision	recall	f1
rdp80	0.9382163323782235	0.7735695828719085	0.8479747501315098
