method	precision	recall	f1
rdp80	0.9746056605884327	0.9464421510048886	0.9603174603174603
