method	precision	recall	f1
rdp80	0.920942075111394	0.8169395821569735	0.8658288450029922
