metric	value
precision	0.9382163323782235
recall	0.7735695828719085
f1	0.8479747501315098
