metric	value
precision	0.9746056605884327
recall	0.9464421510048886
f1	0.9603174603174603
