metric	value
precision	0.9978383905427344
recall	0.9899007874716377
f1	0.9938537404634709
