method	precision	recall	f1
rdp80	0.9383003492433062	0.7735695828719085	0.8480090644221431
