metric	value
precision	0.9227197346600332
recall	0.8396378269617706
f1	0.8792204371872531
