method	precision	recall	f1
rdp80	0.9978383905427344	0.9899007874716377	0.9938537404634709
