metric	value
precision	0.920942075111394
recall	0.8169395821569735
f1	0.8658288450029922
