metric	value
accuracy	0.9126614987080104
balanced_accuracy	0.8616946509301056
f1_micro	0.9126614987080104
f1_macro	0.8328081966541315
f1_weighted	0.9274267794699007
precision_micro	0.9126614987080104
precision_macro	0.8636151277098624
precision_weighted	0.9599347245170988
jaccard_micro	0.8393536121673004
jaccard_macro	0.8033995239331669
jaccard_weighted	0.8964289648661246
