method	accuracy	balanced_accuracy	f1_micro	f1_macro	f1_weighted	precision_micro	precision_macro	precision_weighted	recall_micro	recall_macro	recall_weighted	jaccard_micro	jaccard_macro	jaccard_weighted
spingo	0.9126614987080104	0.8616946509301056	0.9126614987080104	0.8328081966541315	0.9274267794699007	0.9126614987080104	0.8636151277098624	0.9599347245170988	0.9126614987080104	0.8297800342289905	0.9126614987080104	0.8393536121673004	0.8033995239331669	0.8964289648661246
