method	accuracy	balanced_accuracy	f1_micro	f1_macro	f1_weighted	precision_micro	precision_macro	precision_weighted	recall_micro	recall_macro	recall_weighted	jaccard_micro	jaccard_macro	jaccard_weighted
spingo	0.5343669250645995	0.4764442234684945	0.5343669250645995	0.42006664448125636	0.544699392281842	0.5343669250645995	0.4427002286284267	0.6037036303554321	0.5343669250645995	0.4318100151697031	0.5343669250645995	0.36459802538787023	0.39353570564689755	0.4973449530146448
