metric	value
accuracy	0.5343669250645995
balanced_accuracy	0.4764442234684945
f1_micro	0.5343669250645995
f1_macro	0.42006664448125636
f1_weighted	0.544699392281842
precision_micro	0.5343669250645995
precision_macro	0.4427002286284267
precision_weighted	0.6037036303554321
recall_micro	0.5343669250645995
recall_macro	0.4318100151697031
recall_weighted	0.5343669250645995
jaccard_micro	0.36459802538787023
jaccard_macro	0.39353570564689755
jaccard_weighted	0.4973449530146448
