method	accuracy	balanced_accuracy	f1_micro	f1_macro	f1_weighted	precision_micro	precision_macro	precision_weighted	recall_micro	recall_macro	recall_weighted	jaccard_micro	jaccard_macro	jaccard_weighted
spingo	0.5338501291989665	0.4762256919999631	0.5338501291989665	0.4189670777819392	0.5442507750160792	0.5338501291989665	0.4415984640047609	0.6033883308569221	0.5338501291989665	0.43067366928692313	0.5338501291989665	0.3641170250264364	0.39253437925418905	0.4969929039131442
