method	accuracy	balanced_accuracy	f1_micro	f1_macro	f1_weighted	precision_micro	precision_macro	precision_weighted	recall_micro	recall_macro	recall_weighted	jaccard_micro	jaccard_macro	jaccard_weighted
q2blast	0.9973217066334475	0.9963029840109303	0.9973217066334475	0.964584162641441	0.9974734360705417	0.9973217066334475	0.9651223759399385	0.9976550135970923	0.9973217066334475	0.9641641780750939	0.9973217066334475	0.9946577214560816	0.9615524336522426	0.9949950507521739
