metric	value
accuracy	0.9973217066334475
balanced_accuracy	0.9963029840109303
f1_micro	0.9973217066334475
f1_macro	0.964584162641441
f1_weighted	0.9974734360705417
precision_micro	0.9973217066334475
precision_macro	0.9651223759399385
precision_weighted	0.9976550135970923
jaccard_micro	0.9946577214560816
jaccard_macro	0.9615524336522426
jaccard_weighted	0.9949950507521739
