method	accuracy	balanced_accuracy	f1_micro	f1_macro	f1_weighted	precision_micro	precision_macro	precision_weighted	recall_micro	recall_macro	recall_weighted	jaccard_micro	jaccard_macro	jaccard_weighted
q2blast	0.9614450327000934	0.857102785220999	0.9614450327000934	0.8655015701196279	0.9672433842063373	0.9614450327000934	0.894901995362472	0.9772171510555514	0.9614450327000934	0.8541472583754094	0.9614450327000934	0.9257526688257167	0.8328549514778013	0.943960495719889
