metric	value
accuracy	0.9614450327000934
balanced_accuracy	0.857102785220999
f1_micro	0.9614450327000934
f1_macro	0.8655015701196279
f1_weighted	0.9672433842063373
precision_micro	0.9614450327000934
precision_macro	0.894901995362472
precision_weighted	0.9772171510555514
jaccard_micro	0.9257526688257167
jaccard_macro	0.8328549514778013
jaccard_weighted	0.943960495719889
