method	accuracy	balanced_accuracy	f1_micro	f1_macro	f1_weighted	precision_micro	precision_macro	precision_weighted	recall_micro	recall_macro	recall_weighted	jaccard_micro	jaccard_macro	jaccard_weighted
q2blast	0.8361881033945812	0.547333050864913	0.8361881033945812	0.5523223900664561	0.8376264274302062	0.8361881033945812	0.5825305496568015	0.8577917930214153	0.8361881033945812	0.5468810830277	0.8361881033945812	0.7184907679957185	0.5169925616531101	0.7868320598048911
