metric	value
accuracy	0.8361881033945812
balanced_accuracy	0.547333050864913
f1_micro	0.8361881033945812
f1_macro	0.5523223900664561
f1_weighted	0.8376264274302062
precision_micro	0.8361881033945812
precision_macro	0.5825305496568015
precision_weighted	0.8577917930214153
recall_micro	0.8361881033945812
recall_macro	0.5468810830277
recall_weighted	0.8361881033945812
jaccard_micro	0.7184907679957185
jaccard_macro	0.5169925616531101
jaccard_weighted	0.7868320598048911
