method	accuracy	balanced_accuracy	f1_micro	f1_macro	f1_weighted	precision_micro	precision_macro	precision_weighted	recall_micro	recall_macro	recall_weighted	jaccard_micro	jaccard_macro	jaccard_weighted
q2blast	0.9895982559950172	0.9287719367978298	0.9895982559950172	0.9273100553133561	0.9911021324670092	0.9895982559950172	0.939803153146337	0.9930643258900875	0.9895982559950172	0.9196663295743216	0.9895982559950172	0.9794106768585871	0.9097135335253503	0.9834693147794286
