metric	value
accuracy	0.9895982559950172
balanced_accuracy	0.9287719367978298
f1_micro	0.9895982559950172
f1_macro	0.9273100553133561
f1_weighted	0.9911021324670092
precision_micro	0.9895982559950172
precision_macro	0.939803153146337
precision_weighted	0.9930643258900875
recall_micro	0.9895982559950172
recall_macro	0.9196663295743216
recall_weighted	0.9895982559950172
jaccard_micro	0.9794106768585871
jaccard_macro	0.9097135335253503
jaccard_weighted	0.9834693147794286
