metric	value
accuracy	0.09274369355341015
balanced_accuracy	0.08102169110514493
f1_micro	0.09274369355341014
f1_macro	0.08083738799602164
f1_weighted	0.09168327216569945
precision_micro	0.09274369355341015
precision_macro	0.08385264170529554
precision_weighted	0.09604423932697666
jaccard_micro	0.04862675941347441
jaccard_macro	0.07755109337542575
jaccard_weighted	0.08645130651222412
