method	accuracy	balanced_accuracy	f1_micro	f1_macro	f1_weighted	precision_micro	precision_macro	precision_weighted	recall_micro	recall_macro	recall_weighted	jaccard_micro	jaccard_macro	jaccard_weighted
q2blast	0.09274369355341015	0.08102169110514493	0.09274369355341014	0.08083738799602164	0.09168327216569945	0.09274369355341015	0.08385264170529554	0.09604423932697666	0.09274369355341015	0.08101104436518367	0.09274369355341015	0.04862675941347441	0.07755109337542575	0.08645130651222412
