method	precision	recall	f1
sintax50	0.9079389147622657	0.8433601609657948	0.8744588744588745
