method	precision	recall	f1
sintax50	0.9253496503496503	0.7815430047988188	0.8473884330598359
