metric	value
precision	0.9081754195993503
recall	0.8437625754527163
f1	0.8747848761408084
