metric	value
precision	0.9068926835348373
recall	0.821682665160926
f1	0.8621874629695462
