metric	value
precision	0.9253496503496503
recall	0.7815430047988188
f1	0.8473884330598359
