method	precision	recall	f1
sintax50	0.9071766758036381	0.8222473178994918	0.8626266216456371
