method	precision	recall	f1
sintax50	0.9081754195993503	0.8437625754527163	0.8747848761408084
