method	precision	recall	f1
sintax50	0.9068926835348373	0.821682665160926	0.8621874629695462
