metric	value
precision	0.9993752008283052
recall	0.9962717444498821
f1	0.9978210595265149
