method	precision	recall	f1
sintax50	0.9728720848578926	0.9532138330617418	0.9629426397424642
