method	precision	recall	f1
sintax50	0.9993752008283052	0.9962717444498821	0.9978210595265149
