method	precision	recall	f1
sintax50	0.9725495991428676	0.9532500452652544	0.9628031161991149
