metric	value
precision	0.9728720848578926
recall	0.9532138330617418
f1	0.9629426397424642
