method	precision	recall	f1
sintax50	0.9994377309319387	0.9964230101881923	0.9979280937125442
