method	precision	recall	f1
sintax50	0.9258935593812812	0.7822074566260613	0.8480070433808229
