method	accuracy	balanced_accuracy	f1_micro	f1_macro	f1_weighted	precision_micro	precision_macro	precision_weighted	recall_micro	recall_macro	recall_weighted	jaccard_micro	jaccard_macro	jaccard_weighted
hitac_qiime	0.9996885705387729	0.9999101940684277	0.9996885705387729	0.9998414246506879	0.9997003772797509	0.9996885705387729	0.9998138169711306	0.9997768088861206	0.9996885705387729	0.9999101940684277	0.9996885705387729	0.9993773349937733	0.9997240110395583	0.9994653794248936
