metric	value
accuracy	0.9996885705387729
balanced_accuracy	0.9999101940684277
f1_micro	0.9996885705387729
f1_macro	0.9998414246506879
f1_weighted	0.9997003772797509
precision_micro	0.9996885705387729
precision_macro	0.9998138169711306
precision_weighted	0.9997768088861206
jaccard_micro	0.9993773349937733
jaccard_macro	0.9997240110395583
jaccard_weighted	0.9994653794248936
