method	accuracy	balanced_accuracy	f1_micro	f1_macro	f1_weighted	precision_micro	precision_macro	precision_weighted	recall_micro	recall_macro	recall_weighted	jaccard_micro	jaccard_macro	jaccard_weighted
hitac_filter_standalone	0.9887323943661972	0.9793274189838004	0.9887323943661972	0.9561678488899685	0.9904508145342525	0.9887323943661972	0.9616466809195209	0.9955025849074379	0.9887323943661972	0.9607325945727156	0.9887323943661972	0.9777158774373259	0.947695731188439	0.9849392046257478
