metric	value
accuracy	0.8767605633802817
balanced_accuracy	0.8502430618416913
f1_micro	0.8767605633802817
f1_macro	0.8235781200004996
f1_weighted	0.886296169246664
precision_micro	0.8767605633802817
precision_macro	0.8412679997775583
precision_weighted	0.913046601936724
recall_micro	0.8767605633802817
recall_macro	0.8206891586225952
recall_weighted	0.8767605633802817
jaccard_micro	0.780564263322884
jaccard_macro	0.8066320690917571
jaccard_weighted	0.8516342671513055
