method	accuracy	balanced_accuracy	f1_micro	f1_macro	f1_weighted	precision_micro	precision_macro	precision_weighted	recall_micro	recall_macro	recall_weighted	jaccard_micro	jaccard_macro	jaccard_weighted
hitac_filter_standalone	0.8767605633802817	0.8502430618416913	0.8767605633802817	0.8235781200004996	0.886296169246664	0.8767605633802817	0.8412679997775583	0.913046601936724	0.8767605633802817	0.8206891586225952	0.8767605633802817	0.780564263322884	0.8066320690917571	0.8516342671513055
