metric	value
accuracy	0.9936619718309859
balanced_accuracy	0.9814446494228577
f1_micro	0.9936619718309859
f1_macro	0.9604423628272313
f1_weighted	0.9947412265685059
precision_micro	0.9936619718309859
precision_macro	0.9671044639164599
precision_weighted	0.9968708425074849
jaccard_micro	0.9874037788663401
jaccard_macro	0.9488390406920855
jaccard_weighted	0.9905328143384708
