method	accuracy	balanced_accuracy	f1_micro	f1_macro	f1_weighted	precision_micro	precision_macro	precision_weighted	recall_micro	recall_macro	recall_weighted	jaccard_micro	jaccard_macro	jaccard_weighted
hitac_filter_standalone	0.028873239436619718	0.0389363722697056	0.028873239436619718	0.029227053140096614	0.028403755868544597	0.028873239436619718	0.028985507246376812	0.028169014084507043	0.028873239436619718	0.029710144927536233	0.028873239436619718	0.014648088603072526	0.028985507246376812	0.028169014084507043
