metric	value
accuracy	0.028873239436619718
balanced_accuracy	0.0389363722697056
f1_micro	0.028873239436619718
f1_macro	0.029227053140096614
f1_weighted	0.028403755868544597
precision_micro	0.028873239436619718
precision_macro	0.028985507246376812
precision_weighted	0.028169014084507043
jaccard_micro	0.014648088603072526
jaccard_macro	0.028985507246376812
jaccard_weighted	0.028169014084507043
