metric	value
accuracy	0.9989860583016477
balanced_accuracy	0.9986891217469455
f1_micro	0.9989860583016477
f1_macro	0.9949231928565988
f1_weighted	0.9992269743577104
precision_micro	0.9989860583016477
precision_macro	0.9953330360068445
precision_weighted	0.999494145826703
jaccard_micro	0.9979741706761205
jaccard_macro	0.9941423588117686
jaccard_weighted	0.9985365342227036
