method	accuracy	balanced_accuracy	f1_micro	f1_macro	f1_weighted	precision_micro	precision_macro	precision_weighted	recall_micro	recall_macro	recall_weighted	jaccard_micro	jaccard_macro	jaccard_weighted
q2sk	0.9989860583016477	0.9986891217469455	0.9989860583016477	0.9949231928565988	0.9992269743577104	0.9989860583016477	0.9953330360068445	0.999494145826703	0.9989860583016477	0.9945623071942721	0.9989860583016477	0.9979741706761205	0.9941423588117686	0.9985365342227036
