metric	value
accuracy	0.9923954372623575
balanced_accuracy	0.993592707583776
f1_micro	0.9923954372623575
f1_macro	0.9914532421450741
f1_weighted	0.9937685657453409
precision_micro	0.9923954372623575
precision_macro	0.9929971847140522
precision_weighted	0.9963557318120057
recall_micro	0.9923954372623575
recall_macro	0.9911985082883934
recall_weighted	0.9923954372623575
jaccard_micro	0.9849056603773585
jaccard_macro	0.9890569838956905
jaccard_weighted	0.9894886963167902
