method	accuracy	balanced_accuracy	f1_micro	f1_macro	f1_weighted	precision_micro	precision_macro	precision_weighted	recall_micro	recall_macro	recall_weighted	jaccard_micro	jaccard_macro	jaccard_weighted
q2sk	0.9923954372623575	0.993592707583776	0.9923954372623575	0.9914532421450741	0.9937685657453409	0.9923954372623575	0.9929971847140522	0.9963557318120057	0.9923954372623575	0.9911985082883934	0.9923954372623575	0.9849056603773585	0.9890569838956905	0.9894886963167902
