metric	value
accuracy	0.9994930291508238
balanced_accuracy	0.9996638208712512
f1_micro	0.9994930291508238
f1_macro	0.9881786708173026
f1_weighted	0.9996182231560615
precision_micro	0.9994930291508238
precision_macro	0.9883208687634464
precision_weighted	0.9997476312512912
jaccard_micro	0.9989865720800608
jaccard_macro	0.9879885986943343
jaccard_weighted	0.999240660402115
