method	accuracy	balanced_accuracy	f1_micro	f1_macro	f1_weighted	precision_micro	precision_macro	precision_weighted	recall_micro	recall_macro	recall_weighted	jaccard_micro	jaccard_macro	jaccard_weighted
q2sk	0.9994930291508238	0.9996638208712512	0.9994930291508238	0.9881786708173026	0.9996182231560615	0.9994930291508238	0.9883208687634464	0.9997476312512912	0.9994930291508238	0.9880398229541435	0.9994930291508238	0.9989865720800608	0.9879885986943343	0.999240660402115
