method	accuracy	balanced_accuracy	f1_micro	f1_macro	f1_weighted	precision_micro	precision_macro	precision_weighted	recall_micro	recall_macro	recall_weighted	jaccard_micro	jaccard_macro	jaccard_weighted
q2sk	0.6689480354879594	0.7237336368810472	0.6689480354879594	0.6374403501697079	0.658023510076742	0.6689480354879594	0.6335461061760755	0.6547876556621803	0.6689480354879594	0.6481141692150866	0.6689480354879594	0.5025709388687869	0.6320793488989208	0.6515486752368881
