metric	value
accuracy	0.6689480354879594
balanced_accuracy	0.7237336368810472
f1_micro	0.6689480354879594
f1_macro	0.6374403501697079
f1_weighted	0.658023510076742
precision_micro	0.6689480354879594
precision_macro	0.6335461061760755
precision_weighted	0.6547876556621803
recall_micro	0.6689480354879594
recall_macro	0.6481141692150866
recall_weighted	0.6689480354879594
jaccard_micro	0.5025709388687869
jaccard_macro	0.6320793488989208
jaccard_weighted	0.6515486752368881
