method	accuracy	balanced_accuracy	f1_micro	f1_macro	f1_weighted	precision_micro	precision_macro	precision_weighted	recall_micro	recall_macro	recall_weighted	jaccard_micro	jaccard_macro	jaccard_weighted
metaxa2	0.9988165680473373	0.963866122372045	0.9988165680473373	0.9341095285104827	0.9993752478528295	0.9988165680473373	0.9354838709677419	0.9999377141077546	0.9988165680473373	0.9327736668116566	0.9988165680473373	0.9976359338061466	0.9327736668116566	0.9988165680473373
