metric	value
accuracy	0.9912176891933977
balanced_accuracy	0.6803921201387695
f1_micro	0.9912176891933977
f1_macro	0.667400565850591
f1_weighted	0.9947717499221328
precision_micro	0.9912176891933977
precision_macro	0.6774193548387096
precision_weighted	0.9984428526938648
recall_micro	0.9912176891933977
recall_macro	0.6584439872310672
recall_weighted	0.9912176891933977
jaccard_micro	0.9825882934057792
jaccard_macro	0.6584439872310672
jaccard_weighted	0.9912176891933977
