method	accuracy	balanced_accuracy	f1_micro	f1_macro	f1_weighted	precision_micro	precision_macro	precision_weighted	recall_micro	recall_macro	recall_weighted	jaccard_micro	jaccard_macro	jaccard_weighted
metaxa2	0.9912176891933977	0.6803921201387695	0.9912176891933977	0.667400565850591	0.9947717499221328	0.9912176891933977	0.6774193548387096	0.9984428526938648	0.9912176891933977	0.6584439872310672	0.9912176891933977	0.9825882934057792	0.6584439872310672	0.9912176891933977
