metric	value
accuracy	0.9217689193397696
balanced_accuracy	0.6327234427216419
f1_micro	0.9217689193397696
f1_macro	0.6693366244942632
f1_weighted	0.9499511039018917
precision_micro	0.9217689193397696
precision_macro	0.7344827586206897
precision_weighted	0.9877919651199003
jaccard_micro	0.8548899543642771
jaccard_macro	0.6305416377467398
jaccard_weighted	0.9217689193397696
