method	accuracy	balanced_accuracy	f1_micro	f1_macro	f1_weighted	precision_micro	precision_macro	precision_weighted	recall_micro	recall_macro	recall_weighted	jaccard_micro	jaccard_macro	jaccard_weighted
metaxa2	0.9217689193397696	0.6327234427216419	0.9217689193397696	0.6693366244942632	0.9499511039018917	0.9217689193397696	0.7344827586206897	0.9877919651199003	0.9217689193397696	0.6305416377467398	0.9217689193397696	0.8548899543642771	0.6305416377467398	0.9217689193397696
