method	accuracy	balanced_accuracy	f1_micro	f1_macro	f1_weighted	precision_micro	precision_macro	precision_weighted	recall_micro	recall_macro	recall_weighted	jaccard_micro	jaccard_macro	jaccard_weighted
metaxa2	0.9921519775770787	0.9231044585887251	0.9921519775770787	0.9264076847981085	0.9953864379187111	0.9921519775770787	0.9344827586206896	0.9988165680473373	0.9921519775770787	0.9199213397660054	0.9921519775770787	0.9844261788517397	0.9199213397660054	0.9921519775770787
