metric	value
accuracy	0.7773902211149175
balanced_accuracy	0.39540444451932155
f1_micro	0.7773902211149175
f1_macro	0.42019000774920845
f1_weighted	0.8195994134003207
precision_micro	0.7773902211149175
precision_macro	0.46985962014863747
precision_weighted	0.8890065400186857
jaccard_micro	0.6358449233277293
jaccard_macro	0.3950779338302057
jaccard_weighted	0.7773902211149175
