method	accuracy	balanced_accuracy	f1_micro	f1_macro	f1_weighted	precision_micro	precision_macro	precision_weighted	recall_micro	recall_macro	recall_weighted	jaccard_micro	jaccard_macro	jaccard_weighted
metaxa2	0.7773902211149175	0.39540444451932155	0.7773902211149175	0.42019000774920845	0.8195994134003207	0.7773902211149175	0.46985962014863747	0.8890065400186857	0.7773902211149175	0.3950779338302057	0.7773902211149175	0.6358449233277293	0.3950779338302057	0.7773902211149175
