method	accuracy	balanced_accuracy	f1_micro	f1_macro	f1_weighted	precision_micro	precision_macro	precision_weighted	recall_micro	recall_macro	recall_weighted	jaccard_micro	jaccard_macro	jaccard_weighted
metaxa2	0.9768296480847088	0.8758376351127808	0.9768296480847088	0.8828145864933337	0.9834780674305283	0.9768296480847088	0.893476465730801	0.9913422609778885	0.9768296480847088	0.8751144000713995	0.9768296480847088	0.9547087112680344	0.8751144000713995	0.9768296480847088
