method	accuracy	balanced_accuracy	f1_micro	f1_macro	f1_weighted	precision_micro	precision_macro	precision_weighted	recall_micro	recall_macro	recall_weighted	jaccard_micro	jaccard_macro	jaccard_weighted
metaxa2	0.9726564933042666	0.688996746830772	0.9726564933042666	0.7098206473508842	0.9833305810011198	0.9726564933042666	0.7549019607843137	0.995702273435067	0.9726564933042666	0.6822418767638037	0.9726564933042666	0.9467685218867467	0.6822418767638037	0.9726564933042666
