method	accuracy	balanced_accuracy	f1_micro	f1_macro	f1_weighted	precision_micro	precision_macro	precision_weighted	recall_micro	recall_macro	recall_weighted	jaccard_micro	jaccard_macro	jaccard_weighted
metaxa2	0.9969479912799751	0.9418698994807522	0.9969479912799751	0.9367062443953899	0.9983012894563903	0.9969479912799751	0.9411764705882353	0.9996885705387729	0.9969479912799751	0.9326358808583919	0.9969479912799751	0.9939145553899652	0.9326358808583919	0.9969479912799751
