metric	value
accuracy	0.9726564933042666
balanced_accuracy	0.688996746830772
f1_micro	0.9726564933042666
f1_macro	0.7098206473508842
f1_weighted	0.9833305810011198
precision_micro	0.9726564933042666
precision_macro	0.7549019607843137
precision_weighted	0.995702273435067
recall_micro	0.9726564933042666
recall_macro	0.6822418767638037
recall_weighted	0.9726564933042666
jaccard_micro	0.9467685218867467
jaccard_macro	0.6822418767638037
jaccard_weighted	0.9726564933042666
