metric	value
accuracy	0.9989411398318281
balanced_accuracy	0.5483650708584449
f1_micro	0.9989411398318281
f1_macro	0.48908142216757833
f1_weighted	0.9992392819106477
precision_micro	0.9989411398318281
precision_macro	0.5
precision_weighted	0.9995639987542821
recall_micro	0.9989411398318281
recall_macro	0.47981943700113927
recall_weighted	0.9989411398318281
jaccard_micro	0.9978845196615231
jaccard_macro	0.47981943700113927
jaccard_weighted	0.9989411398318281
