method	accuracy	balanced_accuracy	f1_micro	f1_macro	f1_weighted	precision_micro	precision_macro	precision_weighted	recall_micro	recall_macro	recall_weighted	jaccard_micro	jaccard_macro	jaccard_weighted
metaxa2	0.9989411398318281	0.5483650708584449	0.9989411398318281	0.48908142216757833	0.9992392819106477	0.9989411398318281	0.5	0.9995639987542821	0.9989411398318281	0.47981943700113927	0.9989411398318281	0.9978845196615231	0.47981943700113927	0.9989411398318281
