method	accuracy	balanced_accuracy	f1_micro	f1_macro	f1_weighted	precision_micro	precision_macro	precision_weighted	recall_micro	recall_macro	recall_weighted	jaccard_micro	jaccard_macro	jaccard_weighted
metaxa2	0.04509498598567425	0.019186925353964386	0.04509498598567425	0.0201283933069879	0.04738949754630666	0.04509498598567425	0.022470433639947437	0.05281843662410464	0.04509498598567425	0.01918440407599409	0.04509498598567425	0.02306760976231441	0.01918440407599409	0.04509498598567425
