metric	value
accuracy	0.04509498598567425
balanced_accuracy	0.019186925353964386
f1_micro	0.04509498598567425
f1_macro	0.0201283933069879
f1_weighted	0.04738949754630666
precision_micro	0.04509498598567425
precision_macro	0.022470433639947437
precision_weighted	0.05281843662410464
recall_micro	0.04509498598567425
recall_macro	0.01918440407599409
recall_weighted	0.04509498598567425
jaccard_micro	0.02306760976231441
jaccard_macro	0.01918440407599409
jaccard_weighted	0.04509498598567425
