method	accuracy	balanced_accuracy	f1_micro	f1_macro	f1_weighted	precision_micro	precision_macro	precision_weighted	recall_micro	recall_macro	recall_weighted	jaccard_micro	jaccard_macro	jaccard_weighted
metaxa2	0.7797570850202429	0.6611578032954035	0.7797570850202429	0.6729922229782254	0.7950461795436272	0.7797570850202429	0.6970433639947438	0.8259109311740891	0.7797570850202429	0.6610709231635644	0.7797570850202429	0.6390179163901791	0.6610052201412254	0.7796947991279976
