metric	value
accuracy	0.9997465145754119
balanced_accuracy	0.999407231772377
f1_micro	0.9997465145754119
f1_macro	0.9996716573342662
f1_weighted	0.9997370449212415
precision_micro	0.9997465145754119
precision_macro	0.9999817208035534
precision_weighted	0.9997476312512912
recall_micro	0.9997465145754119
recall_macro	0.999407231772377
recall_weighted	0.9997465145754119
jaccard_micro	0.9994931576279777
jaccard_macro	0.9993889525759305
jaccard_weighted	0.999494145826703
