metric	value
accuracy	0.9949302915082383
balanced_accuracy	0.9947992555405272
f1_micro	0.9949302915082383
f1_macro	0.990765155794329
f1_weighted	0.9951248737788633
precision_micro	0.9949302915082383
precision_macro	0.9914749900716472
precision_weighted	0.9960843195788045
recall_micro	0.9949302915082383
recall_macro	0.9912079224880342
recall_weighted	0.9949302915082383
jaccard_micro	0.9899117276166457
jaccard_macro	0.9888307502900241
jaccard_weighted	0.9917145450551877
