method	accuracy	balanced_accuracy	f1_micro	f1_macro	f1_weighted	precision_micro	precision_macro	precision_weighted	recall_micro	recall_macro	recall_weighted	jaccard_micro	jaccard_macro	jaccard_weighted
hitac_qiime	0.9949302915082383	0.9947992555405272	0.9949302915082383	0.990765155794329	0.9951248737788633	0.9949302915082383	0.9914749900716472	0.9960843195788045	0.9949302915082383	0.9912079224880342	0.9949302915082383	0.9899117276166457	0.9888307502900241	0.9917145450551877
