metric	value
accuracy	0.7297845373891001
balanced_accuracy	0.7760529311326124
f1_micro	0.7297845373891001
f1_macro	0.6646843076000422
f1_weighted	0.7165072091688062
precision_micro	0.7297845373891001
precision_macro	0.6611576688012183
precision_weighted	0.7159041986038184
recall_micro	0.7297845373891001
recall_macro	0.6778647775292072
recall_weighted	0.7297845373891001
jaccard_micro	0.5745360207543404
jaccard_macro	0.6568814633318735
jaccard_weighted	0.7056472931377874
