method	accuracy	balanced_accuracy	f1_micro	f1_macro	f1_weighted	precision_micro	precision_macro	precision_weighted	recall_micro	recall_macro	recall_weighted	jaccard_micro	jaccard_macro	jaccard_weighted
metaxa2	0.9964788732394366	0.8907385641374974	0.9964788732394366	0.8476677319373949	0.9971722632586693	0.9964788732394366	0.8492063492063492	0.997887323943662	0.9964788732394366	0.8462016359306226	0.9964788732394366	0.9929824561403509	0.8454327867242734	0.9957966549295775
