metric	value
accuracy	0.9964788732394366
balanced_accuracy	0.8907385641374974
f1_micro	0.9964788732394366
f1_macro	0.8476677319373949
f1_weighted	0.9971722632586693
precision_micro	0.9964788732394366
precision_macro	0.8492063492063492
precision_weighted	0.997887323943662
jaccard_micro	0.9929824561403509
jaccard_macro	0.8454327867242734
jaccard_weighted	0.9957966549295775
