method	accuracy	balanced_accuracy	f1_micro	f1_macro	f1_weighted	precision_micro	precision_macro	precision_weighted	recall_micro	recall_macro	recall_weighted	jaccard_micro	jaccard_macro	jaccard_weighted
metaxa2	0.9971830985915493	0.8935086472399906	0.9971830985915493	0.8490190832887462	0.997533892493538	0.9971830985915493	0.8492063492063492	0.997887323943662	0.9971830985915493	0.8488332148779911	0.9971830985915493	0.9943820224719101	0.8480643656716417	0.9965008802816901
