method	accuracy	balanced_accuracy	f1_micro	f1_macro	f1_weighted	precision_micro	precision_macro	precision_weighted	recall_micro	recall_macro	recall_weighted	jaccard_micro	jaccard_macro	jaccard_weighted
metaxa2	0.9809859154929578	0.9336094970947707	0.9809859154929578	0.9223136452575174	0.9847357913852776	0.9809859154929578	0.93271343260266	0.9915853313863111	0.9809859154929578	0.9217163824820984	0.9809859154929578	0.962681409813407	0.9118077344053528	0.9775888525130716
