method	accuracy	balanced_accuracy	f1_micro	f1_macro	f1_weighted	precision_micro	precision_macro	precision_weighted	recall_micro	recall_macro	recall_weighted	jaccard_micro	jaccard_macro	jaccard_weighted
metaxa2	0.9429577464788732	0.8425954032549702	0.9429577464788732	0.8507163224079164	0.9571546275004899	0.9429577464788732	0.884096459096459	0.9812105969148222	0.9429577464788732	0.8371941506700022	0.9429577464788732	0.8920719520319786	0.8305421047412006	0.9400823755240473
