metric	value
accuracy	0.9429577464788732
balanced_accuracy	0.8425954032549702
f1_micro	0.9429577464788732
f1_macro	0.8507163224079164
f1_weighted	0.9571546275004899
precision_micro	0.9429577464788732
precision_macro	0.884096459096459
precision_weighted	0.9812105969148222
jaccard_micro	0.8920719520319786
jaccard_macro	0.8305421047412006
jaccard_weighted	0.9400823755240473
