method	accuracy	balanced_accuracy	f1_micro	f1_macro	f1_weighted	precision_micro	precision_macro	precision_weighted	recall_micro	recall_macro	recall_weighted	jaccard_micro	jaccard_macro	jaccard_weighted
metaxa2	0.6936619718309859	0.5401838958421233	0.6936619718309859	0.5428526570148273	0.7175908937677407	0.6936619718309859	0.5711053696733018	0.7747473791052912	0.6936619718309859	0.5328043344235152	0.6936619718309859	0.5309973045822103	0.5235597665849784	0.6746956724316763
