metric	value
accuracy	0.6936619718309859
balanced_accuracy	0.5401838958421233
f1_micro	0.6936619718309859
f1_macro	0.5428526570148273
f1_weighted	0.7175908937677407
precision_micro	0.6936619718309859
precision_macro	0.5711053696733018
precision_weighted	0.7747473791052912
jaccard_micro	0.5309973045822103
jaccard_macro	0.5235597665849784
jaccard_weighted	0.6746956724316763
