method	accuracy	balanced_accuracy	f1_micro	f1_macro	f1_weighted	precision_micro	precision_macro	precision_weighted	recall_micro	recall_macro	recall_weighted	jaccard_micro	jaccard_macro	jaccard_weighted
metaxa2	0.8492957746478873	0.7812249541940458	0.8492957746478873	0.7457490228347081	0.8564985369545629	0.8492957746478873	0.7661557572138418	0.8816716005127916	0.8492957746478873	0.7421637064843436	0.8492957746478873	0.7380660954712362	0.7262415508415706	0.8169353447139028
