metric	value
accuracy	0.9830985915492958
balanced_accuracy	0.8944803387152457
f1_micro	0.9830985915492958
f1_macro	0.8781577365532135
f1_weighted	0.9874228900724249
precision_micro	0.9830985915492958
precision_macro	0.8894325657894737
precision_weighted	0.9932931801334323
jaccard_micro	0.9667590027700831
jaccard_macro	0.8636866492122937
jaccard_weighted	0.9813213491475168
