method	accuracy	balanced_accuracy	f1_micro	f1_macro	f1_weighted	precision_micro	precision_macro	precision_weighted	recall_micro	recall_macro	recall_weighted	jaccard_micro	jaccard_macro	jaccard_weighted
metaxa2	0.9901408450704225	0.947217105253793	0.9901408450704225	0.928139311982924	0.9925864110911151	0.9901408450704225	0.9362445617572156	0.9961129211602382	0.9901408450704225	0.9324168379842026	0.9901408450704225	0.9804741980474198	0.9155363997414181	0.9876622169348861
