method	accuracy	balanced_accuracy	f1_micro	f1_macro	f1_weighted	precision_micro	precision_macro	precision_weighted	recall_micro	recall_macro	recall_weighted	jaccard_micro	jaccard_macro	jaccard_weighted
metaxa2	0.9830985915492958	0.8944803387152457	0.9830985915492958	0.8781577365532135	0.9874228900724249	0.9830985915492958	0.8894325657894737	0.9932931801334323	0.9830985915492958	0.8805040834228199	0.9830985915492958	0.9667590027700831	0.8636866492122937	0.9813213491475168
