method	accuracy	balanced_accuracy	f1_micro	f1_macro	f1_weighted	precision_micro	precision_macro	precision_weighted	recall_micro	recall_macro	recall_weighted	jaccard_micro	jaccard_macro	jaccard_weighted
rdp50	0.9996262846465276	0.9987665743347562	0.9996262846465276	0.9979914517856605	0.9996175346471082	0.9996262846465276	0.9981100203578536	0.9996447610938889	0.9996262846465276	0.9979418290215153	0.9996262846465276	0.9992528485150364	0.9977033770424573	0.9993333316326619
