metric	value
accuracy	0.9996262846465276
balanced_accuracy	0.9987665743347562
f1_micro	0.9996262846465276
f1_macro	0.9979914517856605
f1_weighted	0.9996175346471082
precision_micro	0.9996262846465276
precision_macro	0.9981100203578536
precision_weighted	0.9996447610938889
recall_micro	0.9996262846465276
recall_macro	0.9979418290215153
recall_weighted	0.9996262846465276
jaccard_micro	0.9992528485150364
jaccard_macro	0.9977033770424573
jaccard_weighted	0.9993333316326619
