metric	value
accuracy	0.9620056057303021
balanced_accuracy	0.9395014675603451
f1_micro	0.9620056057303021
f1_macro	0.9356914029828072
f1_weighted	0.954757118228848
precision_micro	0.9620056057303021
precision_macro	0.9380826035099631
precision_weighted	0.9551065889561777
jaccard_micro	0.9267926792679267
jaccard_macro	0.9268539569922233
jaccard_weighted	0.9430386973336302
