method	accuracy	balanced_accuracy	f1_micro	f1_macro	f1_weighted	precision_micro	precision_macro	precision_weighted	recall_micro	recall_macro	recall_weighted	jaccard_micro	jaccard_macro	jaccard_weighted
rdp50	0.9619433198380567	0.9395233714460945	0.9619433198380567	0.9357089237887642	0.9546989847294189	0.9619433198380567	0.9380826035099631	0.9550443030639323	0.9619433198380567	0.9393999123959702	0.9619433198380567	0.9266770670826833	0.9268758579996695	0.9429764114413848
