method	accuracy	balanced_accuracy	f1_micro	f1_macro	f1_weighted	precision_micro	precision_macro	precision_weighted	recall_micro	recall_macro	recall_weighted	jaccard_micro	jaccard_macro	jaccard_weighted
rdp50	0.9620056057303021	0.9395014675603451	0.9620056057303021	0.9356914029828072	0.954757118228848	0.9620056057303021	0.9380826035099631	0.9551065889561777	0.9620056057303021	0.9393780113885238	0.9620056057303021	0.9267926792679267	0.9268539569922233	0.9430386973336302
