method	accuracy	balanced_accuracy	f1_micro	f1_macro	f1_weighted	precision_micro	precision_macro	precision_weighted	recall_micro	recall_macro	recall_weighted	jaccard_micro	jaccard_macro	jaccard_weighted
hitac_qiime	0.6945736434108527	0.5588903715658137	0.6945736434108527	0.4388112727371068	0.6581938251653492	0.6945736434108527	0.4373868226290387	0.6550988925419421	0.6945736434108527	0.47448651953342547	0.6945736434108527	0.5320665083135392	0.4124824050954562	0.615104968025053
