metric	value
accuracy	0.9819121447028424
balanced_accuracy	0.9049354985539196
f1_micro	0.9819121447028424
f1_macro	0.8941897061569949
f1_weighted	0.9807188741330459
precision_micro	0.9819121447028424
precision_macro	0.9038064547028051
precision_weighted	0.9807048262421592
recall_micro	0.9819121447028424
recall_macro	0.8901004903809046
recall_weighted	0.9819121447028424
jaccard_micro	0.9644670050761421
jaccard_macro	0.8804306624745538
jaccard_weighted	0.9710285134650711
