method	accuracy	balanced_accuracy	f1_micro	f1_macro	f1_weighted	precision_micro	precision_macro	precision_weighted	recall_micro	recall_macro	recall_weighted	jaccard_micro	jaccard_macro	jaccard_weighted
nbc80	0.9987325728770595	0.9986556590244183	0.9987325728770595	0.9951473739930801	0.9992169771148367	0.9987325728770595	0.9958495649324643	0.9997476312512912	0.9987325728770595	0.9945289827474579	0.9987325728770595	0.9974683544303797	0.994510779084881	0.9984802041283507
