method	accuracy	balanced_accuracy	f1_micro	f1_macro	f1_weighted	precision_micro	precision_macro	precision_weighted	recall_micro	recall_macro	recall_weighted	jaccard_micro	jaccard_macro	jaccard_weighted
nbc80	0.9885931558935361	0.9912579298161736	0.9885931558935361	0.9903622020756757	0.9923701388406415	0.9885931558935361	0.9930439449114148	0.9975785232439226	0.9885931558935361	0.9888693564913152	0.9885931558935361	0.9774436090225563	0.9879570677101069	0.9871084542758534
