method	accuracy	balanced_accuracy	f1_micro	f1_macro	f1_weighted	precision_micro	precision_macro	precision_weighted	recall_micro	recall_macro	recall_weighted	jaccard_micro	jaccard_macro	jaccard_weighted
nbc80	0.98808618504436	0.9907710964092535	0.98808618504436	0.9900823551010981	0.9921787326957154	0.98808618504436	0.9930748377133919	0.9978580071735966	0.98808618504436	0.988383696176942	0.98808618504436	0.9764529058116233	0.9874932848986983	0.9867994068945627
