metric	value
accuracy	0.9885931558935361
balanced_accuracy	0.9912579298161736
f1_micro	0.9885931558935361
f1_macro	0.9903622020756757
f1_weighted	0.9923701388406415
precision_micro	0.9885931558935361
precision_macro	0.9930439449114148
precision_weighted	0.9975785232439226
jaccard_micro	0.9774436090225563
jaccard_macro	0.9879570677101069
jaccard_weighted	0.9871084542758534
