metric	value
accuracy	0.9992395437262357
balanced_accuracy	0.9995815502007452
f1_micro	0.9992395437262357
f1_macro	0.9881039711216449
f1_weighted	0.9993646646997104
precision_micro	0.9992395437262357
precision_macro	0.988252869307442
precision_weighted	0.999494145826703
jaccard_micro	0.9984802431610942
jaccard_macro	0.9878400758948763
jaccard_weighted	0.9987366370578759
