method	accuracy	balanced_accuracy	f1_micro	f1_macro	f1_weighted	precision_micro	precision_macro	precision_weighted	recall_micro	recall_macro	recall_weighted	jaccard_micro	jaccard_macro	jaccard_weighted
nbc80	0.9992395437262357	0.9995815502007452	0.9992395437262357	0.9881039711216449	0.9993646646997104	0.9992395437262357	0.988252869307442	0.999494145826703	0.9992395437262357	0.9879585089193412	0.9992395437262357	0.9984802431610942	0.9878400758948763	0.9987366370578759
