method	accuracy	balanced_accuracy	f1_micro	f1_macro	f1_weighted	precision_micro	precision_macro	precision_weighted	recall_micro	recall_macro	recall_weighted	jaccard_micro	jaccard_macro	jaccard_weighted
nbc80	0.6405576679340937	0.6952902675014229	0.6405576679340937	0.6242963889450797	0.6315246266196837	0.6405576679340937	0.6212321743304373	0.6295889000451739	0.6405576679340937	0.6334586466165414	0.6405576679340937	0.4711914972962894	0.6195685324671585	0.6259556089594113
