metric	value
accuracy	0.6397972116603295
balanced_accuracy	0.6942942515651679
f1_micro	0.6397972116603295
f1_macro	0.6229336025992325
f1_weighted	0.6303332451241197
precision_micro	0.6397972116603295
precision_macro	0.6197189812664151
precision_weighted	0.6280975607971805
recall_micro	0.6397972116603295
recall_macro	0.6323872472783826
recall_weighted	0.6397972116603295
jaccard_micro	0.4703689899366381
jaccard_macro	0.6181853714513124
jaccard_weighted	0.6247177551360061
