method	accuracy	balanced_accuracy	f1_micro	f1_macro	f1_weighted	precision_micro	precision_macro	precision_weighted	recall_micro	recall_macro	recall_weighted	jaccard_micro	jaccard_macro	jaccard_weighted
nbc80	0.6397972116603295	0.6942942515651679	0.6397972116603295	0.6229336025992325	0.6303332451241197	0.6397972116603295	0.6197189812664151	0.6280975607971805	0.6397972116603295	0.6323872472783826	0.6397972116603295	0.4703689899366381	0.6181853714513124	0.6247177551360061
