method	accuracy	balanced_accuracy	f1_micro	f1_macro	f1_weighted	precision_micro	precision_macro	precision_weighted	recall_micro	recall_macro	recall_weighted	jaccard_micro	jaccard_macro	jaccard_weighted
blca	0.9518377693282636	0.9128689257710607	0.9518377693282636	0.8976494431734806	0.9736066077818427	0.9518377693282636	0.9230769230769231	0.9994930291508238	0.9518377693282636	0.8777585824721738	0.9518377693282636	0.9081015719467956	0.8777585824721738	0.9518377693282636
