metric	value
accuracy	0.9518377693282636
balanced_accuracy	0.9128689257710607
f1_micro	0.9518377693282636
f1_macro	0.8976494431734806
f1_weighted	0.9736066077818427
precision_micro	0.9518377693282636
precision_macro	0.9230769230769231
precision_weighted	0.9994930291508238
jaccard_micro	0.9081015719467956
jaccard_macro	0.8777585824721738
jaccard_weighted	0.9518377693282636
