method	accuracy	balanced_accuracy	f1_micro	f1_macro	f1_weighted	precision_micro	precision_macro	precision_weighted	recall_micro	recall_macro	recall_weighted	jaccard_micro	jaccard_macro	jaccard_weighted
blca	0.9510773130544994	0.9547324599331316	0.9510773130544994	0.9659798960172985	0.9706844812697021	0.9510773130544994	0.9917072342352541	0.9991006476031737	0.9510773130544994	0.9507872844788624	0.9510773130544994	0.9067182213629773	0.9507756051378287	0.9509153950520093
