metric	value
accuracy	0.9510773130544994
balanced_accuracy	0.9547324599331316
f1_micro	0.9510773130544994
f1_macro	0.9659798960172985
f1_weighted	0.9706844812697021
precision_micro	0.9510773130544994
precision_macro	0.9917072342352541
precision_weighted	0.9991006476031737
jaccard_micro	0.9067182213629773
jaccard_macro	0.9507756051378287
jaccard_weighted	0.9509153950520093
