method	accuracy	balanced_accuracy	f1_micro	f1_macro	f1_weighted	precision_micro	precision_macro	precision_weighted	recall_micro	recall_macro	recall_weighted	jaccard_micro	jaccard_macro	jaccard_weighted
blca	0.9513307984790874	0.9547659226556587	0.9513307984790873	0.9659967617127732	0.9708127717107168	0.9513307984790874	0.9917072342352541	0.9991006476031737	0.9513307984790874	0.9508206089256768	0.9513307984790874	0.9071791153009428	0.9508089295846428	0.9511688804765973
