method	accuracy	balanced_accuracy	f1_micro	f1_macro	f1_weighted	precision_micro	precision_macro	precision_weighted	recall_micro	recall_macro	recall_weighted	jaccard_micro	jaccard_macro	jaccard_weighted
blca	0.9427122940430925	0.9536451571057268	0.9427122940430925	0.9590626393606767	0.9594135019098793	0.9427122940430925	0.9751322358283006	0.9905072492973136	0.9427122940430925	0.9513472169681226	0.9427122940430925	0.8916327019899305	0.9494860641104207	0.9406295743347276
