metric	value
accuracy	0.9427122940430925
balanced_accuracy	0.9536451571057268
f1_micro	0.9427122940430925
f1_macro	0.9590626393606767
f1_weighted	0.9594135019098793
precision_micro	0.9427122940430925
precision_macro	0.9751322358283006
precision_weighted	0.9905072492973136
jaccard_micro	0.8916327019899305
jaccard_macro	0.9494860641104207
jaccard_weighted	0.9406295743347276
