method	accuracy	balanced_accuracy	f1_micro	f1_macro	f1_weighted	precision_micro	precision_macro	precision_weighted	recall_micro	recall_macro	recall_weighted	jaccard_micro	jaccard_macro	jaccard_weighted
blca	0.9432192648922687	0.9525741363390539	0.9432192648922687	0.9569395717036795	0.959883812669421	0.9432192648922687	0.9729875004576973	0.9907118482471597	0.9432192648922687	0.9491352405399959	0.9432192648922687	0.8925401775005997	0.9475084057276788	0.941594629558338
