metric	value
accuracy	0.9515842839036756
balanced_accuracy	0.9455462547034681
f1_micro	0.9515842839036756
f1_macro	0.9516117217076219
f1_weighted	0.9719855128635873
precision_micro	0.9515842839036756
precision_macro	0.9766645428480408
precision_weighted	0.9991006476031737
jaccard_micro	0.9076402321083172
jaccard_macro	0.9345186656891233
jaccard_weighted	0.9514223659011855
