method	accuracy	balanced_accuracy	f1_micro	f1_macro	f1_weighted	precision_micro	precision_macro	precision_weighted	recall_micro	recall_macro	recall_weighted	jaccard_micro	jaccard_macro	jaccard_weighted
blca	0.9515842839036756	0.9455462547034681	0.9515842839036756	0.9516117217076219	0.9719855128635873	0.9515842839036756	0.9766645428480408	0.9991006476031737	0.9515842839036756	0.9345515308115675	0.9515842839036756	0.9076402321083172	0.9345186656891233	0.9514223659011855
