method	accuracy	balanced_accuracy	f1_micro	f1_macro	f1_weighted	precision_micro	precision_macro	precision_weighted	recall_micro	recall_macro	recall_weighted	jaccard_micro	jaccard_macro	jaccard_weighted
blca	0.9520912547528517	0.895017348836112	0.9520912547528517	0.784613446044809	0.9750967121505106	0.9520912547528517	0.8333333333333334	1.0	0.9520912547528517	0.74584779069676	0.9520912547528517	0.9085631349782293	0.74584779069676	0.9520912547528517
