metric	value
accuracy	0.9520912547528517
balanced_accuracy	0.895017348836112
f1_micro	0.9520912547528517
f1_macro	0.784613446044809
f1_weighted	0.9750967121505106
precision_micro	0.9520912547528517
precision_macro	0.8333333333333334
precision_weighted	1.0
jaccard_micro	0.9085631349782293
jaccard_macro	0.74584779069676
jaccard_weighted	0.9520912547528517
