method	accuracy	balanced_accuracy	f1_micro	f1_macro	f1_weighted	precision_micro	precision_macro	precision_weighted	recall_micro	recall_macro	recall_weighted	jaccard_micro	jaccard_macro	jaccard_weighted
blca	0.6306717363751584	0.6798045911591729	0.6306717363751584	0.6020927949572451	0.623157941903189	0.6306717363751584	0.6001156984532943	0.6243376184440823	0.6306717363751584	0.6109548167092924	0.6306717363751584	0.4605701592002962	0.59579436122275	0.6147033616995594
