metric	value
accuracy	0.6301647655259822
balanced_accuracy	0.6791880098653008
f1_micro	0.6301647655259822
f1_macro	0.6022556915825408
f1_weighted	0.6230126907313219
precision_micro	0.6301647655259822
precision_macro	0.6005484661230757
precision_weighted	0.6246623212022451
jaccard_micro	0.4600296076980015
jaccard_macro	0.5958572525503674
jaccard_weighted	0.6143231335626773
