method	accuracy	balanced_accuracy	f1_micro	f1_macro	f1_weighted	precision_micro	precision_macro	precision_weighted	recall_micro	recall_macro	recall_weighted	jaccard_micro	jaccard_macro	jaccard_weighted
blca	0.6301647655259822	0.6791880098653008	0.6301647655259822	0.6022556915825408	0.6230126907313219	0.6301647655259822	0.6005484661230757	0.6246623212022451	0.6301647655259822	0.6108693797457556	0.6301647655259822	0.4600296076980015	0.5958572525503674	0.6143231335626773
