metric	value
accuracy	0.9999377141077546
balanced_accuracy	0.9999081726354454
f1_micro	0.9999377141077546
f1_macro	0.9999482431315863
f1_weighted	0.9999360005839911
precision_micro	0.9999377141077546
precision_macro	0.9999937390433258
precision_weighted	0.9999381859705746
recall_micro	0.9999377141077546
recall_macro	0.9999081726354454
recall_weighted	0.9999377141077546
jaccard_micro	0.9998754359740907
jaccard_macro	0.9999019116787712
jaccard_weighted	0.9998759000783293
