method	accuracy	balanced_accuracy	f1_micro	f1_macro	f1_weighted	precision_micro	precision_macro	precision_weighted	recall_micro	recall_macro	recall_weighted	jaccard_micro	jaccard_macro	jaccard_weighted
top	0.9999377141077546	0.9999081726354454	0.9999377141077546	0.9999482431315863	0.9999360005839911	0.9999377141077546	0.9999937390433258	0.9999381859705746	0.9999377141077546	0.9999081726354454	0.9999377141077546	0.9998754359740907	0.9999019116787712	0.9998759000783293
