method	accuracy	balanced_accuracy	f1_micro	f1_macro	f1_weighted	precision_micro	precision_macro	precision_weighted	recall_micro	recall_macro	recall_weighted	jaccard_micro	jaccard_macro	jaccard_weighted
top	0.9955777016505761	0.9950309470614372	0.9955777016505761	0.9943174404964003	0.995083803865706	0.9955777016505761	0.995017812753389	0.9960151820911709	0.9955777016505761	0.9950309470614372	0.9955777016505761	0.9911943445367729	0.9923705717042556	0.9928178396225733
