metric	value
accuracy	0.9955777016505761
balanced_accuracy	0.9950309470614372
f1_micro	0.9955777016505761
f1_macro	0.9943174404964003
f1_weighted	0.995083803865706
precision_micro	0.9955777016505761
precision_macro	0.995017812753389
precision_weighted	0.9960151820911709
recall_micro	0.9955777016505761
recall_macro	0.9950309470614372
recall_weighted	0.9955777016505761
jaccard_micro	0.9911943445367729
jaccard_macro	0.9923705717042556
jaccard_weighted	0.9928178396225733
