method	accuracy	balanced_accuracy	f1_micro	f1_macro	f1_weighted	precision_micro	precision_macro	precision_weighted	recall_micro	recall_macro	recall_weighted	jaccard_micro	jaccard_macro	jaccard_weighted
nbc80	0.9948320413436692	0.98435939454448	0.9948320413436692	0.9389341413089772	0.9970365483712759	0.9948320413436692	0.9472059779077323	0.9994800140364309	0.9948320413436692	0.9325510053579285	0.9948320413436692	0.9897172236503856	0.9323915336782226	0.9943215671400011
