metric	value
accuracy	0.9948320413436692
balanced_accuracy	0.98435939454448
f1_micro	0.9948320413436692
f1_macro	0.9389341413089772
f1_weighted	0.9970365483712759
precision_micro	0.9948320413436692
precision_macro	0.9472059779077323
precision_weighted	0.9994800140364309
jaccard_micro	0.9897172236503856
jaccard_macro	0.9323915336782226
jaccard_weighted	0.9943215671400011
