method	accuracy	balanced_accuracy	f1_micro	f1_macro	f1_weighted	precision_micro	precision_macro	precision_weighted	recall_micro	recall_macro	recall_weighted	jaccard_micro	jaccard_macro	jaccard_weighted
nbc80	0.9152454780361757	0.8599817417071435	0.9152454780361757	0.8349539699162314	0.9283348704796174	0.9152454780361757	0.864742850624091	0.9606091123592869	0.9152454780361757	0.8332742342007105	0.9152454780361757	0.8437351119580753	0.8085004610117718	0.8996736644071825
