method	accuracy	balanced_accuracy	f1_micro	f1_macro	f1_weighted	precision_micro	precision_macro	precision_weighted	recall_micro	recall_macro	recall_weighted	jaccard_micro	jaccard_macro	jaccard_weighted
nbc80	0.9162790697674419	0.863915384173164	0.916279069767442	0.8379357731941307	0.9289783849489298	0.9162790697674419	0.8647057266974798	0.9600314947580055	0.9162790697674419	0.8370857138572272	0.9162790697674419	0.8454935622317596	0.8118851961167797	0.900357891542238
