metric	value
accuracy	0.9152454780361757
balanced_accuracy	0.8599817417071435
f1_micro	0.9152454780361757
f1_macro	0.8349539699162314
f1_weighted	0.9283348704796174
precision_micro	0.9152454780361757
precision_macro	0.864742850624091
precision_weighted	0.9606091123592869
recall_micro	0.9152454780361757
recall_macro	0.8332742342007105
recall_weighted	0.9152454780361757
jaccard_micro	0.8437351119580753
jaccard_macro	0.8085004610117718
jaccard_weighted	0.8996736644071825
