method	accuracy	balanced_accuracy	f1_micro	f1_macro	f1_weighted	precision_micro	precision_macro	precision_weighted	recall_micro	recall_macro	recall_weighted	jaccard_micro	jaccard_macro	jaccard_weighted
nbc80	0.5276485788113695	0.4657148283418057	0.5276485788113695	0.42006096383410013	0.5355976843644495	0.5276485788113695	0.444946759504239	0.5980135899992317	0.5276485788113695	0.4295728793574084	0.5276485788113695	0.35837135837135836	0.395648338879068	0.4940803279323571
