method	accuracy	balanced_accuracy	f1_micro	f1_macro	f1_weighted	precision_micro	precision_macro	precision_weighted	recall_micro	recall_macro	recall_weighted	jaccard_micro	jaccard_macro	jaccard_weighted
nbc80	0.5266149870801033	0.4640154496514996	0.5266149870801033	0.4172808526527067	0.5356306054365181	0.5266149870801033	0.4433827531926022	0.6025271676013456	0.5266149870801033	0.42705846693589344	0.5266149870801033	0.3574184496667836	0.392219157218553	0.4930853421339383
