metric	value
accuracy	0.5276485788113695
balanced_accuracy	0.4657148283418057
f1_micro	0.5276485788113695
f1_macro	0.42006096383410013
f1_weighted	0.5355976843644495
precision_micro	0.5276485788113695
precision_macro	0.444946759504239
precision_weighted	0.5980135899992317
jaccard_micro	0.35837135837135836
jaccard_macro	0.395648338879068
jaccard_weighted	0.4940803279323571
