method	accuracy	balanced_accuracy	f1_micro	f1_macro	f1_weighted	precision_micro	precision_macro	precision_weighted	recall_micro	recall_macro	recall_weighted	jaccard_micro	jaccard_macro	jaccard_weighted
nbc80	0.9772609819121447	0.9317976305668393	0.9772609819121447	0.9102317889708179	0.9819248149237363	0.9772609819121447	0.9234944994711656	0.9880439535585958	0.9772609819121447	0.9017396424840379	0.9772609819121447	0.9555330975240021	0.8942884909282883	0.9707602200426972
