method	accuracy	balanced_accuracy	f1_micro	f1_macro	f1_weighted	precision_micro	precision_macro	precision_weighted	recall_micro	recall_macro	recall_weighted	jaccard_micro	jaccard_macro	jaccard_weighted
nbc80	0.9777777777777777	0.9331865194557282	0.9777777777777777	0.9110696607764316	0.9822469733854298	0.9777777777777777	0.9234944994711656	0.9880439535585958	0.9777777777777777	0.9030837285055433	0.9777777777777777	0.9565217391304348	0.8956325769497937	0.9712770159083303
