metric	value
accuracy	0.9772609819121447
balanced_accuracy	0.9317976305668393
f1_micro	0.9772609819121447
f1_macro	0.9102317889708179
f1_weighted	0.9819248149237363
precision_micro	0.9772609819121447
precision_macro	0.9234944994711656
precision_weighted	0.9880439535585958
recall_micro	0.9772609819121447
recall_macro	0.9017396424840379
recall_weighted	0.9772609819121447
jaccard_micro	0.9555330975240021
jaccard_macro	0.8942884909282883
jaccard_weighted	0.9707602200426972
