method	accuracy	balanced_accuracy	f1_micro	f1_macro	f1_weighted	precision_micro	precision_macro	precision_weighted	recall_micro	recall_macro	recall_weighted	jaccard_micro	jaccard_macro	jaccard_weighted
btop	0.9984748347737672	0.9904060687193217	0.9984748347737672	0.9912246135276336	0.9984600120456795	0.9984748347737672	0.9932946755938148	0.9985960055404854	0.9984748347737672	0.9904060687193217	0.9984748347737672	0.9969543147208122	0.9837007443131365	0.9970708403142525
