metric	value
accuracy	0.9984748347737672
balanced_accuracy	0.9904060687193217
f1_micro	0.9984748347737672
f1_macro	0.9912246135276336
f1_weighted	0.9984600120456795
precision_micro	0.9984748347737672
precision_macro	0.9932946755938148
precision_weighted	0.9985960055404854
jaccard_micro	0.9969543147208122
jaccard_macro	0.9837007443131365
jaccard_weighted	0.9970708403142525
