method	accuracy	balanced_accuracy	f1_micro	f1_macro	f1_weighted	precision_micro	precision_macro	precision_weighted	recall_micro	recall_macro	recall_weighted	jaccard_micro	jaccard_macro	jaccard_weighted
btop	0.9374682257244534	0.8894687541820019	0.9374682257244534	0.8429927273229155	0.9386854164096056	0.9374682257244534	0.85580342177	0.9537858043733395	0.9374682257244534	0.8565254669900758	0.9374682257244534	0.8822966507177034	0.813930874432855	0.9088739277277308
