metric	value
accuracy	0.9374682257244534
balanced_accuracy	0.8894687541820019
f1_micro	0.9374682257244534
f1_macro	0.8429927273229155
f1_weighted	0.9386854164096056
precision_micro	0.9374682257244534
precision_macro	0.85580342177
precision_weighted	0.9537858043733395
jaccard_micro	0.8822966507177034
jaccard_macro	0.813930874432855
jaccard_weighted	0.9088739277277308
