metric	value
accuracy	0.6365022877478393
balanced_accuracy	0.5726151452204309
f1_micro	0.6365022877478393
f1_macro	0.4326162505901063
f1_weighted	0.6308392554711799
precision_micro	0.6365022877478393
precision_macro	0.44226744393741
precision_weighted	0.6819948056535574
recall_micro	0.6365022877478393
recall_macro	0.45809211617634465
recall_weighted	0.6365022877478393
jaccard_micro	0.4668158090976883
jaccard_macro	0.40440064133693276
jaccard_weighted	0.5769186512053998
