method	accuracy	balanced_accuracy	f1_micro	f1_macro	f1_weighted	precision_micro	precision_macro	precision_weighted	recall_micro	recall_macro	recall_weighted	jaccard_micro	jaccard_macro	jaccard_weighted
btop	0.6365022877478393	0.5726151452204309	0.6365022877478393	0.4326162505901063	0.6308392554711799	0.6365022877478393	0.44226744393741	0.6819948056535574	0.6365022877478393	0.45809211617634465	0.6365022877478393	0.4668158090976883	0.40440064133693276	0.5769186512053998
