method	accuracy	balanced_accuracy	f1_micro	f1_macro	f1_weighted	precision_micro	precision_macro	precision_weighted	recall_micro	recall_macro	recall_weighted	jaccard_micro	jaccard_macro	jaccard_weighted
btop	0.9806812404677173	0.9384045246545247	0.9806812404677173	0.9257491522451254	0.9809690113814791	0.9806812404677173	0.9331185980742355	0.9828240069151771	0.9806812404677173	0.9230208439224834	0.9806812404677173	0.9620947630922694	0.9099487854421612	0.9689130157402519
