metric	value
accuracy	0.9806812404677173
balanced_accuracy	0.9384045246545247
f1_micro	0.9806812404677173
f1_macro	0.9257491522451254
f1_weighted	0.9809690113814791
precision_micro	0.9806812404677173
precision_macro	0.9331185980742355
precision_weighted	0.9828240069151771
recall_micro	0.9806812404677173
recall_macro	0.9230208439224834
recall_weighted	0.9806812404677173
jaccard_micro	0.9620947630922694
jaccard_macro	0.9099487854421612
jaccard_weighted	0.9689130157402519
