metric	value
precision	0.9691615330701981
recall	0.9514032228861126
f1	0.960200277757474
