metric	value
precision	0.8815837268434435
recall	0.8222473178994918
f1	0.8508823185695923
