metric	value
precision	0.8931460195828012
recall	0.8442655935613682
f1	0.8680182043856018
