method	precision	recall	f1
q2sk	0.8768217373404693	0.7861941675895164	0.8290385363954846
