method	precision	recall	f1
q2sk	0.8815837268434435	0.8222473178994918	0.8508823185695923
