metric	value
precision	0.9987563635712944
recall	0.9932820216221026
f1	0.9960116705479269
