metric	value
precision	0.8768217373404693
recall	0.7861941675895164
f1	0.8290385363954846
