method	precision	recall	f1
q2sk	0.8931460195828012	0.8442655935613682	0.8680182043856018
