method	precision	recall	f1
q2sk	0.9691615330701981	0.9514032228861126	0.960200277757474
