method	precision	recall	f1
q2sk	0.9987563635712944	0.9932820216221026	0.9960116705479269
