method	accuracy	balanced_accuracy	f1_micro	f1_macro	f1_weighted	precision_micro	precision_macro	precision_weighted	recall_micro	recall_macro	recall_weighted	jaccard_micro	jaccard_macro	jaccard_weighted
sintax80	0.9944664031620554	0.9875501047876779	0.9944664031620554	0.9299583165332075	0.995637605949301	0.9944664031620554	0.9298081714000995	0.9970674772682961	0.9944664031620554	0.9326862100772514	0.9944664031620554	0.9889937106918238	0.9180499370329065	0.9915338804303514
