metric	value
accuracy	0.9944664031620554
balanced_accuracy	0.9875501047876779
f1_micro	0.9944664031620554
f1_macro	0.9299583165332075
f1_weighted	0.995637605949301
precision_micro	0.9944664031620554
precision_macro	0.9298081714000995
precision_weighted	0.9970674772682961
recall_micro	0.9944664031620554
recall_macro	0.9326862100772514
recall_weighted	0.9944664031620554
jaccard_micro	0.9889937106918238
jaccard_macro	0.9180499370329065
jaccard_weighted	0.9915338804303514
