method	accuracy	balanced_accuracy	f1_micro	f1_macro	f1_weighted	precision_micro	precision_macro	precision_weighted	recall_micro	recall_macro	recall_weighted	jaccard_micro	jaccard_macro	jaccard_weighted
sintax80	0.9604743083003953	0.9322463696878461	0.9604743083003953	0.9243992616038795	0.9702385612196689	0.9604743083003953	0.9396879211104631	0.9866202525996342	0.9604743083003953	0.9197329955980764	0.9604743083003953	0.9239543726235742	0.906916237412191	0.9538881987577639
