metric	value
accuracy	0.9596837944664032
balanced_accuracy	0.9395328398314593
f1_micro	0.9596837944664032
f1_macro	0.9327772174461576
f1_weighted	0.9702237014502494
precision_micro	0.9596837944664032
precision_macro	0.952511506920626
precision_weighted	0.9886388861400066
jaccard_micro	0.9224924012158054
jaccard_macro	0.9135056696056498
jaccard_weighted	0.9527447769621683
