method	accuracy	balanced_accuracy	f1_micro	f1_macro	f1_weighted	precision_micro	precision_macro	precision_weighted	recall_micro	recall_macro	recall_weighted	jaccard_micro	jaccard_macro	jaccard_weighted
sintax80	0.9596837944664032	0.9395328398314593	0.9596837944664032	0.9327772174461576	0.9702237014502494	0.9596837944664032	0.952511506920626	0.9886388861400066	0.9596837944664032	0.9269216607733188	0.9596837944664032	0.9224924012158054	0.9135056696056498	0.9527447769621683
