metric	value
accuracy	0.7114624505928854
balanced_accuracy	0.6498066179677572
f1_micro	0.7114624505928854
f1_macro	0.6280334652212158
f1_weighted	0.7396052158529562
precision_micro	0.7114624505928854
precision_macro	0.6617569653211642
precision_weighted	0.803718836464832
recall_micro	0.7114624505928854
recall_macro	0.6194585066890432
recall_weighted	0.7114624505928854
jaccard_micro	0.5521472392638037
jaccard_macro	0.6021279441671227
jaccard_weighted	0.6936882795295448
