method	accuracy	balanced_accuracy	f1_micro	f1_macro	f1_weighted	precision_micro	precision_macro	precision_weighted	recall_micro	recall_macro	recall_weighted	jaccard_micro	jaccard_macro	jaccard_weighted
sintax80	0.7114624505928854	0.6498066179677572	0.7114624505928854	0.6280334652212158	0.7396052158529562	0.7114624505928854	0.6617569653211642	0.803718836464832	0.7114624505928854	0.6194585066890432	0.7114624505928854	0.5521472392638037	0.6021279441671227	0.6936882795295448
