method	accuracy	balanced_accuracy	f1_micro	f1_macro	f1_weighted	precision_micro	precision_macro	precision_weighted	recall_micro	recall_macro	recall_weighted	jaccard_micro	jaccard_macro	jaccard_weighted
sintax80	0.7090909090909091	0.6476899529573229	0.7090909090909091	0.6209840783318444	0.7362255177138999	0.7090909090909091	0.6496688600441837	0.7961149910348995	0.7090909090909091	0.6140667040333089	0.7090909090909091	0.5492957746478874	0.5972988568205024	0.6922159263553557
