metric	value
accuracy	0.9841897233201581
balanced_accuracy	0.9646701667720698
f1_micro	0.9841897233201581
f1_macro	0.9371756672454843
f1_weighted	0.9889925751047762
precision_micro	0.9841897233201581
precision_macro	0.9533809705631012
precision_weighted	0.9956903995451732
jaccard_micro	0.9688715953307393
jaccard_macro	0.9193709887260859
jaccard_weighted	0.9799280426729999
