method	accuracy	balanced_accuracy	f1_micro	f1_macro	f1_weighted	precision_micro	precision_macro	precision_weighted	recall_micro	recall_macro	recall_weighted	jaccard_micro	jaccard_macro	jaccard_weighted
sintax80	0.9841897233201581	0.9646701667720698	0.9841897233201581	0.9371756672454843	0.9889925751047762	0.9841897233201581	0.9533809705631012	0.9956903995451732	0.9841897233201581	0.928941642076808	0.9841897233201581	0.9688715953307393	0.9193709887260859	0.9799280426729999
