method	precision	recall	f1
hitac_standalone	0.9999555100769676	0.9999555100769676	0.9999555100769676
