method	precision	recall	f1
hitac_standalone	0.8295878035008469	0.8295878035008469	0.8295878035008469
