method	precision	recall	f1
hitac_standalone	0.8038390550018457	0.8038390550018457	0.8038390550018457
