method	precision	recall	f1
hitac_standalone	0.9606011225783089	0.9606011225783089	0.9606011225783089
