metric	value
precision	0.9999555100769676
recall	0.9999555100769676
f1	0.9999555100769676
