method	precision	recall	f1
hitac_standalone	0.8477867203219316	0.8477867203219316	0.8477867203219316
