method	accuracy	balanced_accuracy	f1_micro	f1_macro	f1_weighted	precision_micro	precision_macro	precision_weighted	recall_micro	recall_macro	recall_weighted	jaccard_micro	jaccard_macro	jaccard_weighted
blca	0.9443661971830986	0.8154144953837807	0.9443661971830986	0.8042549089603238	0.9672734581803333	0.9443661971830986	0.8492063492063492	0.997887323943662	0.9443661971830986	0.7746437706145917	0.9443661971830986	0.8945963975983989	0.7738749214082424	0.9436839788732394
