metric	value
accuracy	0.9443661971830986
balanced_accuracy	0.8154144953837807
f1_micro	0.9443661971830986
f1_macro	0.8042549089603238
f1_weighted	0.9672734581803333
precision_micro	0.9443661971830986
precision_macro	0.8492063492063492
precision_weighted	0.997887323943662
recall_micro	0.9443661971830986
recall_macro	0.7746437706145917
recall_weighted	0.9443661971830986
jaccard_micro	0.8945963975983989
jaccard_macro	0.7738749214082424
jaccard_weighted	0.9436839788732394
