method	accuracy	balanced_accuracy	f1_micro	f1_macro	f1_weighted	precision_micro	precision_macro	precision_weighted	recall_micro	recall_macro	recall_weighted	jaccard_micro	jaccard_macro	jaccard_weighted
blca	0.9338028169014084	0.9080266075291237	0.9338028169014084	0.8954675086747064	0.9545193282248449	0.9338028169014084	0.911001261396831	0.9873733748645721	0.9338028169014084	0.8907855959937608	0.9338028169014084	0.8758256274768824	0.8798709453811188	0.930157616546548
