metric	value
accuracy	0.9345070422535211
balanced_accuracy	0.9083198626610884
f1_micro	0.9345070422535211
f1_macro	0.8956145486951641
f1_weighted	0.9548792656270358
precision_micro	0.9345070422535211
precision_macro	0.9110137695271158
precision_weighted	0.9874039933581422
jaccard_micro	0.8770654329147389
jaccard_macro	0.8801461242473818
jaccard_weighted	0.9308312234050906
