method	accuracy	balanced_accuracy	f1_micro	f1_macro	f1_weighted	precision_micro	precision_macro	precision_weighted	recall_micro	recall_macro	recall_weighted	jaccard_micro	jaccard_macro	jaccard_weighted
blca	0.9345070422535211	0.9083198626610884	0.9345070422535211	0.8956145486951641	0.9548792656270358	0.9345070422535211	0.9110137695271158	0.9874039933581422	0.9345070422535211	0.8910732829903086	0.9345070422535211	0.8770654329147389	0.8801461242473818	0.9308312234050906
