method	accuracy	balanced_accuracy	f1_micro	f1_macro	f1_weighted	precision_micro	precision_macro	precision_weighted	recall_micro	recall_macro	recall_weighted	jaccard_micro	jaccard_macro	jaccard_weighted
blca	0.8295774647887324	0.7928215766996931	0.8295774647887324	0.7560596216930292	0.8427221044190624	0.8295774647887324	0.7867571564561094	0.8881389092128529	0.8295774647887324	0.7492371444727466	0.8295774647887324	0.7087845968712395	0.7347348104120578	0.8050466436272964
