method	accuracy	balanced_accuracy	f1_micro	f1_macro	f1_weighted	precision_micro	precision_macro	precision_weighted	recall_micro	recall_macro	recall_weighted	jaccard_micro	jaccard_macro	jaccard_weighted
blca	0.828169014084507	0.7918910206444832	0.828169014084507	0.7554987783679018	0.841495472889795	0.828169014084507	0.7864615876912654	0.8858546775068273	0.828169014084507	0.7483577446404672	0.828169014084507	0.7067307692307693	0.7336740743967288	0.8029496969095355
