metric	value
accuracy	0.828169014084507
balanced_accuracy	0.7918910206444832
f1_micro	0.828169014084507
f1_macro	0.7554987783679018
f1_weighted	0.841495472889795
precision_micro	0.828169014084507
precision_macro	0.7864615876912654
precision_weighted	0.8858546775068273
recall_micro	0.828169014084507
recall_macro	0.7483577446404672
recall_weighted	0.828169014084507
jaccard_micro	0.7067307692307693
jaccard_macro	0.7336740743967288
jaccard_weighted	0.8029496969095355
