method	accuracy	balanced_accuracy	f1_micro	f1_macro	f1_weighted	precision_micro	precision_macro	precision_weighted	recall_micro	recall_macro	recall_weighted	jaccard_micro	jaccard_macro	jaccard_weighted
blca	0.9387323943661972	0.9037139374202561	0.9387323943661972	0.8958853529542187	0.9613606918657612	0.9387323943661972	0.9202292088394062	0.9947553268327918	0.9387323943661972	0.8895934071480647	0.9387323943661972	0.8845388188453882	0.8723231261415781	0.9356060764920373
