metric	value
accuracy	0.9387323943661972
balanced_accuracy	0.9037139374202561
f1_micro	0.9387323943661972
f1_macro	0.8958853529542187
f1_weighted	0.9613606918657612
precision_micro	0.9387323943661972
precision_macro	0.9202292088394062
precision_weighted	0.9947553268327918
recall_micro	0.9387323943661972
recall_macro	0.8895934071480647
recall_weighted	0.9387323943661972
jaccard_micro	0.8845388188453882
jaccard_macro	0.8723231261415781
jaccard_weighted	0.9356060764920373
