method	accuracy	balanced_accuracy	f1_micro	f1_macro	f1_weighted	precision_micro	precision_macro	precision_weighted	recall_micro	recall_macro	recall_weighted	jaccard_micro	jaccard_macro	jaccard_weighted
blca	0.9450704225352112	0.5330992283645272	0.9450704225352112	0.5000881373198692	0.9706525078394442	0.9450704225352112	0.5714285714285714	0.9985915492957746	0.9450704225352112	0.45694219574102324	0.9450704225352112	0.8958611481975968	0.45694219574102324	0.9450704225352112
