metric	value
accuracy	0.9450704225352112
balanced_accuracy	0.5330992283645272
f1_micro	0.9450704225352112
f1_macro	0.5000881373198692
f1_weighted	0.9706525078394442
precision_micro	0.9450704225352112
precision_macro	0.5714285714285714
precision_weighted	0.9985915492957746
recall_micro	0.9450704225352112
recall_macro	0.45694219574102324
recall_weighted	0.9450704225352112
jaccard_micro	0.8958611481975968
jaccard_macro	0.45694219574102324
jaccard_weighted	0.9450704225352112
