metric	value
accuracy	0.027464788732394368
balanced_accuracy	0.037037037037037035
f1_micro	0.027464788732394368
f1_macro	0.023402472239681543
f1_weighted	0.026220657276995307
precision_micro	0.027464788732394368
precision_macro	0.022993924156714852
precision_weighted	0.02576291079812206
recall_micro	0.027464788732394368
recall_macro	0.02451288497800126
recall_weighted	0.027464788732394368
jaccard_micro	0.013923598714744734
jaccard_macro	0.022993924156714852
jaccard_weighted	0.02576291079812206
