method	accuracy	balanced_accuracy	f1_micro	f1_macro	f1_weighted	precision_micro	precision_macro	precision_weighted	recall_micro	recall_macro	recall_weighted	jaccard_micro	jaccard_macro	jaccard_weighted
blca	0.027464788732394368	0.037037037037037035	0.027464788732394368	0.023402472239681543	0.026220657276995307	0.027464788732394368	0.022993924156714852	0.02576291079812206	0.027464788732394368	0.02451288497800126	0.027464788732394368	0.013923598714744734	0.022993924156714852	0.02576291079812206
