method	accuracy	balanced_accuracy	f1_micro	f1_macro	f1_weighted	precision_micro	precision_macro	precision_weighted	recall_micro	recall_macro	recall_weighted	jaccard_micro	jaccard_macro	jaccard_weighted
blca	0.026056338028169014	0.03513770180436847	0.026056338028169014	0.022726318000420076	0.025399061032863848	0.026056338028169014	0.02252678008821676	0.02517605633802817	0.026056338028169014	0.023314429741650915	0.026056338028169014	0.013200142704245452	0.02252678008821676	0.02517605633802817
