metric	value
accuracy	0.9944664031620554
balanced_accuracy	0.9875501047876779
f1_micro	0.9944664031620554
f1_macro	0.9297606099298071
f1_weighted	0.9952437556405506
precision_micro	0.9944664031620554
precision_macro	0.9294141603677907
precision_weighted	0.9962825699153962
jaccard_micro	0.9889937106918238
jaccard_macro	0.9176559260005975
jaccard_weighted	0.9907489730774516
