method	accuracy	balanced_accuracy	f1_micro	f1_macro	f1_weighted	precision_micro	precision_macro	precision_weighted	recall_micro	recall_macro	recall_weighted	jaccard_micro	jaccard_macro	jaccard_weighted
nbc50	0.9944664031620554	0.9875501047876779	0.9944664031620554	0.9295262498957331	0.9948502531011252	0.9944664031620554	0.9289352331647256	0.995478426532542	0.9944664031620554	0.9326862100772514	0.9944664031620554	0.9889937106918238	0.9172009417470091	0.989985031137039
