method	accuracy	balanced_accuracy	f1_micro	f1_macro	f1_weighted	precision_micro	precision_macro	precision_weighted	recall_micro	recall_macro	recall_weighted	jaccard_micro	jaccard_macro	jaccard_weighted
nbc50	0.9944664031620554	0.9875501047876779	0.9944664031620554	0.9297606099298071	0.9952437556405506	0.9944664031620554	0.9294141603677907	0.9962825699153962	0.9944664031620554	0.9326862100772514	0.9944664031620554	0.9889937106918238	0.9176559260005975	0.9907489730774516
