method	accuracy	balanced_accuracy	f1_micro	f1_macro	f1_weighted	precision_micro	precision_macro	precision_weighted	recall_micro	recall_macro	recall_weighted	jaccard_micro	jaccard_macro	jaccard_weighted
nbc50	0.9731225296442688	0.9536481367438749	0.9731225296442688	0.9188769391272478	0.9749534692309033	0.9731225296442688	0.9262657539258011	0.9825883767714194	0.9731225296442688	0.9222781322457212	0.9731225296442688	0.947652040030793	0.9017519223445114	0.9602869449391188
