metric	value
accuracy	0.9754940711462451
balanced_accuracy	0.9576541836070648
f1_micro	0.9754940711462451
f1_macro	0.9278130096125534
f1_weighted	0.9766310914036369
precision_micro	0.9754940711462451
precision_macro	0.9335385723263788
precision_weighted	0.9833220290840192
recall_micro	0.9754940711462451
recall_macro	0.9322858608625068
recall_weighted	0.9754940711462451
jaccard_micro	0.9521604938271605
jaccard_macro	0.9126906767971241
jaccard_weighted	0.9632381965860226
