method	accuracy	balanced_accuracy	f1_micro	f1_macro	f1_weighted	precision_micro	precision_macro	precision_weighted	recall_micro	recall_macro	recall_weighted	jaccard_micro	jaccard_macro	jaccard_weighted
nbc50	0.9754940711462451	0.9576541836070648	0.9754940711462451	0.9278130096125534	0.9766310914036369	0.9754940711462451	0.9335385723263788	0.9833220290840192	0.9754940711462451	0.9322858608625068	0.9754940711462451	0.9521604938271605	0.9126906767971241	0.9632381965860226
