metric	value
accuracy	0.8047430830039526
balanced_accuracy	0.751702359317543
f1_micro	0.8047430830039527
f1_macro	0.662625750821721
f1_weighted	0.8090421607923081
precision_micro	0.8047430830039526
precision_macro	0.6710792468093032
precision_weighted	0.8371004167262368
recall_micro	0.8047430830039526
recall_macro	0.6757531572103301
recall_weighted	0.8047430830039526
jaccard_micro	0.6732804232804233
jaccard_macro	0.6408180953819584
jaccard_weighted	0.769518482802148
