method	accuracy	balanced_accuracy	f1_micro	f1_macro	f1_weighted	precision_micro	precision_macro	precision_weighted	recall_micro	recall_macro	recall_weighted	jaccard_micro	jaccard_macro	jaccard_weighted
nbc50	0.8110671936758893	0.7633813533932009	0.8110671936758894	0.6684114710711209	0.8135785447393745	0.8110671936758893	0.6776298146520144	0.8415579796455961	0.8110671936758893	0.6827147670810327	0.8110671936758893	0.6821808510638298	0.6462356605368357	0.773307076210951
