method	accuracy	balanced_accuracy	f1_micro	f1_macro	f1_weighted	precision_micro	precision_macro	precision_weighted	recall_micro	recall_macro	recall_weighted	jaccard_micro	jaccard_macro	jaccard_weighted
nbc50	0.8047430830039526	0.751702359317543	0.8047430830039527	0.662625750821721	0.8090421607923081	0.8047430830039526	0.6710792468093032	0.8371004167262368	0.8047430830039526	0.6757531572103301	0.8047430830039526	0.6732804232804233	0.6408180953819584	0.769518482802148
