method	accuracy	balanced_accuracy	f1_micro	f1_macro	f1_weighted	precision_micro	precision_macro	precision_weighted	recall_micro	recall_macro	recall_weighted	jaccard_micro	jaccard_macro	jaccard_weighted
nbc50	0.9889328063241106	0.9692805779126534	0.9889328063241106	0.9385198914969218	0.9896057153378358	0.9889328063241106	0.9513915806426767	0.9919863075352341	0.9889328063241106	0.9333812972492218	0.9889328063241106	0.9781078967943706	0.9218212539780752	0.9809670336670135
