metric	value
accuracy	0.9889328063241106
balanced_accuracy	0.9692805779126534
f1_micro	0.9889328063241106
f1_macro	0.9385198914969218
f1_weighted	0.9896057153378358
precision_micro	0.9889328063241106
precision_macro	0.9513915806426767
precision_weighted	0.9919863075352341
recall_micro	0.9889328063241106
recall_macro	0.9333812972492218
recall_weighted	0.9889328063241106
jaccard_micro	0.9781078967943706
jaccard_macro	0.9218212539780752
jaccard_weighted	0.9809670336670135
