method	accuracy	balanced_accuracy	f1_micro	f1_macro	f1_weighted	precision_micro	precision_macro	precision_weighted	recall_micro	recall_macro	recall_weighted	jaccard_micro	jaccard_macro	jaccard_weighted
nbc50	0.9889328063241106	0.9692805779126534	0.9889328063241106	0.9368363898134203	0.9892463908678394	0.9889328063241106	0.9483051608895904	0.9913275460069074	0.9889328063241106	0.9333812972492218	0.9889328063241106	0.9781078967943706	0.9187348342249889	0.9803082721386869
