method	accuracy	balanced_accuracy	f1_micro	f1_macro	f1_weighted	precision_micro	precision_macro	precision_weighted	recall_micro	recall_macro	recall_weighted	jaccard_micro	jaccard_macro	jaccard_weighted
knn	0.9815010900031143	0.5788159981475574	0.9815010900031143	0.5792411836749667	0.9890931610544219	0.9815010900031143	0.6129032258064516	0.99769542198692	0.9815010900031143	0.5601445143363457	0.9815010900031143	0.963674168297456	0.5601445143363457	0.9815010900031143
