metric	value
accuracy	0.9815010900031143
balanced_accuracy	0.5788159981475574
f1_micro	0.9815010900031143
f1_macro	0.5792411836749667
f1_weighted	0.9890931610544219
precision_micro	0.9815010900031143
precision_macro	0.6129032258064516
precision_weighted	0.99769542198692
recall_micro	0.9815010900031143
recall_macro	0.5601445143363457
recall_weighted	0.9815010900031143
jaccard_micro	0.963674168297456
jaccard_macro	0.5601445143363457
jaccard_weighted	0.9815010900031143
