method	accuracy	balanced_accuracy	f1_micro	f1_macro	f1_weighted	precision_micro	precision_macro	precision_weighted	recall_micro	recall_macro	recall_weighted	jaccard_micro	jaccard_macro	jaccard_weighted
knn	0.8475241357832451	0.4597799456232362	0.8475241357832453	0.4949079811552083	0.8903610688118662	0.8475241357832451	0.5620689655172414	0.9574587355963874	0.8475241357832451	0.4581944975348803	0.8475241357832451	0.7353942603902069	0.4581944975348803	0.8475241357832451
