metric	value
accuracy	0.8475241357832451
balanced_accuracy	0.4597799456232362
f1_micro	0.8475241357832453
f1_macro	0.4949079811552083
f1_weighted	0.8903610688118662
precision_micro	0.8475241357832451
precision_macro	0.5620689655172414
precision_weighted	0.9574587355963874
jaccard_micro	0.7353942603902069
jaccard_macro	0.4581944975348803
jaccard_weighted	0.8475241357832451
