metric	value
accuracy	0.5761445032700093
balanced_accuracy	0.17433757194350394
f1_micro	0.5761445032700093
f1_macro	0.19125247786342192
f1_weighted	0.6289026969838182
precision_micro	0.5761445032700093
precision_macro	0.2320396366639141
precision_weighted	0.7390221114917471
recall_micro	0.5761445032700093
recall_macro	0.17419361028211372
recall_weighted	0.5761445032700093
jaccard_micro	0.40463692038495186
jaccard_macro	0.17419361028211372
jaccard_weighted	0.5761445032700093
