method	accuracy	balanced_accuracy	f1_micro	f1_macro	f1_weighted	precision_micro	precision_macro	precision_weighted	recall_micro	recall_macro	recall_weighted	jaccard_micro	jaccard_macro	jaccard_weighted
knn	0.5761445032700093	0.17433757194350394	0.5761445032700093	0.19125247786342192	0.6289026969838182	0.5761445032700093	0.2320396366639141	0.7390221114917471	0.5761445032700093	0.17419361028211372	0.5761445032700093	0.40463692038495186	0.17419361028211372	0.5761445032700093
