metric	value
accuracy	0.9436935534101526
balanced_accuracy	0.5419902999755691
f1_micro	0.9436935534101526
f1_macro	0.5659315723036121
f1_weighted	0.963441627497519
precision_micro	0.9436935534101526
precision_macro	0.6078431372549019
precision_weighted	0.9867953908439738
recall_micro	0.9436935534101526
recall_macro	0.5366766695836518
recall_weighted	0.9436935534101526
jaccard_micro	0.8933899404446017
jaccard_macro	0.5366766695836518
jaccard_weighted	0.9436935534101526
