method	accuracy	balanced_accuracy	f1_micro	f1_macro	f1_weighted	precision_micro	precision_macro	precision_weighted	recall_micro	recall_macro	recall_weighted	jaccard_micro	jaccard_macro	jaccard_weighted
knn	0.9436935534101526	0.5419902999755691	0.9436935534101526	0.5659315723036121	0.963441627497519	0.9436935534101526	0.6078431372549019	0.9867953908439738	0.9436935534101526	0.5366766695836518	0.9436935534101526	0.8933899404446017	0.5366766695836518	0.9436935534101526
