metric	value
accuracy	0.9981314232326378
balanced_accuracy	0.5341585925233158
f1_micro	0.9981314232326378
f1_macro	0.481459393022717
f1_weighted	0.998811577590535
precision_micro	0.9981314232326378
precision_macro	0.5
precision_weighted	0.9995639987542821
jaccard_micro	0.9962698165993161
jaccard_macro	0.46738876845790134
jaccard_weighted	0.9981314232326378
