method	accuracy	balanced_accuracy	f1_micro	f1_macro	f1_weighted	precision_micro	precision_macro	precision_weighted	recall_micro	recall_macro	recall_weighted	jaccard_micro	jaccard_macro	jaccard_weighted
knn	0.9981314232326378	0.5341585925233158	0.9981314232326378	0.481459393022717	0.998811577590535	0.9981314232326378	0.5	0.9995639987542821	0.9981314232326378	0.46738876845790134	0.9981314232326378	0.9962698165993161	0.46738876845790134	0.9981314232326378
