method	accuracy	balanced_accuracy	f1_micro	f1_macro	f1_weighted	precision_micro	precision_macro	precision_weighted	recall_micro	recall_macro	recall_weighted	jaccard_micro	jaccard_macro	jaccard_weighted
knn	0.0006851448146994706	0.0001112043430350698	0.0006851448146994706	0.00012045554095488393	0.0007422402159244264	0.0006851448146994706	0.00013140604467805518	0.0008097165991902834	0.0006851448146994706	0.00011118973011220055	0.0006851448146994706	0.0003426898034206673	0.00011118973011220055	0.0006851448146994706
