method	accuracy	balanced_accuracy	f1_micro	f1_macro	f1_weighted	precision_micro	precision_macro	precision_weighted	recall_micro	recall_macro	recall_weighted	jaccard_micro	jaccard_macro	jaccard_weighted
q2vs	0.973943661971831	0.9375136862514142	0.973943661971831	0.9187376453206755	0.9763204025710243	0.973943661971831	0.9312088518477488	0.984346508947991	0.973943661971831	0.9197127934744886	0.973943661971831	0.9492107069320521	0.9015666738570062	0.9618867994237891
