metric	value
accuracy	0.973943661971831
balanced_accuracy	0.9375136862514142
f1_micro	0.973943661971831
f1_macro	0.9187376453206755
f1_weighted	0.9763204025710243
precision_micro	0.973943661971831
precision_macro	0.9312088518477488
precision_weighted	0.984346508947991
recall_micro	0.973943661971831
recall_macro	0.9197127934744886
recall_weighted	0.973943661971831
jaccard_micro	0.9492107069320521
jaccard_macro	0.9015666738570062
jaccard_weighted	0.9618867994237891
