method	accuracy	balanced_accuracy	f1_micro	f1_macro	f1_weighted	precision_micro	precision_macro	precision_weighted	recall_micro	recall_macro	recall_weighted	jaccard_micro	jaccard_macro	jaccard_weighted
q2vs	0.7788732394366197	0.6585724099975448	0.7788732394366197	0.6247906884303892	0.7782808516466455	0.7788732394366197	0.6401542778802545	0.8079905414640839	0.7788732394366197	0.6306223872920788	0.7788732394366197	0.6378316032295271	0.6025958219624067	0.73329294655275
