metric	value
accuracy	0.7788732394366197
balanced_accuracy	0.6585724099975448
f1_micro	0.7788732394366197
f1_macro	0.6247906884303892
f1_weighted	0.7782808516466455
precision_micro	0.7788732394366197
precision_macro	0.6401542778802545
precision_weighted	0.8079905414640839
recall_micro	0.7788732394366197
recall_macro	0.6306223872920788
recall_weighted	0.7788732394366197
jaccard_micro	0.6378316032295271
jaccard_macro	0.6025958219624067
jaccard_weighted	0.73329294655275
