metric	value
accuracy	0.9929577464788732
balanced_accuracy	0.9671177065244861
f1_micro	0.9929577464788732
f1_macro	0.9436581874877468
f1_weighted	0.9944437638777287
precision_micro	0.9929577464788732
precision_macro	0.9480263157894737
precision_weighted	0.9969903632320238
jaccard_micro	0.986013986013986
jaccard_macro	0.9312828081495148
jaccard_weighted	0.9906523350630098
