method	accuracy	balanced_accuracy	f1_micro	f1_macro	f1_weighted	precision_micro	precision_macro	precision_weighted	recall_micro	recall_macro	recall_weighted	jaccard_micro	jaccard_macro	jaccard_weighted
q2vs	0.9929577464788732	0.9671177065244861	0.9929577464788732	0.9436581874877468	0.9944437638777287	0.9929577464788732	0.9480263157894737	0.9969903632320238	0.9929577464788732	0.9520064923600411	0.9929577464788732	0.986013986013986	0.9312828081495148	0.9906523350630098
