method	accuracy	balanced_accuracy	f1_micro	f1_macro	f1_weighted	precision_micro	precision_macro	precision_weighted	recall_micro	recall_macro	recall_weighted	jaccard_micro	jaccard_macro	jaccard_weighted
q2vs	0.9992957746478873	0.9998243765367053	0.9992957746478873	0.8570675502673394	0.9996477017084054	0.9992957746478873	0.8571428571428571	1.0	0.9992957746478873	0.8569923227457474	0.9992957746478873	0.9985925404644617	0.8569923227457474	0.9992957746478873
