method	accuracy	balanced_accuracy	f1_micro	f1_macro	f1_weighted	precision_micro	precision_macro	precision_weighted	recall_micro	recall_macro	recall_weighted	jaccard_micro	jaccard_macro	jaccard_weighted
q2vs	0.007042253521126761	0.00949667616334283	0.007042253521126761	0.009191176470588236	0.007042253521126761	0.007042253521126761	0.009191176470588236	0.007042253521126761	0.007042253521126761	0.009191176470588236	0.007042253521126761	0.0035335689045936395	0.009191176470588236	0.007042253521126761
