metric	value
precision	0.9715208806988154
recall	0.8168008048289739
f1	0.8874678909110784
