method	precision	recall	f1
ct2	0.9776863084922011	0.8171283722614521	0.8902258605385147
