metric	value
precision	0.9776863084922011
recall	0.8171283722614521
f1	0.8902258605385147
