method	precision	recall	f1
ct2	0.9693766937669377	0.807905138339921	0.8813058207576224
