method	precision	recall	f1
ct2	0.9715208806988154	0.8168008048289739	0.8874678909110784
