metric	value
precision	0.9818286251370686
recall	0.8365440227788405
f1	0.9033823388104161
