method	precision	recall	f1
ct2	0.9818286251370686	0.8365440227788405	0.9033823388104161
