metric	value
precision	0.9693766937669377
recall	0.807905138339921
f1	0.8813058207576224
