metric	value
precision	0.9410074526353596
recall	0.773717238833518
f1	0.8492018475002026
