method	precision	recall	f1
ct2	0.9410074526353596	0.773717238833518	0.8492018475002026
