metric	value
accuracy	0.9998754282155092
balanced_accuracy	0.9997756788665878
f1_micro	0.9998754282155092
f1_macro	0.999047531665203
f1_weighted	0.9999021221693287
precision_micro	0.9998754282155092
precision_macro	0.9991655439175974
precision_weighted	0.9999383697487256
jaccard_micro	0.9997508874634116
jaccard_macro	0.998941408020464
jaccard_weighted	0.9998137979642348
