method	accuracy	balanced_accuracy	f1_micro	f1_macro	f1_weighted	precision_micro	precision_macro	precision_weighted	recall_micro	recall_macro	recall_weighted	jaccard_micro	jaccard_macro	jaccard_weighted
sintax50	0.9998754282155092	0.9997756788665878	0.9998754282155092	0.999047531665203	0.9999021221693287	0.9998754282155092	0.9991655439175974	0.9999383697487256	0.9998754282155092	0.9989501002713222	0.9998754282155092	0.9997508874634116	0.998941408020464	0.9998137979642348
