method	accuracy	balanced_accuracy	f1_micro	f1_macro	f1_weighted	precision_micro	precision_macro	precision_weighted	recall_micro	recall_macro	recall_weighted	jaccard_micro	jaccard_macro	jaccard_weighted
sintax50	0.9999377141077546	0.9998347107438016	0.9999377141077546	0.9990824846316176	0.9999653967265304	0.9999377141077546	0.9991742361684558	1.0	0.9999377141077546	0.999009083402147	0.9999377141077546	0.9998754359740907	0.999009083402147	0.9999377141077546
