method	accuracy	balanced_accuracy	f1_micro	f1_macro	f1_weighted	precision_micro	precision_macro	precision_weighted	recall_micro	recall_macro	recall_weighted	jaccard_micro	jaccard_macro	jaccard_weighted
sintax50	0.975023357209592	0.9708183917541258	0.975023357209592	0.9732380092820662	0.9782961607846831	0.975023357209592	0.9800070476318834	0.9869519174206187	0.975023357209592	0.9706908203491645	0.975023357209592	0.9512639766650461	0.968595684137734	0.9722368753776415
