method	accuracy	balanced_accuracy	f1_micro	f1_macro	f1_weighted	precision_micro	precision_macro	precision_weighted	recall_micro	recall_macro	recall_weighted	jaccard_micro	jaccard_macro	jaccard_weighted
sintax50	0.9740267829336655	0.9698436688382804	0.9740267829336655	0.9723332676759283	0.977437007081831	0.9740267829336655	0.9794825185035435	0.9866727431535902	0.9740267829336655	0.9697162255178023	0.9740267829336655	0.9493686255463817	0.9673984812092564	0.9710016126646459
