metric	value
accuracy	0.9740267829336655
balanced_accuracy	0.9698436688382804
f1_micro	0.9740267829336655
f1_macro	0.9723332676759283
f1_weighted	0.977437007081831
precision_micro	0.9740267829336655
precision_macro	0.9794825185035435
precision_weighted	0.9866727431535902
recall_micro	0.9740267829336655
recall_macro	0.9697162255178023
recall_weighted	0.9740267829336655
jaccard_micro	0.9493686255463817
jaccard_macro	0.9673984812092564
jaccard_weighted	0.9710016126646459
