metric	value
precision	0.7904761904761904
recall	0.7904761904761904
f1	0.7904761904761904
