metric	value
precision	0.9992080793700227
recall	0.9992080793700227
f1	0.9992080793700227
