method	precision	recall	f1
ktop	0.8249576510446076	0.8249576510446076	0.8249576510446076
