metric	value
precision	0.8471830985915493
recall	0.8471830985915493
f1	0.8471830985915494
