method	precision	recall	f1
ktop	0.9992080793700227	0.9992080793700227	0.9992080793700227
