metric	value
precision	0.9583921781640413
recall	0.9583921781640413
f1	0.9583921781640413
