method	precision	recall	f1
ktop	0.9583921781640413	0.9583921781640413	0.9583921781640413
