method	precision	recall	f1
ktop	0.8471830985915493	0.8471830985915493	0.8471830985915494
