metric	value
precision	0.8249576510446076
recall	0.8249576510446076
f1	0.8249576510446076
