method	precision	recall	f1
ktop	0.7904761904761904	0.7904761904761904	0.7904761904761904
