method	accuracy	balanced_accuracy	f1_micro	f1_macro	f1_weighted	precision_micro	precision_macro	precision_weighted	recall_micro	recall_macro	recall_weighted	jaccard_micro	jaccard_macro	jaccard_weighted
q1	0.9936758893280633	0.9879102488453008	0.9936758893280633	0.9297235634915251	0.9944703158554357	0.9936758893280633	0.9289295639412392	0.9954671329015652	0.9936758893280633	0.933026346131673	0.9936758893280633	0.9874312647289867	0.9175467065304639	0.9892057302652312
