metric	value
accuracy	0.9936758893280633
balanced_accuracy	0.9879102488453008
f1_micro	0.9936758893280633
f1_macro	0.9297235634915251
f1_weighted	0.9944703158554357
precision_micro	0.9936758893280633
precision_macro	0.9289295639412392
precision_weighted	0.9954671329015652
recall_micro	0.9936758893280633
recall_macro	0.933026346131673
recall_weighted	0.9936758893280633
jaccard_micro	0.9874312647289867
jaccard_macro	0.9175467065304639
jaccard_weighted	0.9892057302652312
