method	accuracy	balanced_accuracy	f1_micro	f1_macro	f1_weighted	precision_micro	precision_macro	precision_weighted	recall_micro	recall_macro	recall_weighted	jaccard_micro	jaccard_macro	jaccard_weighted
q1	0.9715415019762846	0.9413120912145523	0.9715415019762846	0.9141977386974862	0.9724544622600995	0.9715415019762846	0.9248488151135513	0.9798354699984108	0.9715415019762846	0.9163766715797297	0.9715415019762846	0.9446579554189085	0.8946836060433349	0.9550876466700483
