metric	value
accuracy	0.9715415019762846
balanced_accuracy	0.9413120912145523
f1_micro	0.9715415019762846
f1_macro	0.9141977386974862
f1_weighted	0.9724544622600995
precision_micro	0.9715415019762846
precision_macro	0.9248488151135513
precision_weighted	0.9798354699984108
jaccard_micro	0.9446579554189085
jaccard_macro	0.8946836060433349
jaccard_weighted	0.9550876466700483
