metric	value
accuracy	0.8071146245059289
balanced_accuracy	0.7272118159695377
f1_micro	0.8071146245059289
f1_macro	0.6189922822535417
f1_weighted	0.8028748104990175
precision_micro	0.8071146245059289
precision_macro	0.6253273036827908
precision_weighted	0.821418476263561
recall_micro	0.8071146245059289
recall_macro	0.6340263822648984
recall_weighted	0.8071146245059289
jaccard_micro	0.6766070245195493
jaccard_macro	0.5960647946980865
jaccard_weighted	0.7635298650863324
