method	accuracy	balanced_accuracy	f1_micro	f1_macro	f1_weighted	precision_micro	precision_macro	precision_weighted	recall_micro	recall_macro	recall_weighted	jaccard_micro	jaccard_macro	jaccard_weighted
q1	0.8071146245059289	0.7272118159695377	0.8071146245059289	0.6189922822535417	0.8028748104990175	0.8071146245059289	0.6253273036827908	0.821418476263561	0.8071146245059289	0.6340263822648984	0.8071146245059289	0.6766070245195493	0.5960647946980865	0.7635298650863324
