metric	value
accuracy	0.9865612648221344
balanced_accuracy	0.9687235487349345
f1_micro	0.9865612648221344
f1_macro	0.9334822703878722
f1_weighted	0.9873702649233904
precision_micro	0.9865612648221344
precision_macro	0.9430141555985849
precision_weighted	0.9901982405297758
jaccard_micro	0.9734789391575663
jaccard_macro	0.9129074304665507
jaccard_weighted	0.9768074251595789
