method	accuracy	balanced_accuracy	f1_micro	f1_macro	f1_weighted	precision_micro	precision_macro	precision_weighted	recall_micro	recall_macro	recall_weighted	jaccard_micro	jaccard_macro	jaccard_weighted
q1	0.9865612648221344	0.9687235487349345	0.9865612648221344	0.9334822703878722	0.9873702649233904	0.9865612648221344	0.9430141555985849	0.9901982405297758	0.9865612648221344	0.9328448987817888	0.9865612648221344	0.9734789391575663	0.9129074304665507	0.9768074251595789
