metric	value
accuracy	0.9984189723320158
balanced_accuracy	0.9991364421416234
f1_micro	0.9984189723320158
f1_macro	0.7496757457846952
f1_weighted	0.999208460856236
precision_micro	0.9984189723320158
precision_macro	0.75
precision_weighted	1.0
jaccard_micro	0.9968429360694554
jaccard_macro	0.7493523316062176
jaccard_weighted	0.9984189723320158
