method	accuracy	balanced_accuracy	f1_micro	f1_macro	f1_weighted	precision_micro	precision_macro	precision_weighted	recall_micro	recall_macro	recall_weighted	jaccard_micro	jaccard_macro	jaccard_weighted
q1	0.9984189723320158	0.9991364421416234	0.9984189723320158	0.7496757457846952	0.999208460856236	0.9984189723320158	0.75	1.0	0.9984189723320158	0.7493523316062176	0.9984189723320158	0.9968429360694554	0.7493523316062176	0.9984189723320158
