metric	value
accuracy	0.9865652724968315
balanced_accuracy	0.7468409837025188
f1_micro	0.9865652724968315
f1_macro	0.7357974785999816
f1_weighted	0.9922922703916904
precision_micro	0.9865652724968315
precision_macro	0.7692307692307693
precision_weighted	0.9984790874524715
recall_micro	0.9865652724968315
recall_macro	0.7181163304831912
recall_weighted	0.9865652724968315
jaccard_micro	0.9734867433716858
jaccard_macro	0.7181163304831912
jaccard_weighted	0.9865652724968315
