method	accuracy	balanced_accuracy	f1_micro	f1_macro	f1_weighted	precision_micro	precision_macro	precision_weighted	recall_micro	recall_macro	recall_weighted	jaccard_micro	jaccard_macro	jaccard_weighted
metaxa2	0.9964512040557668	0.9282288011451427	0.9964512040557668	0.9051818212771621	0.998038153503804	0.9964512040557668	0.9230769230769231	0.9997465145754119	0.9964512040557668	0.8925276934087912	0.9964512040557668	0.9929275069461986	0.8925276934087912	0.9964512040557668
