method	accuracy	balanced_accuracy	f1_micro	f1_macro	f1_weighted	precision_micro	precision_macro	precision_weighted	recall_micro	recall_macro	recall_weighted	jaccard_micro	jaccard_macro	jaccard_weighted
metaxa2	0.9865652724968315	0.7468409837025188	0.9865652724968315	0.7357974785999816	0.9922922703916904	0.9865652724968315	0.7692307692307693	0.9984790874524715	0.9865652724968315	0.7181163304831912	0.9865652724968315	0.9734867433716858	0.7181163304831912	0.9865652724968315
