method	accuracy	balanced_accuracy	f1_micro	f1_macro	f1_weighted	precision_micro	precision_macro	precision_weighted	recall_micro	recall_macro	recall_weighted	jaccard_micro	jaccard_macro	jaccard_weighted
metaxa2	0.8808618504435995	0.6043701117527507	0.8808618504435995	0.6443258787481227	0.9162996813417962	0.8808618504435995	0.7272541970870549	0.9728736494512552	0.8808618504435995	0.6018727145967476	0.8808618504435995	0.7870894677236693	0.6018548331228889	0.8806139483984077
