method	accuracy	balanced_accuracy	f1_micro	f1_macro	f1_weighted	precision_micro	precision_macro	precision_weighted	recall_micro	recall_macro	recall_weighted	jaccard_micro	jaccard_macro	jaccard_weighted
metaxa2	0.9622306717363751	0.8442131870043911	0.962230671736375	0.8630810116955603	0.9759382302925184	0.9622306717363751	0.8966758494031221	0.9929012815096464	0.9622306717363751	0.8407247027605713	0.9622306717363751	0.9272105520273571	0.8407066601923534	0.9619805363394248
