metric	value
accuracy	0.8808618504435995
balanced_accuracy	0.6043701117527507
f1_micro	0.8808618504435995
f1_macro	0.6443258787481227
f1_weighted	0.9162996813417962
precision_micro	0.8808618504435995
precision_macro	0.7272541970870549
precision_weighted	0.9728736494512552
jaccard_micro	0.7870894677236693
jaccard_macro	0.6018548331228889
jaccard_weighted	0.8806139483984077
