method	accuracy	balanced_accuracy	f1_micro	f1_macro	f1_weighted	precision_micro	precision_macro	precision_weighted	recall_micro	recall_macro	recall_weighted	jaccard_micro	jaccard_macro	jaccard_weighted
metaxa2	0.6770595690747782	0.35302466575985586	0.6770595690747782	0.37825346604993093	0.7260375850616851	0.6770595690747782	0.4303431414785456	0.8144520640956003	0.6770595690747782	0.3525988217722083	0.6770595690747782	0.511783866641119	0.3525100373699444	0.6764418307003859
