method	accuracy	balanced_accuracy	f1_micro	f1_macro	f1_weighted	precision_micro	precision_macro	precision_weighted	recall_micro	recall_macro	recall_weighted	jaccard_micro	jaccard_macro	jaccard_weighted
metaxa2	0.8904942965779468	0.7304653418880229	0.8904942965779469	0.7458064954359055	0.9132424073914581	0.8904942965779468	0.7784030902966662	0.9473426277989015	0.8904942965779468	0.7278282828920373	0.8904942965779468	0.8026045236463331	0.7272010197436268	0.8889577029500983
