metric	value
accuracy	0.6770595690747782
balanced_accuracy	0.35302466575985586
f1_micro	0.6770595690747782
f1_macro	0.37825346604993093
f1_weighted	0.7260375850616851
precision_micro	0.6770595690747782
precision_macro	0.4303431414785456
precision_weighted	0.8144520640956003
jaccard_micro	0.511783866641119
jaccard_macro	0.3525100373699444
jaccard_weighted	0.6764418307003859
