method	accuracy	balanced_accuracy	f1_micro	f1_macro	f1_weighted	precision_micro	precision_macro	precision_weighted	recall_micro	recall_macro	recall_weighted	jaccard_micro	jaccard_macro	jaccard_weighted
metaxa2	0.9586818757921419	0.6882283351365707	0.9586818757921419	0.7057629223898131	0.97323005539348	0.9586818757921419	0.7441339034310147	0.989857172898657	0.9586818757921419	0.6802256800768431	0.9586818757921419	0.9206426484907497	0.680175362441101	0.95843397374695
