method	accuracy	balanced_accuracy	f1_micro	f1_macro	f1_weighted	precision_micro	precision_macro	precision_weighted	recall_micro	recall_macro	recall_weighted	jaccard_micro	jaccard_macro	jaccard_weighted
metaxa2	0.9865652724968315	0.8763165093632043	0.9865652724968315	0.8826091551556057	0.9914362877586247	0.9865652724968315	0.9069250645994832	0.9969570483030559	0.9865652724968315	0.8661267825101437	0.9865652724968315	0.9734867433716858	0.8660760115623681	0.9863151370998811
