metric	value
accuracy	0.9586818757921419
balanced_accuracy	0.6882283351365707
f1_micro	0.9586818757921419
f1_macro	0.7057629223898131
f1_weighted	0.97323005539348
precision_micro	0.9586818757921419
precision_macro	0.7441339034310147
precision_weighted	0.989857172898657
recall_micro	0.9586818757921419
recall_macro	0.6802256800768431
recall_weighted	0.9586818757921419
jaccard_micro	0.9206426484907497
jaccard_macro	0.680175362441101
jaccard_weighted	0.95843397374695
