metric	value
accuracy	0.9977186311787072
balanced_accuracy	0.6495700773860704
f1_micro	0.9977186311787072
f1_macro	0.5664873395021878
f1_weighted	0.9985037541425938
precision_micro	0.9977186311787072
precision_macro	0.6666666666666666
precision_weighted	0.9997465145754119
jaccard_micro	0.9954476479514416
jaccard_macro	0.5413083978217254
jaccard_weighted	0.9977186311787072
