method	accuracy	balanced_accuracy	f1_micro	f1_macro	f1_weighted	precision_micro	precision_macro	precision_weighted	recall_micro	recall_macro	recall_weighted	jaccard_micro	jaccard_macro	jaccard_weighted
metaxa2	0.9997465145754119	0.95	0.9997465145754119	0.8095238095238096	0.9998551511859497	0.9997465145754119	0.8333333333333334	1.0	0.9997465145754119	0.7916666666666666	0.9997465145754119	0.9994931576279777	0.7916666666666666	0.9997465145754119
