method	accuracy	balanced_accuracy	f1_micro	f1_macro	f1_weighted	precision_micro	precision_macro	precision_weighted	recall_micro	recall_macro	recall_weighted	jaccard_micro	jaccard_macro	jaccard_weighted
metaxa2	0.9977186311787072	0.6495700773860704	0.9977186311787072	0.5664873395021878	0.9985037541425938	0.9977186311787072	0.6666666666666666	0.9997465145754119	0.9977186311787072	0.5413083978217254	0.9977186311787072	0.9954476479514416	0.5413083978217254	0.9977186311787072
