method	accuracy	balanced_accuracy	f1_micro	f1_macro	f1_weighted	precision_micro	precision_macro	precision_weighted	recall_micro	recall_macro	recall_weighted	jaccard_micro	jaccard_macro	jaccard_weighted
metaxa2	0.0038022813688212928	0.0026086131663820905	0.0038022813688212928	0.00248015873015873	0.0037861870561490332	0.0038022813688212928	0.002780032467532467	0.005087814593518015	0.0038022813688212928	0.0026041666666666665	0.0038022813688212928	0.0019047619047619048	0.0022591991341991344	0.003313416621401412
