method	accuracy	balanced_accuracy	f1_micro	f1_macro	f1_weighted	precision_micro	precision_macro	precision_weighted	recall_micro	recall_macro	recall_weighted	jaccard_micro	jaccard_macro	jaccard_weighted
metaxa2	0.2311787072243346	0.2438579017264276	0.2311787072243346	0.22575596465830525	0.2269185426599875	0.2311787072243346	0.2244513624658903	0.22714104653268155	0.2311787072243346	0.23053986189579412	0.2311787072243346	0.13069647463456577	0.22274747940607506	0.2232120224515662
