metric	value
accuracy	0.0038022813688212928
balanced_accuracy	0.0026086131663820905
f1_micro	0.0038022813688212928
f1_macro	0.00248015873015873
f1_weighted	0.0037861870561490332
precision_micro	0.0038022813688212928
precision_macro	0.002780032467532467
precision_weighted	0.005087814593518015
jaccard_micro	0.0019047619047619048
jaccard_macro	0.0022591991341991344
jaccard_weighted	0.003313416621401412
