metric	value
accuracy	0.9953488372093023
balanced_accuracy	0.9889890241741095
f1_micro	0.9953488372093023
f1_macro	0.9416682493062432
f1_weighted	0.9973587068329693
precision_micro	0.9953488372093023
precision_macro	0.9472059779077323
precision_weighted	0.9994800140364309
jaccard_micro	0.9907407407407407
jaccard_macro	0.9367774985905032
jaccard_weighted	0.9948383630056342
