metric	value
accuracy	0.9152454780361757
balanced_accuracy	0.8650680715460478
f1_micro	0.9152454780361757
f1_macro	0.8377895888038385
f1_weighted	0.9280212437603204
precision_micro	0.9152454780361757
precision_macro	0.8641961948214885
precision_weighted	0.9596789102193745
jaccard_micro	0.8437351119580753
jaccard_macro	0.812996590195515
jaccard_weighted	0.8997348759321424
