method	accuracy	balanced_accuracy	f1_micro	f1_macro	f1_weighted	precision_micro	precision_macro	precision_weighted	recall_micro	recall_macro	recall_weighted	jaccard_micro	jaccard_macro	jaccard_weighted
rdp80	0.9152454780361757	0.8650680715460478	0.9152454780361757	0.8377895888038385	0.9280212437603204	0.9152454780361757	0.8641961948214885	0.9596789102193745	0.9152454780361757	0.8382026034856115	0.9152454780361757	0.8437351119580753	0.812996590195515	0.8997348759321424
