method	accuracy	balanced_accuracy	f1_micro	f1_macro	f1_weighted	precision_micro	precision_macro	precision_weighted	recall_micro	recall_macro	recall_weighted	jaccard_micro	jaccard_macro	jaccard_weighted
rdp80	0.5260981912144703	0.46950744029974023	0.5260981912144703	0.42373386300865346	0.5364377328961024	0.5260981912144703	0.4497683510855961	0.6072493799248185	0.5260981912144703	0.432113042399761	0.5260981912144703	0.35694249649368864	0.3997931681825136	0.4941952312900171
