metric	value
accuracy	0.5260981912144703
balanced_accuracy	0.46950744029974023
f1_micro	0.5260981912144703
f1_macro	0.42373386300865346
f1_weighted	0.5364377328961024
precision_micro	0.5260981912144703
precision_macro	0.4497683510855961
precision_weighted	0.6072493799248185
jaccard_micro	0.35694249649368864
jaccard_macro	0.3997931681825136
jaccard_weighted	0.4941952312900171
