metric	value
accuracy	0.9782945736434109
balanced_accuracy	0.9373531861223949
f1_micro	0.9782945736434109
f1_macro	0.9133738082418693
f1_weighted	0.9825422853086486
precision_micro	0.9782945736434109
precision_macro	0.9234944994711656
precision_weighted	0.9880439535585958
jaccard_micro	0.9575113808801214
jaccard_macro	0.8996648350143098
jaccard_weighted	0.9717938117739634
