method	accuracy	balanced_accuracy	f1_micro	f1_macro	f1_weighted	precision_micro	precision_macro	precision_weighted	recall_micro	recall_macro	recall_weighted	jaccard_micro	jaccard_macro	jaccard_weighted
rdp80	0.9782945736434109	0.9373531861223949	0.9782945736434109	0.9133738082418693	0.9825422853086486	0.9782945736434109	0.9234944994711656	0.9880439535585958	0.9782945736434109	0.9071159865700594	0.9782945736434109	0.9575113808801214	0.8996648350143098	0.9717938117739634
