method	accuracy	balanced_accuracy	f1_micro	f1_macro	f1_weighted	precision_micro	precision_macro	precision_weighted	recall_micro	recall_macro	recall_weighted	jaccard_micro	jaccard_macro	jaccard_weighted
hitac_qiime	0.9802371541501976	0.9605209652403531	0.9802371541501976	0.9406473300585305	0.9802879080896858	0.9802371541501976	0.9426175045769594	0.983734877105563	0.9802371541501976	0.9476280663780663	0.9802371541501976	0.9612403100775194	0.9248081122829445	0.9674103770625512
