metric	value
accuracy	0.9802371541501976
balanced_accuracy	0.9605209652403531
f1_micro	0.9802371541501976
f1_macro	0.9406473300585305
f1_weighted	0.9802879080896858
precision_micro	0.9802371541501976
precision_macro	0.9426175045769594
precision_weighted	0.983734877105563
recall_micro	0.9802371541501976
recall_macro	0.9476280663780663
recall_weighted	0.9802371541501976
jaccard_micro	0.9612403100775194
jaccard_macro	0.9248081122829445
jaccard_weighted	0.9674103770625512
