metric	value
accuracy	0.991304347826087
balanced_accuracy	0.9759251402468709
f1_micro	0.991304347826087
f1_macro	0.9577629938872636
f1_weighted	0.9916591795819032
precision_micro	0.991304347826087
precision_macro	0.9649097126047137
precision_weighted	0.9930248437570875
jaccard_micro	0.9827586206896551
jaccard_macro	0.9413006484818991
jaccard_weighted	0.9843771113908435
