metric	value
accuracy	0.9997496871088861
balanced_accuracy	0.999407231772377
f1_micro	0.9997496871088861
f1_macro	0.9996716573342662
f1_weighted	0.9997403359735414
precision_micro	0.9997496871088861
precision_macro	0.9999817208035534
precision_weighted	0.999750789808847
recall_micro	0.9997496871088861
recall_macro	0.999407231772377
recall_weighted	0.9997496871088861
jaccard_micro	0.9994994994994995
jaccard_macro	0.9993889525759305
jaccard_weighted	0.999500476917733
