method	accuracy	balanced_accuracy	f1_micro	f1_macro	f1_weighted	precision_micro	precision_macro	precision_weighted	recall_micro	recall_macro	recall_weighted	jaccard_micro	jaccard_macro	jaccard_weighted
btop	0.9997496871088861	0.999407231772377	0.9997496871088861	0.9996716573342662	0.9997403359735414	0.9997496871088861	0.9999817208035534	0.999750789808847	0.9997496871088861	0.999407231772377	0.9997496871088861	0.9994994994994995	0.9993889525759305	0.999500476917733
