metric	value
accuracy	0.9937421777221527
balanced_accuracy	0.9949033950675338
f1_micro	0.9937421777221527
f1_macro	0.9885725500431745
f1_weighted	0.994207925885735
precision_micro	0.9937421777221527
precision_macro	0.988854708845999
precision_weighted	0.9951193026421524
recall_micro	0.9937421777221527
recall_macro	0.9889315859734912
recall_weighted	0.9937421777221527
jaccard_micro	0.9875621890547264
jaccard_macro	0.9865627653547617
jaccard_weighted	0.9901628975668061
