method	accuracy	balanced_accuracy	f1_micro	f1_macro	f1_weighted	precision_micro	precision_macro	precision_weighted	recall_micro	recall_macro	recall_weighted	jaccard_micro	jaccard_macro	jaccard_weighted
btop	0.9937421777221527	0.9949033950675338	0.9937421777221527	0.9885725500431745	0.994207925885735	0.9937421777221527	0.988854708845999	0.9951193026421524	0.9937421777221527	0.9889315859734912	0.9937421777221527	0.9875621890547264	0.9865627653547617	0.9901628975668061
