method	accuracy	balanced_accuracy	f1_micro	f1_macro	f1_weighted	precision_micro	precision_macro	precision_weighted	recall_micro	recall_macro	recall_weighted	jaccard_micro	jaccard_macro	jaccard_weighted
btop	0.9997496871088861	0.9997326203208555	0.9997496871088861	0.9998388028424432	0.9997485248125964	0.9997496871088861	0.9999481731018398	0.999750789808847	0.9997496871088861	0.9997326203208555	0.9997496871088861	0.9994994994994995	0.9996807934226956	0.999500476917733
