metric	value
accuracy	0.9997496871088861
balanced_accuracy	0.9997326203208555
f1_micro	0.9997496871088861
f1_macro	0.9998388028424432
f1_weighted	0.9997485248125964
precision_micro	0.9997496871088861
precision_macro	0.9999481731018398
precision_weighted	0.999750789808847
jaccard_micro	0.9994994994994995
jaccard_macro	0.9996807934226956
jaccard_weighted	0.999500476917733
