method	accuracy	balanced_accuracy	f1_micro	f1_macro	f1_weighted	precision_micro	precision_macro	precision_weighted	recall_micro	recall_macro	recall_weighted	jaccard_micro	jaccard_macro	jaccard_weighted
btop	0.7259073842302879	0.7677954847277556	0.7259073842302878	0.6560275404957313	0.7113388683351137	0.7259073842302879	0.6516673766922276	0.7101725370999463	0.7259073842302879	0.6704854208084824	0.7259073842302879	0.5697445972495089	0.6477975401558901	0.7002719669428055
