metric	value
accuracy	0.7259073842302879
balanced_accuracy	0.7677954847277556
f1_micro	0.7259073842302878
f1_macro	0.6560275404957313
f1_weighted	0.7113388683351137
precision_micro	0.7259073842302879
precision_macro	0.6516673766922276
precision_weighted	0.7101725370999463
recall_micro	0.7259073842302879
recall_macro	0.6704854208084824
recall_weighted	0.7259073842302879
jaccard_micro	0.5697445972495089
jaccard_macro	0.6477975401558901
jaccard_weighted	0.7002719669428055
