method	accuracy	balanced_accuracy	f1_micro	f1_macro	f1_weighted	precision_micro	precision_macro	precision_weighted	recall_micro	recall_macro	recall_weighted	jaccard_micro	jaccard_macro	jaccard_weighted
ktop	0.9915492957746479	0.9825233568571577	0.9915492957746479	0.9701959812095626	0.9918897033747806	0.9915492957746479	0.9733344588800273	0.9948687820905365	0.9915492957746479	0.9762251302106375	0.9915492957746479	0.9832402234636871	0.9623801019111777	0.9871223032172971
