metric	value
accuracy	0.9915492957746479
balanced_accuracy	0.9825233568571577
f1_micro	0.9915492957746479
f1_macro	0.9701959812095626
f1_weighted	0.9918897033747806
precision_micro	0.9915492957746479
precision_macro	0.9733344588800273
precision_weighted	0.9948687820905365
jaccard_micro	0.9832402234636871
jaccard_macro	0.9623801019111777
jaccard_weighted	0.9871223032172971
