method	accuracy	balanced_accuracy	f1_micro	f1_macro	f1_weighted	precision_micro	precision_macro	precision_weighted	recall_micro	recall_macro	recall_weighted	jaccard_micro	jaccard_macro	jaccard_weighted
ktop	0.9098591549295775	0.893286005841043	0.9098591549295775	0.8384996168646655	0.9045851982500329	0.9098591549295775	0.8478634033919884	0.9148791346732631	0.9098591549295775	0.8441786599702003	0.9098591549295775	0.834625322997416	0.8208851249307761	0.8707324469150787
