metric	value
accuracy	0.9098591549295775
balanced_accuracy	0.893286005841043
f1_micro	0.9098591549295775
f1_macro	0.8384996168646655
f1_weighted	0.9045851982500329
precision_micro	0.9098591549295775
precision_macro	0.8478634033919884
precision_weighted	0.9148791346732631
recall_micro	0.9098591549295775
recall_macro	0.8441786599702003
recall_weighted	0.9098591549295775
jaccard_micro	0.834625322997416
jaccard_macro	0.8208851249307761
jaccard_weighted	0.8707324469150787
