method	accuracy	balanced_accuracy	f1_micro	f1_macro	f1_weighted	precision_micro	precision_macro	precision_weighted	recall_micro	recall_macro	recall_weighted	jaccard_micro	jaccard_macro	jaccard_weighted
ktop	0.035211267605633804	0.04748338081671415	0.035211267605633804	0.026375046142488003	0.033544600938967134	0.035211267605633804	0.02593207825765965	0.032981220657276995	0.035211267605633804	0.02768549280177187	0.035211267605633804	0.017921146953405017	0.02593207825765965	0.032981220657276995
