metric	value
accuracy	0.035211267605633804
balanced_accuracy	0.04748338081671415
f1_micro	0.035211267605633804
f1_macro	0.026375046142488003
f1_weighted	0.033544600938967134
precision_micro	0.035211267605633804
precision_macro	0.02593207825765965
precision_weighted	0.032981220657276995
jaccard_micro	0.017921146953405017
jaccard_macro	0.02593207825765965
jaccard_weighted	0.032981220657276995
