metric	value
accuracy	0.9998754282155092
balanced_accuracy	0.9982276985399612
f1_micro	0.9998754282155092
f1_macro	0.9953811437839363
f1_weighted	0.9999271420646946
precision_micro	0.9998754282155092
precision_macro	0.996551724137931
precision_weighted	1.0
jaccard_micro	0.9997508874634116
jaccard_macro	0.9947855340622372
jaccard_weighted	0.9998754282155092
