method	accuracy	balanced_accuracy	f1_micro	f1_macro	f1_weighted	precision_micro	precision_macro	precision_weighted	recall_micro	recall_macro	recall_weighted	jaccard_micro	jaccard_macro	jaccard_weighted
rdp80	0.9998754282155092	0.9982276985399612	0.9998754282155092	0.9953811437839363	0.9999271420646946	0.9998754282155092	0.996551724137931	1.0	0.9998754282155092	0.9947855340622372	0.9998754282155092	0.9997508874634116	0.9947855340622372	0.9998754282155092
