metric	value
accuracy	0.9991279975085643
balanced_accuracy	0.9969937334325939
f1_micro	0.9991279975085643
f1_macro	0.9966286172801778
f1_weighted	0.9993789095990343
precision_micro	0.9991279975085643
precision_macro	0.9972907586037231
precision_weighted	0.9997060661059415
recall_micro	0.9991279975085643
recall_macro	0.9961704520672491
recall_weighted	0.9991279975085643
jaccard_micro	0.998257514468853
jaccard_macro	0.9959385021656048
jaccard_weighted	0.9989586353989967
