method	accuracy	balanced_accuracy	f1_micro	f1_macro	f1_weighted	precision_micro	precision_macro	precision_weighted	recall_micro	recall_macro	recall_weighted	jaccard_micro	jaccard_macro	jaccard_weighted
rdp80	0.9991279975085643	0.9969937334325939	0.9991279975085643	0.9966286172801778	0.9993789095990343	0.9991279975085643	0.9972907586037231	0.9997060661059415	0.9991279975085643	0.9961704520672491	0.9991279975085643	0.998257514468853	0.9959385021656048	0.9989586353989967
