metric	value
accuracy	0.9303020865773902
balanced_accuracy	0.8987076707407894
f1_micro	0.9303020865773902
f1_macro	0.9010534346344654
f1_weighted	0.9314121252898373
precision_micro	0.9303020865773902
precision_macro	0.9109577828695266
precision_weighted	0.9414684674074612
recall_micro	0.9303020865773902
recall_macro	0.8985895751204556
recall_weighted	0.9303020865773902
jaccard_micro	0.8696867357633632
jaccard_macro	0.8920922550552471
jaccard_weighted	0.9200940253852458
