method	accuracy	balanced_accuracy	f1_micro	f1_macro	f1_weighted	precision_micro	precision_macro	precision_weighted	recall_micro	recall_macro	recall_weighted	jaccard_micro	jaccard_macro	jaccard_weighted
rdp80	0.9303020865773902	0.8987076707407894	0.9303020865773902	0.9010534346344654	0.9314121252898373	0.9303020865773902	0.9109577828695266	0.9414684674074612	0.9303020865773902	0.8985895751204556	0.9303020865773902	0.8696867357633632	0.8920922550552471	0.9200940253852458
