method	accuracy	balanced_accuracy	f1_micro	f1_macro	f1_weighted	precision_micro	precision_macro	precision_weighted	recall_micro	recall_macro	recall_weighted	jaccard_micro	jaccard_macro	jaccard_weighted
rdp80	0.9302398006851448	0.8985981513120427	0.9302398006851448	0.9009439295972338	0.931339458415551	0.9302398006851448	0.9108263768248485	0.9413438956229703	0.9302398006851448	0.8984800700832237	0.9302398006851448	0.8695778748180495	0.8919827500180154	0.9200317394930003
