metric	value
precision	1.0
recall	0.8152956355385506
f1	0.8982510832696116
