method	precision	recall	f1
metaxa2	0.9630051223676722	0.7495016611295681	0.8429443268152945
