method	precision	recall	f1
metaxa2	0.9839875301119456	0.7841897233201581	0.8728004022121669
