method	precision	recall	f1
metaxa2	0.9999815302211756	0.9635004671441918	0.9814020936239635
