method	precision	recall	f1
metaxa2	1.0	0.8152956355385506	0.8982510832696116
