metric	value
precision	0.9885926844389337
recall	0.8021126760563381
f1	0.885642876978617
