method	precision	recall	f1
metaxa2	0.9831977651795251	0.8666666666666667	0.9212618126527705
