method	precision	recall	f1
metaxa2	0.9991258339084426	0.7863842114792685	0.880081053698075
