metric	value
precision	0.9630051223676722
recall	0.7495016611295681
f1	0.8429443268152945
