metric	value
precision	0.9991258339084426
recall	0.7863842114792685
f1	0.880081053698075
