method	precision	recall	f1
metaxa2	0.8780752230839797	0.7773348098929495	0.824639724310777
