method	precision	recall	f1
metaxa2	0.9885926844389337	0.8021126760563381	0.885642876978617
