metric	value
precision	0.9839875301119456
recall	0.7841897233201581
f1	0.8728004022121669
