method	precision	recall	f1
metaxa2	0.9034318637274549	0.8145680406549972	0.8567017043767445
