method	precision	recall	f1
metaxa2	0.916287836789001	0.8313883299798793	0.8717759375494489
