metric	value
precision	0.9357200249977681
recall	0.7737910668143226
f1	0.8470863978016648
