metric	value
precision	0.9778157726009831
recall	0.8283903675538656
f1	0.8969221721231132
