method	precision	recall	f1
q2blast	0.9693877551020408	0.8219315895372233	0.8895905923344947
