metric	value
precision	0.9628038136162212
recall	0.8097120271033315
f1	0.8796466691203533
