method	precision	recall	f1
q2blast	0.9817304090890174	0.8396138274680784	0.9051275533450679
