method	precision	recall	f1
q2blast	0.9357200249977681	0.7737910668143226	0.8470863978016648
