metric	value
precision	0.9693877551020408
recall	0.8219315895372233
f1	0.8895905923344947
