method	precision	recall	f1
q2blast	0.9778157726009831	0.8283903675538656	0.8969221721231132
