metric	value
precision	0.9817304090890174
recall	0.8396138274680784
f1	0.9051275533450679
