method	precision	recall	f1
q2blast	0.9628038136162212	0.8097120271033315	0.8796466691203533
