metric	value
accuracy	0.9922480620155039
balanced_accuracy	0.9502356417749152
f1_micro	0.9922480620155039
f1_macro	0.9183170890028306
f1_weighted	0.9954691833314837
precision_micro	0.9922480620155039
precision_macro	0.947207468211814
precision_weighted	0.9994847845498581
recall_micro	0.9922480620155039
recall_macro	0.9002232395762354
recall_weighted	0.9922480620155039
jaccard_micro	0.9846153846153847
jaccard_macro	0.9000622867354177
jaccard_weighted	0.991732846565362
