method	accuracy	balanced_accuracy	f1_micro	f1_macro	f1_weighted	precision_micro	precision_macro	precision_weighted	recall_micro	recall_macro	recall_weighted	jaccard_micro	jaccard_macro	jaccard_weighted
metaxa2	0.9968992248062015	0.9895002716178722	0.9968992248062015	0.9905140567776031	0.9968836933797937	0.9968992248062015	0.9927906516141811	0.9970458806026521	0.9968992248062015	0.9895002716178722	0.9968992248062015	0.9938176197836167	0.9822909232320534	0.9939451054088537
