method	accuracy	balanced_accuracy	f1_micro	f1_macro	f1_weighted	precision_micro	precision_macro	precision_weighted	recall_micro	recall_macro	recall_weighted	jaccard_micro	jaccard_macro	jaccard_weighted
metaxa2	0.9922480620155039	0.9502356417749152	0.9922480620155039	0.9183170890028306	0.9954691833314837	0.9922480620155039	0.947207468211814	0.9994847845498581	0.9922480620155039	0.9002232395762354	0.9922480620155039	0.9846153846153847	0.9000622867354177	0.991732846565362
