method	accuracy	balanced_accuracy	f1_micro	f1_macro	f1_weighted	precision_micro	precision_macro	precision_weighted	recall_micro	recall_macro	recall_weighted	jaccard_micro	jaccard_macro	jaccard_weighted
metaxa2	0.9049095607235143	0.8305533764701065	0.9049095607235143	0.7989773602218904	0.9084830570716173	0.9049095607235143	0.8214166121714964	0.9371800969091312	0.9049095607235143	0.8047597933499168	0.9049095607235143	0.8263331760264275	0.7674171218946395	0.8721969603958711
