metric	value
accuracy	0.8604651162790697
balanced_accuracy	0.6946115929169883
f1_micro	0.8604651162790697
f1_macro	0.6916142923564269
f1_weighted	0.8782377971289425
precision_micro	0.8604651162790697
precision_macro	0.7276751797888706
precision_weighted	0.9194425839425693
jaccard_micro	0.7551020408163265
jaccard_macro	0.6623022337933514
jaccard_weighted	0.8433910032993241
