method	accuracy	balanced_accuracy	f1_micro	f1_macro	f1_weighted	precision_micro	precision_macro	precision_weighted	recall_micro	recall_macro	recall_weighted	jaccard_micro	jaccard_macro	jaccard_weighted
metaxa2	0.8604651162790697	0.6946115929169883	0.8604651162790697	0.6916142923564269	0.8782377971289425	0.8604651162790697	0.7276751797888706	0.9194425839425693	0.8604651162790697	0.681505713805347	0.8604651162790697	0.7551020408163265	0.6623022337933514	0.8433910032993241
