method	accuracy	balanced_accuracy	f1_micro	f1_macro	f1_weighted	precision_micro	precision_macro	precision_weighted	recall_micro	recall_macro	recall_weighted	jaccard_micro	jaccard_macro	jaccard_weighted
metaxa2	0.4382428940568475	0.29537820511959784	0.4382428940568475	0.27368350008598574	0.4518436017490813	0.4382428940568475	0.29472798913975384	0.5060810888658586	0.4382428940568475	0.2805418569172436	0.4382428940568475	0.28060886829913967	0.25281877627564175	0.40842181373936853
