method	accuracy	balanced_accuracy	f1_micro	f1_macro	f1_weighted	precision_micro	precision_macro	precision_weighted	recall_micro	recall_macro	recall_weighted	jaccard_micro	jaccard_macro	jaccard_weighted
metaxa2	0.5674418604651162	0.47626337929629653	0.5674418604651162	0.39352049044129694	0.5682286097637819	0.5674418604651162	0.4143381833201557	0.6218807285303788	0.5674418604651162	0.4101978587727937	0.5674418604651162	0.3961038961038961	0.3674542364687436	0.5190299303127879
