metric	value
accuracy	0.4382428940568475
balanced_accuracy	0.29537820511959784
f1_micro	0.4382428940568475
f1_macro	0.27368350008598574
f1_weighted	0.4518436017490813
precision_micro	0.4382428940568475
precision_macro	0.29472798913975384
precision_weighted	0.5060810888658586
jaccard_micro	0.28060886829913967
jaccard_macro	0.25281877627564175
jaccard_weighted	0.40842181373936853
