metric	value
accuracy	0.9555555555555556
balanced_accuracy	0.809909848631982
f1_micro	0.9555555555555556
f1_macro	0.7937277940843686
f1_weighted	0.9619490956928577
precision_micro	0.9555555555555556
precision_macro	0.8246562247336863
precision_weighted	0.9787417430718616
recall_micro	0.9555555555555556
recall_macro	0.7837837244825634
recall_weighted	0.9555555555555556
jaccard_micro	0.9148936170212766
jaccard_macro	0.7782968413018855
jaccard_weighted	0.9503556185177012
