method	accuracy	balanced_accuracy	f1_micro	f1_macro	f1_weighted	precision_micro	precision_macro	precision_weighted	recall_micro	recall_macro	recall_weighted	jaccard_micro	jaccard_macro	jaccard_weighted
metaxa2	0.9720930232558139	0.9223039196065513	0.9720930232558139	0.8945350007609014	0.9717728090621239	0.9720930232558139	0.9112801865143397	0.9788188547570448	0.9720930232558139	0.8925521802644044	0.9720930232558139	0.9457013574660633	0.8737919737268739	0.9569400968974167
