method	accuracy	balanced_accuracy	f1_micro	f1_macro	f1_weighted	precision_micro	precision_macro	precision_weighted	recall_micro	recall_macro	recall_weighted	jaccard_micro	jaccard_macro	jaccard_weighted
metaxa2	0.9555555555555556	0.809909848631982	0.9555555555555556	0.7937277940843686	0.9619490956928577	0.9555555555555556	0.8246562247336863	0.9787417430718616	0.9555555555555556	0.7837837244825634	0.9555555555555556	0.9148936170212766	0.7782968413018855	0.9503556185177012
