method	accuracy	balanced_accuracy	f1_micro	f1_macro	f1_weighted	precision_micro	precision_macro	precision_weighted	recall_micro	recall_macro	recall_weighted	jaccard_micro	jaccard_macro	jaccard_weighted
microclass	0.9944664031620554	0.9875501047876779	0.9944664031620554	0.9839582305572078	0.9944600995194822	0.9944664031620554	0.9830800511486009	0.9946880291904207	0.9944664031620554	0.9875501047876779	0.9944664031620554	0.9889937106918238	0.9706802194210382	0.9892338215623
