metric	value
accuracy	0.9944664031620554
balanced_accuracy	0.9875501047876779
f1_micro	0.9944664031620554
f1_macro	0.9839582305572078
f1_weighted	0.9944600995194822
precision_micro	0.9944664031620554
precision_macro	0.9830800511486009
precision_weighted	0.9946880291904207
recall_micro	0.9944664031620554
recall_macro	0.9875501047876779
recall_weighted	0.9944664031620554
jaccard_micro	0.9889937106918238
jaccard_macro	0.9706802194210382
jaccard_weighted	0.9892338215623
