metric	value
accuracy	0.9754940711462451
balanced_accuracy	0.9582305252548351
f1_micro	0.9754940711462451
f1_macro	0.9286096203381546
f1_weighted	0.9766518721467295
precision_micro	0.9754940711462451
precision_macro	0.9344638988878152
precision_weighted	0.9825678709614398
jaccard_micro	0.9521604938271605
jaccard_macro	0.9102295709419785
jaccard_weighted	0.9620894419590071
