method	accuracy	balanced_accuracy	f1_micro	f1_macro	f1_weighted	precision_micro	precision_macro	precision_weighted	recall_micro	recall_macro	recall_weighted	jaccard_micro	jaccard_macro	jaccard_weighted
microclass	0.8197628458498024	0.7703367829409574	0.8197628458498025	0.6564608654643563	0.8199937676285327	0.8197628458498024	0.665430852689246	0.8457449943685701	0.8197628458498024	0.6733170369786202	0.8197628458498024	0.6945746818486269	0.6334679401077074	0.7781531645519864
