metric	value
accuracy	0.8197628458498024
balanced_accuracy	0.7703367829409574
f1_micro	0.8197628458498025
f1_macro	0.6564608654643563
f1_weighted	0.8199937676285327
precision_micro	0.8197628458498024
precision_macro	0.665430852689246
precision_weighted	0.8457449943685701
jaccard_micro	0.6945746818486269
jaccard_macro	0.6334679401077074
jaccard_weighted	0.7781531645519864
