method	accuracy	balanced_accuracy	f1_micro	f1_macro	f1_weighted	precision_micro	precision_macro	precision_weighted	recall_micro	recall_macro	recall_weighted	jaccard_micro	jaccard_macro	jaccard_weighted
microclass	0.9889328063241106	0.9692805779126534	0.9889328063241106	0.9530831598899456	0.9889469538095091	0.9889328063241106	0.9639515296035898	0.9908570020581025	0.9889328063241106	0.9509922651218486	0.9889328063241106	0.9781078967943706	0.9338232722472034	0.9798377281898819
