metric	value
accuracy	0.9889328063241106
balanced_accuracy	0.9692805779126534
f1_micro	0.9889328063241106
f1_macro	0.9530831598899456
f1_weighted	0.9889469538095091
precision_micro	0.9889328063241106
precision_macro	0.9639515296035898
precision_weighted	0.9908570020581025
recall_micro	0.9889328063241106
recall_macro	0.9509922651218486
recall_weighted	0.9889328063241106
jaccard_micro	0.9781078967943706
jaccard_macro	0.9338232722472034
jaccard_weighted	0.9798377281898819
