method	accuracy	balanced_accuracy	f1_micro	f1_macro	f1_weighted	precision_micro	precision_macro	precision_weighted	recall_micro	recall_macro	recall_weighted	jaccard_micro	jaccard_macro	jaccard_weighted
microclass	0.0023715415019762848	0.0032397408207343412	0.0023715415019762848	0.0014245014245014246	0.0018445322793148881	0.0023715415019762848	0.0013431013431013433	0.0017391304347826088	0.0023715415019762848	0.0018315018315018315	0.0023715415019762848	0.001187178472497032	0.0013431013431013433	0.0017391304347826088
