method	accuracy	balanced_accuracy	f1_micro	f1_macro	f1_weighted	precision_micro	precision_macro	precision_weighted	recall_micro	recall_macro	recall_weighted	jaccard_micro	jaccard_macro	jaccard_weighted
spingo	0.9873239436619718	0.9778855812516404	0.9873239436619718	0.9614904841618039	0.9898897124271302	0.9873239436619718	0.9677302792748652	0.9954015438786565	0.9873239436619718	0.9654284400891989	0.9873239436619718	0.9749652294853964	0.9523463027582384	0.9836226094022329
