metric	value
accuracy	0.9873239436619718
balanced_accuracy	0.9778855812516404
f1_micro	0.9873239436619718
f1_macro	0.9614904841618039
f1_weighted	0.9898897124271302
precision_micro	0.9873239436619718
precision_macro	0.9677302792748652
precision_weighted	0.9954015438786565
recall_micro	0.9873239436619718
recall_macro	0.9654284400891989
recall_weighted	0.9873239436619718
jaccard_micro	0.9749652294853964
jaccard_macro	0.9523463027582384
jaccard_weighted	0.9836226094022329
