metric	value
accuracy	0.8661971830985915
balanced_accuracy	0.8475079810762853
f1_micro	0.8661971830985915
f1_macro	0.820795969275389
f1_weighted	0.8793481044784277
precision_micro	0.8661971830985915
precision_macro	0.8456624726816414
precision_weighted	0.9170519426926202
recall_micro	0.8661971830985915
recall_macro	0.8158676831161042
recall_weighted	0.8661971830985915
jaccard_micro	0.7639751552795031
jaccard_macro	0.801702296512922
jaccard_weighted	0.8428184635716642
