method	accuracy	balanced_accuracy	f1_micro	f1_macro	f1_weighted	precision_micro	precision_macro	precision_weighted	recall_micro	recall_macro	recall_weighted	jaccard_micro	jaccard_macro	jaccard_weighted
spingo	0.8661971830985915	0.8475079810762853	0.8661971830985915	0.820795969275389	0.8793481044784277	0.8661971830985915	0.8456624726816414	0.9170519426926202	0.8661971830985915	0.8158676831161042	0.8661971830985915	0.7639751552795031	0.801702296512922	0.8428184635716642
