method	accuracy	balanced_accuracy	f1_micro	f1_macro	f1_weighted	precision_micro	precision_macro	precision_weighted	recall_micro	recall_macro	recall_weighted	jaccard_micro	jaccard_macro	jaccard_weighted
spingo	0.8647887323943662	0.8466505744017044	0.8647887323943662	0.8203249736043933	0.8785414463478258	0.8647887323943662	0.8455672345864034	0.916875886354592	0.8647887323943662	0.8150422862907074	0.8647887323943662	0.7617866004962779	0.8009615557721813	0.8415665073901305
