method	accuracy	balanced_accuracy	f1_micro	f1_macro	f1_weighted	precision_micro	precision_macro	precision_weighted	recall_micro	recall_macro	recall_weighted	jaccard_micro	jaccard_macro	jaccard_weighted
spingo	0.03028169014084507	0.04083570750237417	0.03028169014084507	0.02819124943617501	0.029342723004694832	0.03028169014084507	0.027852954442940916	0.028990610328638502	0.03028169014084507	0.029093369418132613	0.03028169014084507	0.015373614587057561	0.027852954442940916	0.028990610328638502
