method	accuracy	balanced_accuracy	f1_micro	f1_macro	f1_weighted	precision_micro	precision_macro	precision_weighted	recall_micro	recall_macro	recall_weighted	jaccard_micro	jaccard_macro	jaccard_weighted
spingo	0.03028169014084507	0.04083570750237417	0.03028169014084507	0.028323177612277137	0.029460093896713613	0.03028169014084507	0.027984653577070636	0.029107981220657275	0.03028169014084507	0.02911306702775897	0.03028169014084507	0.015373614587057561	0.027984653577070636	0.029107981220657275
