metric	value
accuracy	0.03028169014084507
balanced_accuracy	0.04083570750237417
f1_micro	0.03028169014084507
f1_macro	0.028323177612277137
f1_weighted	0.029460093896713613
precision_micro	0.03028169014084507
precision_macro	0.027984653577070636
precision_weighted	0.029107981220657275
recall_micro	0.03028169014084507
recall_macro	0.02911306702775897
recall_weighted	0.03028169014084507
jaccard_micro	0.015373614587057561
jaccard_macro	0.027984653577070636
jaccard_weighted	0.029107981220657275
