metric	value
accuracy	0.9995017128620367
balanced_accuracy	0.9987454022364541
f1_micro	0.9995017128620367
f1_macro	0.9890474408968779
f1_weighted	0.9997297598900365
precision_micro	0.9995017128620367
precision_macro	0.9897260273972602
precision_weighted	1.0
jaccard_micro	0.9990039220569009
jaccard_macro	0.9884843193367645
jaccard_weighted	0.9995017128620367
