metric	value
accuracy	0.9778262223606353
balanced_accuracy	0.9841301739549628
f1_micro	0.9778262223606353
f1_macro	0.9151895664968398
f1_weighted	0.9866447285615847
precision_micro	0.9778262223606353
precision_macro	0.9203675344563553
precision_weighted	0.9981937091248833
jaccard_micro	0.9566144659070136
jaccard_macro	0.9117898242614892
jaccard_weighted	0.9778262223606353
