metric	value
accuracy	0.9995017128620367
balanced_accuracy	0.9989005439005437
f1_micro	0.9995017128620367
f1_macro	0.9982001293324633
f1_weighted	0.9996725949326776
precision_micro	0.9995017128620367
precision_macro	0.9983484723369116
precision_weighted	0.9998754282155092
jaccard_micro	0.9990039220569009
jaccard_macro	0.9980756879600808
jaccard_weighted	0.9995017128620367
