method	accuracy	balanced_accuracy	f1_micro	f1_macro	f1_weighted	precision_micro	precision_macro	precision_weighted	recall_micro	recall_macro	recall_weighted	jaccard_micro	jaccard_macro	jaccard_weighted
hitac_filter_qiime	0.9995017128620367	0.9989005439005437	0.9995017128620367	0.9982001293324633	0.9996725949326776	0.9995017128620367	0.9983484723369116	0.9998754282155092	0.9995017128620367	0.9980756879600808	0.9995017128620367	0.9990039220569009	0.9980756879600808	0.9995017128620367
