method	accuracy	balanced_accuracy	f1_micro	f1_macro	f1_weighted	precision_micro	precision_macro	precision_weighted	recall_micro	recall_macro	recall_weighted	jaccard_micro	jaccard_macro	jaccard_weighted
hitac_filter_qiime	0.9778262223606353	0.9779506098667619	0.9778262223606353	0.9811726918258907	0.9824002255876225	0.9778262223606353	0.9875164257555847	0.9910308315166615	0.9778262223606353	0.9778221012452287	0.9778262223606353	0.9566144659070136	0.9778221012452287	0.9778262223606353
