method	accuracy	balanced_accuracy	f1_micro	f1_macro	f1_weighted	precision_micro	precision_macro	precision_weighted	recall_micro	recall_macro	recall_weighted	jaccard_micro	jaccard_macro	jaccard_weighted
sintax80	0.9953488372093023	0.9889890241741095	0.9953488372093023	0.9416682493062432	0.9973587068329693	0.9953488372093023	0.9472059779077323	0.9994800140364309	0.9953488372093023	0.9369369702702091	0.9953488372093023	0.9907407407407407	0.9367774985905032	0.9948383630056342
