metric	value
accuracy	0.8749354005167959
balanced_accuracy	0.7701831528583655
f1_micro	0.8749354005167957
f1_macro	0.7755387921910756
f1_weighted	0.902118493272306
precision_micro	0.8749354005167959
precision_macro	0.8298619032163337
precision_weighted	0.9561662116910634
recall_micro	0.8749354005167959
recall_macro	0.7604339990247152
recall_weighted	0.8749354005167959
jaccard_micro	0.7776757005052825
jaccard_macro	0.7412909042828344
jaccard_weighted	0.8654976106829182
