method	accuracy	balanced_accuracy	f1_micro	f1_macro	f1_weighted	precision_micro	precision_macro	precision_weighted	recall_micro	recall_macro	recall_weighted	jaccard_micro	jaccard_macro	jaccard_weighted
sintax80	0.8749354005167959	0.7701831528583655	0.8749354005167957	0.7755387921910756	0.902118493272306	0.8749354005167959	0.8298619032163337	0.9561662116910634	0.8749354005167959	0.7604339990247152	0.8749354005167959	0.7776757005052825	0.7412909042828344	0.8654976106829182
