method	accuracy	balanced_accuracy	f1_micro	f1_macro	f1_weighted	precision_micro	precision_macro	precision_weighted	recall_micro	recall_macro	recall_weighted	jaccard_micro	jaccard_macro	jaccard_weighted
sintax80	0.876485788113695	0.7712551946682834	0.876485788113695	0.77697687276925	0.9032601009678622	0.876485788113695	0.8305175345048763	0.9563957220601086	0.876485788113695	0.7614924706851406	0.876485788113695	0.7801287948482061	0.7427847449509611	0.8670921432140142
