method	accuracy	balanced_accuracy	f1_micro	f1_macro	f1_weighted	precision_micro	precision_macro	precision_weighted	recall_micro	recall_macro	recall_weighted	jaccard_micro	jaccard_macro	jaccard_weighted
sintax80	0.4408268733850129	0.34718268004655256	0.4408268733850129	0.33293925755037657	0.4592575946085644	0.4408268733850129	0.3660172862520709	0.5302219465665068	0.4408268733850129	0.3327833983856356	0.4408268733850129	0.28273118992376534	0.3116130588837654	0.4194958510789609
