method	accuracy	balanced_accuracy	f1_micro	f1_macro	f1_weighted	precision_micro	precision_macro	precision_weighted	recall_micro	recall_macro	recall_weighted	jaccard_micro	jaccard_macro	jaccard_weighted
sintax80	0.44237726098191216	0.34736779818781993	0.44237726098191216	0.3328362341744492	0.45990599920851344	0.44237726098191216	0.36305581611764726	0.5231217455903369	0.44237726098191216	0.3321954116003059	0.44237726098191216	0.2840079628400796	0.3117252081735335	0.42100713798460504
