metric	value
accuracy	0.44237726098191216
balanced_accuracy	0.34736779818781993
f1_micro	0.44237726098191216
f1_macro	0.3328362341744492
f1_weighted	0.45990599920851344
precision_micro	0.44237726098191216
precision_macro	0.36305581611764726
precision_weighted	0.5231217455903369
jaccard_micro	0.2840079628400796
jaccard_macro	0.3117252081735335
jaccard_weighted	0.42100713798460504
