method	accuracy	balanced_accuracy	f1_micro	f1_macro	f1_weighted	precision_micro	precision_macro	precision_weighted	recall_micro	recall_macro	recall_weighted	jaccard_micro	jaccard_macro	jaccard_weighted
sintax80	0.9710594315245478	0.896037790815064	0.9710594315245478	0.8775461526991334	0.9774895852639232	0.9710594315245478	0.8912364349550366	0.9854599742304303	0.9710594315245478	0.8671333459500618	0.9710594315245478	0.9437468608739327	0.8596821943943121	0.9645586696551003
