method	accuracy	balanced_accuracy	f1_micro	f1_macro	f1_weighted	precision_micro	precision_macro	precision_weighted	recall_micro	recall_macro	recall_weighted	jaccard_micro	jaccard_macro	jaccard_weighted
sintax80	0.9700258397932816	0.8958941126541443	0.9700258397932816	0.8775807652149765	0.9772248795716448	0.9700258397932816	0.8914872626790985	0.9860648352035084	0.9700258397932816	0.8669943025685266	0.9700258397932816	0.9417962870045158	0.8597179773248319	0.9639567450221679
