metric	value
accuracy	0.9700258397932816
balanced_accuracy	0.8958941126541443
f1_micro	0.9700258397932816
f1_macro	0.8775807652149765
f1_weighted	0.9772248795716448
precision_micro	0.9700258397932816
precision_macro	0.8914872626790985
precision_weighted	0.9860648352035084
recall_micro	0.9700258397932816
recall_macro	0.8669943025685266
recall_weighted	0.9700258397932816
jaccard_micro	0.9417962870045158
jaccard_macro	0.8597179773248319
jaccard_weighted	0.9639567450221679
