method	accuracy	balanced_accuracy	f1_micro	f1_macro	f1_weighted	precision_micro	precision_macro	precision_weighted	recall_micro	recall_macro	recall_weighted	jaccard_micro	jaccard_macro	jaccard_weighted
microclass	0.9994930291508238	0.9992412566686426	0.9994930291508238	0.9993428951239879	0.9994884283643526	0.9994930291508238	0.9995206788487356	0.9995223108738794	0.9994930291508238	0.9992412566686426	0.9994930291508238	0.9989865720800608	0.9987619355173782	0.9990153400247033
