metric	value
accuracy	0.9994930291508238
balanced_accuracy	0.9992412566686426
f1_micro	0.9994930291508238
f1_macro	0.9993428951239879
f1_weighted	0.9994884283643526
precision_micro	0.9994930291508238
precision_macro	0.9995206788487356
precision_weighted	0.9995223108738794
recall_micro	0.9994930291508238
recall_macro	0.9992412566686426
recall_weighted	0.9994930291508238
jaccard_micro	0.9989865720800608
jaccard_macro	0.9987619355173782
jaccard_weighted	0.9990153400247033
