method	accuracy	balanced_accuracy	f1_micro	f1_macro	f1_weighted	precision_micro	precision_macro	precision_weighted	recall_micro	recall_macro	recall_weighted	jaccard_micro	jaccard_macro	jaccard_weighted
microclass	0.9944233206590621	0.9945204917732723	0.9944233206590621	0.9896166343571253	0.9948140006983573	0.9944233206590621	0.9904026091344582	0.9958421697904782	0.9944233206590621	0.9897391432551316	0.9944233206590621	0.9889084950844467	0.9875305533679247	0.9911332105777916
