metric	value
accuracy	0.9944233206590621
balanced_accuracy	0.9945204917732723
f1_micro	0.9944233206590621
f1_macro	0.9896166343571253
f1_weighted	0.9948140006983573
precision_micro	0.9944233206590621
precision_macro	0.9904026091344582
precision_weighted	0.9958421697904782
recall_micro	0.9944233206590621
recall_macro	0.9897391432551316
recall_weighted	0.9944233206590621
jaccard_micro	0.9889084950844467
jaccard_macro	0.9875305533679247
jaccard_weighted	0.9911332105777916
