metric	value
accuracy	0.9997465145754119
balanced_accuracy	0.9997326203208555
f1_micro	0.9997465145754119
f1_macro	0.9998388028424432
f1_weighted	0.9997453375478638
precision_micro	0.9997465145754119
precision_macro	0.9999481731018398
precision_weighted	0.9997476312512912
recall_micro	0.9997465145754119
recall_macro	0.9997326203208555
recall_weighted	0.9997465145754119
jaccard_micro	0.9994931576279777
jaccard_macro	0.9996807934226956
jaccard_weighted	0.999494145826703
