metric	value
accuracy	0.7231939163498099
balanced_accuracy	0.7687250996015936
f1_micro	0.7231939163498099
f1_macro	0.6590355876212699
f1_weighted	0.7072219063854045
precision_micro	0.7231939163498099
precision_macro	0.6541510767439928
precision_weighted	0.7032402880881967
recall_micro	0.7231939163498099
recall_macro	0.6738089299077077
recall_weighted	0.7231939163498099
jaccard_micro	0.566408576533651
jaccard_macro	0.6515097974002937
jaccard_weighted	0.6971960689641298
