method	accuracy	balanced_accuracy	f1_micro	f1_macro	f1_weighted	precision_micro	precision_macro	precision_weighted	recall_micro	recall_macro	recall_weighted	jaccard_micro	jaccard_macro	jaccard_weighted
microclass	0.7231939163498099	0.7687250996015936	0.7231939163498099	0.6590355876212699	0.7072219063854045	0.7231939163498099	0.6541510767439928	0.7032402880881967	0.7231939163498099	0.6738089299077077	0.7231939163498099	0.566408576533651	0.6515097974002937	0.6971960689641298
