metric	value
accuracy	0.9999377141077546
balanced_accuracy	0.9999783268313827
f1_micro	0.9999377141077546
f1_macro	0.9999642284530549
f1_weighted	0.9999377272731207
precision_micro	0.9999377141077546
precision_macro	0.9999501743896363
precision_weighted	0.9999378072107327
jaccard_micro	0.9998754359740907
jaccard_macro	0.999928501221019
jaccard_weighted	0.9998755213184872
