method	accuracy	balanced_accuracy	f1_micro	f1_macro	f1_weighted	precision_micro	precision_macro	precision_weighted	recall_micro	recall_macro	recall_weighted	jaccard_micro	jaccard_macro	jaccard_weighted
q1	0.9999377141077546	0.9999783268313827	0.9999377141077546	0.9999642284530549	0.9999377272731207	0.9999377141077546	0.9999501743896363	0.9999378072107327	0.9999377141077546	0.9999783268313827	0.9999377141077546	0.9998754359740907	0.999928501221019	0.9998755213184872
