metric	value
accuracy	0.998318280909374
balanced_accuracy	0.9812389765759628
f1_micro	0.998318280909374
f1_macro	0.9774787646997228
f1_weighted	0.998196592779031
precision_micro	0.998318280909374
precision_macro	0.9772820308274457
precision_weighted	0.9981162460131663
recall_micro	0.998318280909374
recall_macro	0.9778553938981147
recall_weighted	0.998318280909374
jaccard_micro	0.9966422086805123
jaccard_macro	0.9758349824560163
jaccard_weighted	0.9968178523276764
