method	accuracy	balanced_accuracy	f1_micro	f1_macro	f1_weighted	precision_micro	precision_macro	precision_weighted	recall_micro	recall_macro	recall_weighted	jaccard_micro	jaccard_macro	jaccard_weighted
q1	0.998318280909374	0.9812389765759628	0.998318280909374	0.9774787646997228	0.998196592779031	0.998318280909374	0.9772820308274457	0.9981162460131663	0.998318280909374	0.9778553938981147	0.998318280909374	0.9966422086805123	0.9758349824560163	0.9968178523276764
