method	accuracy	balanced_accuracy	f1_micro	f1_macro	f1_weighted	precision_micro	precision_macro	precision_weighted	recall_micro	recall_macro	recall_weighted	jaccard_micro	jaccard_macro	jaccard_weighted
q1	0.9897228277795079	0.9550934243138051	0.9897228277795079	0.9549080118154923	0.9892258167202932	0.9897228277795079	0.9582977470468446	0.9895677695179723	0.9897228277795079	0.954304742708261	0.9897228277795079	0.9796547472256474	0.9468774884686539	0.9821052227012508
