metric	value
accuracy	0.9897228277795079
balanced_accuracy	0.9550934243138051
f1_micro	0.9897228277795079
f1_macro	0.9549080118154923
f1_weighted	0.9892258167202932
precision_micro	0.9897228277795079
precision_macro	0.9582977470468446
precision_weighted	0.9895677695179723
recall_micro	0.9897228277795079
recall_macro	0.954304742708261
recall_weighted	0.9897228277795079
jaccard_micro	0.9796547472256474
jaccard_macro	0.9468774884686539
jaccard_weighted	0.9821052227012508
