method	accuracy	balanced_accuracy	f1_micro	f1_macro	f1_weighted	precision_micro	precision_macro	precision_weighted	recall_micro	recall_macro	recall_weighted	jaccard_micro	jaccard_macro	jaccard_weighted
q1	0.9996262846465276	0.9898709603119209	0.9996262846465276	0.9798260402588015	0.9996273636534346	0.9996262846465276	0.9795130454680532	0.9996316235934655	0.9996262846465276	0.9801663430539609	0.9996262846465276	0.9992528485150364	0.979287536782719	0.9993206845723348
