metric	value
accuracy	0.9996262846465276
balanced_accuracy	0.9898709603119209
f1_micro	0.9996262846465276
f1_macro	0.9798260402588015
f1_weighted	0.9996273636534346
precision_micro	0.9996262846465276
precision_macro	0.9795130454680532
precision_weighted	0.9996316235934655
recall_micro	0.9996262846465276
recall_macro	0.9801663430539609
recall_weighted	0.9996262846465276
jaccard_micro	0.9992528485150364
jaccard_macro	0.979287536782719
jaccard_weighted	0.9993206845723348
