metric	value
accuracy	0.8371223917782622
balanced_accuracy	0.7371098761491717
f1_micro	0.8371223917782622
f1_macro	0.7228786240980821
f1_weighted	0.8198403931684217
precision_micro	0.8371223917782622
precision_macro	0.7241832790473774
precision_weighted	0.8204868420402194
jaccard_micro	0.7198714515265131
jaccard_macro	0.697963592032684
jaccard_weighted	0.7891406803296852
