method	accuracy	balanced_accuracy	f1_micro	f1_macro	f1_weighted	precision_micro	precision_macro	precision_weighted	recall_micro	recall_macro	recall_weighted	jaccard_micro	jaccard_macro	jaccard_weighted
q1	0.8371223917782622	0.7371098761491717	0.8371223917782622	0.7228786240980821	0.8198403931684217	0.8371223917782622	0.7241832790473774	0.8204868420402194	0.8371223917782622	0.7370130154558537	0.8371223917782622	0.7198714515265131	0.697963592032684	0.7891406803296852
