method	accuracy	balanced_accuracy	f1_micro	f1_macro	f1_weighted	precision_micro	precision_macro	precision_weighted	recall_micro	recall_macro	recall_weighted	jaccard_micro	jaccard_macro	jaccard_weighted
sintax50	0.9953488372093023	0.9889890241741095	0.9953488372093023	0.9414279383155492	0.9965894632792961	0.9953488372093023	0.946724609689361	0.9979391381994327	0.9953488372093023	0.9369369702702091	0.9953488372093023	0.9907407407407407	0.936304882521557	0.9933255030929449
