metric	value
accuracy	0.9953488372093023
balanced_accuracy	0.9889890241741095
f1_micro	0.9953488372093023
f1_macro	0.9414279383155492
f1_weighted	0.9965894632792961
precision_micro	0.9953488372093023
precision_macro	0.946724609689361
precision_weighted	0.9979391381994327
recall_micro	0.9953488372093023
recall_macro	0.9369369702702091
recall_weighted	0.9953488372093023
jaccard_micro	0.9907407407407407
jaccard_macro	0.936304882521557
jaccard_weighted	0.9933255030929449
