metric	value
accuracy	0.9250645994832042
balanced_accuracy	0.8631976692829173
f1_micro	0.9250645994832042
f1_macro	0.8284399856274808
f1_weighted	0.9336473037642024
precision_micro	0.9250645994832042
precision_macro	0.8513652964410544
precision_weighted	0.9594568624957073
recall_micro	0.9250645994832042
recall_macro	0.8312273852354021
recall_weighted	0.9250645994832042
jaccard_micro	0.8605769230769231
jaccard_macro	0.8027798771811395
jaccard_weighted	0.9046602073604445
