method	accuracy	balanced_accuracy	f1_micro	f1_macro	f1_weighted	precision_micro	precision_macro	precision_weighted	recall_micro	recall_macro	recall_weighted	jaccard_micro	jaccard_macro	jaccard_weighted
sintax50	0.9266149870801034	0.8643646123904756	0.9266149870801034	0.8290415423727326	0.9345590727228658	0.9266149870801034	0.8514242947196928	0.9596884327570882	0.9266149870801034	0.8323511082278654	0.9266149870801034	0.8632643235435724	0.8039423427497463	0.9064031612148502
