method	accuracy	balanced_accuracy	f1_micro	f1_macro	f1_weighted	precision_micro	precision_macro	precision_weighted	recall_micro	recall_macro	recall_weighted	jaccard_micro	jaccard_macro	jaccard_weighted
sintax50	0.9250645994832042	0.8631976692829173	0.9250645994832042	0.8284399856274808	0.9336473037642024	0.9250645994832042	0.8513652964410544	0.9594568624957073	0.9250645994832042	0.8312273852354021	0.9250645994832042	0.8605769230769231	0.8027798771811395	0.9046602073604445
