method	accuracy	balanced_accuracy	f1_micro	f1_macro	f1_weighted	precision_micro	precision_macro	precision_weighted	recall_micro	recall_macro	recall_weighted	jaccard_micro	jaccard_macro	jaccard_weighted
sintax50	0.5715762273901809	0.49166258313474503	0.5715762273901809	0.4237741189919193	0.5717953573307006	0.5715762273901809	0.4400517012138149	0.6174695240038027	0.5715762273901809	0.44270916576635055	0.5715762273901809	0.40014471780028943	0.3982859303683256	0.5269115984139504
