method	accuracy	balanced_accuracy	f1_micro	f1_macro	f1_weighted	precision_micro	precision_macro	precision_weighted	recall_micro	recall_macro	recall_weighted	jaccard_micro	jaccard_macro	jaccard_weighted
sintax50	0.5751937984496124	0.49403087456553646	0.5751937984496124	0.42736448500412644	0.5754528431907097	0.5751937984496124	0.44547584922629474	0.6166458514678639	0.5751937984496124	0.44580660264482247	0.5751937984496124	0.40369967355821545	0.40051672997702714	0.5300616991809348
