metric	value
accuracy	0.5715762273901809
balanced_accuracy	0.49166258313474503
f1_micro	0.5715762273901809
f1_macro	0.4237741189919193
f1_weighted	0.5717953573307006
precision_micro	0.5715762273901809
precision_macro	0.4400517012138149
precision_weighted	0.6174695240038027
jaccard_micro	0.40014471780028943
jaccard_macro	0.3982859303683256
jaccard_weighted	0.5269115984139504
