method	accuracy	balanced_accuracy	f1_micro	f1_macro	f1_weighted	precision_micro	precision_macro	precision_weighted	recall_micro	recall_macro	recall_weighted	jaccard_micro	jaccard_macro	jaccard_weighted
sintax50	0.9788113695090439	0.9403624453816539	0.9788113695090439	0.9145093991916969	0.9823432708912433	0.9788113695090439	0.9226247967513681	0.9871243609153367	0.9788113695090439	0.9100281729499877	0.9788113695090439	0.958502024291498	0.9017073186744405	0.9713910149963376
