method	accuracy	balanced_accuracy	f1_micro	f1_macro	f1_weighted	precision_micro	precision_macro	precision_weighted	recall_micro	recall_macro	recall_weighted	jaccard_micro	jaccard_macro	jaccard_weighted
sintax50	0.9782945736434109	0.9361957787149873	0.9782945736434109	0.9119848550121737	0.9818149193416581	0.9782945736434109	0.9222252036098395	0.9867018453765422	0.9782945736434109	0.9059959148854716	0.9782945736434109	0.9575113808801214	0.8972754674683958	0.9704517035919099
