metric	value
accuracy	0.9788113695090439
balanced_accuracy	0.9403624453816539
f1_micro	0.9788113695090439
f1_macro	0.9145093991916969
f1_weighted	0.9823432708912433
precision_micro	0.9788113695090439
precision_macro	0.9226247967513681
precision_weighted	0.9871243609153367
recall_micro	0.9788113695090439
recall_macro	0.9100281729499877
recall_weighted	0.9788113695090439
jaccard_micro	0.958502024291498
jaccard_macro	0.9017073186744405
jaccard_weighted	0.9713910149963376
