metric	value
accuracy	0.9952569169960475
balanced_accuracy	0.9887505849797547
f1_micro	0.9952569169960475
f1_macro	0.9848363595387226
f1_weighted	0.9952664863720494
precision_micro	0.9952569169960475
precision_macro	0.9835784821744153
precision_weighted	0.995478426532542
recall_micro	0.9952569169960475
recall_macro	0.9887505849797547
recall_weighted	0.9952569169960475
jaccard_micro	0.990558615263572
jaccard_macro	0.9723544185124394
jaccard_weighted	0.990775544971031
