method	accuracy	balanced_accuracy	f1_micro	f1_macro	f1_weighted	precision_micro	precision_macro	precision_weighted	recall_micro	recall_macro	recall_weighted	jaccard_micro	jaccard_macro	jaccard_weighted
rdp50	0.9762845849802372	0.9580543436710904	0.9762845849802372	0.92726331677025	0.9763588037093603	0.9762845849802372	0.9321509974288701	0.9820534425980414	0.9762845849802372	0.9326754206599357	0.9762845849802372	0.9536679536679536	0.9116926616970442	0.9627601239340369
