metric	value
accuracy	0.9762845849802372
balanced_accuracy	0.9580543436710904
f1_micro	0.9762845849802372
f1_macro	0.92726331677025
f1_weighted	0.9763588037093603
precision_micro	0.9762845849802372
precision_macro	0.9321509974288701
precision_weighted	0.9820534425980414
jaccard_micro	0.9536679536679536
jaccard_macro	0.9116926616970442
jaccard_weighted	0.9627601239340369
