method	accuracy	balanced_accuracy	f1_micro	f1_macro	f1_weighted	precision_micro	precision_macro	precision_weighted	recall_micro	recall_macro	recall_weighted	jaccard_micro	jaccard_macro	jaccard_weighted
rdp50	0.808695652173913	0.7576644040159044	0.808695652173913	0.6639416920087283	0.812392270020544	0.808695652173913	0.6735090382907027	0.8426123685425364	0.808695652173913	0.6793528377093511	0.808695652173913	0.6788321167883211	0.6411636798078515	0.7718176363659879
