metric	value
accuracy	0.808695652173913
balanced_accuracy	0.7576644040159044
f1_micro	0.808695652173913
f1_macro	0.6639416920087283
f1_weighted	0.812392270020544
precision_micro	0.808695652173913
precision_macro	0.6735090382907027
precision_weighted	0.8426123685425364
recall_micro	0.808695652173913
recall_macro	0.6793528377093511
recall_weighted	0.808695652173913
jaccard_micro	0.6788321167883211
jaccard_macro	0.6411636798078515
jaccard_weighted	0.7718176363659879
