method	accuracy	balanced_accuracy	f1_micro	f1_macro	f1_weighted	precision_micro	precision_macro	precision_weighted	recall_micro	recall_macro	recall_weighted	jaccard_micro	jaccard_macro	jaccard_weighted
rdp50	0.9897233201581027	0.9700498086818842	0.9897233201581027	0.9549136519495482	0.989666519393558	0.9897233201581027	0.9661977110950544	0.9913275460069074	0.9897233201581027	0.9517469821029807	0.9897233201581027	0.9796557120500783	0.9368241707198	0.981098785972679
