metric	value
accuracy	0.9897233201581027
balanced_accuracy	0.9700498086818842
f1_micro	0.9897233201581027
f1_macro	0.9549136519495482
f1_weighted	0.989666519393558
precision_micro	0.9897233201581027
precision_macro	0.9661977110950544
precision_weighted	0.9913275460069074
recall_micro	0.9897233201581027
recall_macro	0.9517469821029807
recall_weighted	0.9897233201581027
jaccard_micro	0.9796557120500783
jaccard_macro	0.9368241707198
jaccard_weighted	0.981098785972679
