method	accuracy	balanced_accuracy	f1_micro	f1_macro	f1_weighted	precision_micro	precision_macro	precision_weighted	recall_micro	recall_macro	recall_weighted	jaccard_micro	jaccard_macro	jaccard_weighted
rdp50	0.0015810276679841897	0.0021598272138228943	0.0015810276679841895	0.0011238480557428634	0.0013175230566534913	0.0015810276679841897	0.0010114632501685772	0.0011857707509881424	0.0015810276679841897	0.0013486176668914363	0.0015810276679841897	0.0007911392405063291	0.0010114632501685772	0.0011857707509881424
