method	accuracy	balanced_accuracy	f1_micro	f1_macro	f1_weighted	precision_micro	precision_macro	precision_weighted	recall_micro	recall_macro	recall_weighted	jaccard_micro	jaccard_macro	jaccard_weighted
ct1	0.9953488372093023	0.9889890241741095	0.9953488372093023	0.9378540014671575	0.9955910223377058	0.9953488372093023	0.9399574507118789	0.9959879057218607	0.9953488372093023	0.9369369702702091	0.9953488372093023	0.9907407407407407	0.9295562282358963	0.9914077033815792
