metric	value
accuracy	0.9953488372093023
balanced_accuracy	0.9889890241741095
f1_micro	0.9953488372093023
f1_macro	0.9378540014671575
f1_weighted	0.9955910223377058
precision_micro	0.9953488372093023
precision_macro	0.9399574507118789
precision_weighted	0.9959879057218607
jaccard_micro	0.9907407407407407
jaccard_macro	0.9295562282358963
jaccard_weighted	0.9914077033815792
