method	accuracy	balanced_accuracy	f1_micro	f1_macro	f1_weighted	precision_micro	precision_macro	precision_weighted	recall_micro	recall_macro	recall_weighted	jaccard_micro	jaccard_macro	jaccard_weighted
ct1	0.9333333333333333	0.877267994487047	0.9333333333333333	0.817253713158597	0.9322813437774791	0.9333333333333333	0.824116934857071	0.9463359967162681	0.9333333333333333	0.8344744337803617	0.9333333333333333	0.875	0.7883817588808244	0.8999995405103709
