metric	value
accuracy	0.9333333333333333
balanced_accuracy	0.877267994487047
f1_micro	0.9333333333333333
f1_macro	0.817253713158597
f1_weighted	0.9322813437774791
precision_micro	0.9333333333333333
precision_macro	0.824116934857071
precision_weighted	0.9463359967162681
jaccard_micro	0.875
jaccard_macro	0.7883817588808244
jaccard_weighted	0.8999995405103709
