metric	value
accuracy	0.6144702842377261
balanced_accuracy	0.5153490570034459
f1_micro	0.6144702842377261
f1_macro	0.383396305493393
f1_weighted	0.5994963579819006
precision_micro	0.6144702842377261
precision_macro	0.3845766686674568
precision_weighted	0.6171019920974686
recall_micro	0.6144702842377261
recall_macro	0.41547520874696425
recall_weighted	0.6144702842377261
jaccard_micro	0.44349123461395
jaccard_macro	0.35573152490704146
jaccard_weighted	0.5498560269180185
