method	accuracy	balanced_accuracy	f1_micro	f1_macro	f1_weighted	precision_micro	precision_macro	precision_weighted	recall_micro	recall_macro	recall_weighted	jaccard_micro	jaccard_macro	jaccard_weighted
ct1	0.6144702842377261	0.5153490570034459	0.6144702842377261	0.383396305493393	0.5994963579819006	0.6144702842377261	0.3845766686674568	0.6171019920974686	0.6144702842377261	0.41547520874696425	0.6144702842377261	0.44349123461395	0.35573152490704146	0.5498560269180185
