method	accuracy	balanced_accuracy	f1_micro	f1_macro	f1_weighted	precision_micro	precision_macro	precision_weighted	recall_micro	recall_macro	recall_weighted	jaccard_micro	jaccard_macro	jaccard_weighted
ct1	0.9788113695090439	0.9401796968436423	0.9788113695090439	0.9098791799922685	0.979502169980219	0.9788113695090439	0.9141842982394439	0.9816151428187219	0.9788113695090439	0.9098513195261054	0.9788113695090439	0.958502024291498	0.8932460906198706	0.9662643108634716
