metric	value
accuracy	0.9788113695090439
balanced_accuracy	0.9401796968436423
f1_micro	0.9788113695090439
f1_macro	0.9098791799922685
f1_weighted	0.979502169980219
precision_micro	0.9788113695090439
precision_macro	0.9141842982394439
precision_weighted	0.9816151428187219
jaccard_micro	0.958502024291498
jaccard_macro	0.8932460906198706
jaccard_weighted	0.9662643108634716
