method	accuracy	balanced_accuracy	f1_micro	f1_macro	f1_weighted	precision_micro	precision_macro	precision_weighted	recall_micro	recall_macro	recall_weighted	jaccard_micro	jaccard_macro	jaccard_weighted
hitac_standalone	0.9997465145754119	0.999407231772377	0.9997465145754119	0.9996716573342662	0.9997370449212415	0.9997465145754119	0.9999817208035534	0.9997476312512912	0.9997465145754119	0.999407231772377	0.9997465145754119	0.9994931576279777	0.9993889525759305	0.999494145826703
