method	accuracy	balanced_accuracy	f1_micro	f1_macro	f1_weighted	precision_micro	precision_macro	precision_weighted	recall_micro	recall_macro	recall_weighted	jaccard_micro	jaccard_macro	jaccard_weighted
hitac_standalone	0.9997465145754119	0.9997326203208555	0.9997465145754119	0.9998388028424432	0.9997453375478638	0.9997465145754119	0.9999481731018398	0.9997476312512912	0.9997465145754119	0.9997326203208555	0.9997465145754119	0.9994931576279777	0.9996807934226956	0.999494145826703
