method	accuracy	balanced_accuracy	f1_micro	f1_macro	f1_weighted	precision_micro	precision_macro	precision_weighted	recall_micro	recall_macro	recall_weighted	jaccard_micro	jaccard_macro	jaccard_weighted
hitac_standalone	0.7297845373891001	0.7760529311326124	0.7297845373891001	0.6646843076000422	0.7165072091688062	0.7297845373891001	0.6611576688012183	0.7159041986038184	0.7297845373891001	0.6778647775292072	0.7297845373891001	0.5745360207543404	0.6568814633318735	0.7056472931377874
