method	precision	recall	f1
hitac_filter_qiime	0.9830278854476349	0.9459351801557124	0.9641248985015133
