metric	value
precision	0.8191709378652999
recall	0.6725729051310446
f1	0.7386686126652071
