method	precision	recall	f1
hitac_filter_qiime	0.9466164436939862	0.8230378317334839	0.8805122628971849
