metric	value
precision	0.8294583712170411
recall	0.7211744776962168
f1	0.7715355805243446
