metric	value
precision	0.93711467324291
recall	0.8410462776659959
f1	0.8864853401198238
