method	precision	recall	f1
hitac_filter_qiime	0.93711467324291	0.8410462776659959	0.8864853401198238
