metric	value
precision	0.8403766393902029
recall	0.754225352112676
f1	0.7949737553682202
