metric	value
precision	0.9968220244418458
recall	0.9935934510833296
f1	0.9952051192927106
