metric	value
precision	0.9466164436939862
recall	0.8230378317334839
f1	0.8805122628971849
