metric	value
precision	1.0
recall	0.9967611336032388
f1	0.9983779399837793
