method	precision	recall	f1
hitac_filter_qiime	0.9605251326319576	0.7886304909560724	0.8661315170680288
