metric	value
precision	0.945659127685997
recall	0.9099764620677169
f1	0.9274747176496643
