method	precision	recall	f1
q1	0.8243410724613732	0.7365817644887412	0.7779943855271367
