metric	value
precision	0.8603497164461248
recall	0.822360248447205
f1	0.8409261504705815
