method	precision	recall	f1
q1	0.8730991085474568	0.8375251509054326	0.8549422336328627
