metric	value
precision	0.8243410724613732
recall	0.7365817644887412
f1	0.7779943855271367
