method	precision	recall	f1
q1	0.9483784814956123	0.9001267427122941	0.9236228518346494
