method	precision	recall	f1
q1	0.987188381249268	0.9749610713173467	0.9810366284951966
