metric	value
precision	0.8730991085474568
recall	0.8375251509054326
f1	0.8549422336328627
