method	precision	recall	f1
q1	0.8603497164461248	0.822360248447205	0.8409261504705815
