metric	value
precision	0.9483784814956123
recall	0.9001267427122941
f1	0.9236228518346494
