metric	value
precision	0.987188381249268
recall	0.9749610713173467
f1	0.9810366284951966
