method	accuracy	balanced_accuracy	f1_micro	f1_macro	f1_weighted	precision_micro	precision_macro	precision_weighted	recall_micro	recall_macro	recall_weighted	jaccard_micro	jaccard_macro	jaccard_weighted
ktop	0.9992395437262357	0.9992077939461156	0.9992395437262357	0.9993034218299204	0.999235122394502	0.9992395437262357	0.999475576918373	0.9992715807256457	0.9992395437262357	0.9992077939461156	0.9992395437262357	0.9984802431610942	0.9986833708644884	0.9985111244518815
