metric	value
accuracy	0.9936628643852978
balanced_accuracy	0.9942382420852255
f1_micro	0.9936628643852978
f1_macro	0.9881945252042657
f1_weighted	0.9942642925631182
precision_micro	0.9936628643852978
precision_macro	0.9890018424196603
precision_weighted	0.9955014276124435
jaccard_micro	0.9874055415617129
jaccard_macro	0.9859600289105426
jaccard_weighted	0.9902243862016288
