method	accuracy	balanced_accuracy	f1_micro	f1_macro	f1_weighted	precision_micro	precision_macro	precision_weighted	recall_micro	recall_macro	recall_weighted	jaccard_micro	jaccard_macro	jaccard_weighted
ktop	0.9936628643852978	0.9942382420852255	0.9936628643852978	0.9881945252042657	0.9942642925631182	0.9936628643852978	0.9890018424196603	0.9955014276124435	0.9936628643852978	0.9882704255060825	0.9936628643852978	0.9874055415617129	0.9859600289105426	0.9902243862016288
