method	accuracy	balanced_accuracy	f1_micro	f1_macro	f1_weighted	precision_micro	precision_macro	precision_weighted	recall_micro	recall_macro	recall_weighted	jaccard_micro	jaccard_macro	jaccard_weighted
ktop	0.9994930291508238	0.9996503496503496	0.9994930291508238	0.9997632237386213	0.9994917769242853	0.9994930291508238	0.9998797736490355	0.9994956195791715	0.9994930291508238	0.9996503496503496	0.9994930291508238	0.9989865720800608	0.9995301232993852	0.9989886487299954
