method	accuracy	balanced_accuracy	f1_micro	f1_macro	f1_weighted	precision_micro	precision_macro	precision_weighted	recall_micro	recall_macro	recall_weighted	jaccard_micro	jaccard_macro	jaccard_weighted
ktop	0.7163498098859316	0.763469929804591	0.7163498098859314	0.6538754688343319	0.7006169073849683	0.7163498098859316	0.648868389706086	0.6970334158166859	0.7163498098859316	0.6688689437380536	0.7163498098859316	0.5580568720379147	0.6455774398182775	0.6895724948196431
