metric	value
accuracy	0.7163498098859316
balanced_accuracy	0.763469929804591
f1_micro	0.7163498098859314
f1_macro	0.6538754688343319
f1_weighted	0.7006169073849683
precision_micro	0.7163498098859316
precision_macro	0.648868389706086
precision_weighted	0.6970334158166859
recall_micro	0.7163498098859316
recall_macro	0.6688689437380536
recall_weighted	0.7163498098859316
jaccard_micro	0.5580568720379147
jaccard_macro	0.6455774398182775
jaccard_weighted	0.6895724948196431
